Código;Descrição;Exige Retenção?;Exige Receita Extra?
100000000;ATIVO;Não;Não
110000000;ATIVO CIRCULANTE;Não;Não
111000000;CAIXA E EQUIVALENTES DE CAIXA;Não;Não
111100000;CAIXA E EQUIVALENTES DE CAIXA EM MOEDA NACIONAL;Não;Não
111110000;CAIXA E EQUIVALENTES DE CAIXA EM MOEDA NACIONAL - CONSOLIDAÇÃO;Não;Não
111110100;CAIXA;Não;Não
111110200;CONTA ÚNICA;Não;Não
111110600;CONTA ÚNICA RPPS;Não;Não
111110602;BANCOS CONTA MOVIMENTO - FUNDO EM REPARTIÇÃO;Não;Não
111110603;BANCOS CONTA MOVIMENTO - FUNDO EM CAPITALIZAÇÃO;Não;Não
111110604;BANCOS CONTA MOVIMENTO - TAXA DE ADMINISTRAÇÃO;Não;Não
111111900;BANCOS CONTA MOVIMENTO - DEMAIS CONTAS;Não;Não
111113000;REDE BANCARIA - ARRECADAÇÃO;Não;Não
111115000;APLICAÇÕES FINANCEIRAS DE LIQUIDEZ IMEDIATA - USO GERAL;Não;Não
111115100;APLICAÇÕES FINANCEIRAS DE LIQUIDEZ IMEDIATA- RPPS - FUNDO EM REPARTIÇÃO;Não;Não
111115200;APLICAÇÕES FINANCEIRAS DE LIQUIDEZ IMEDIATA - RPPS - TAXA DE ADMINISTRAÇÃO;Não;Não
111115300;APLICAÇÕES FINANCEIRAS DE LIQUIDEZ IMEDIATA- RPPS - FUNDO EM CAPITALIZAÇÃO;Não;Não
111120000;CAIXA E EQUIVALENTES DE CAIXA EM MOEDA NACIONAL - INTRA OFSS;Não;Não
111200000;CAIXA E EQUIVALENTES DE CAIXA EM MOEDA ESTRANGEIRA;Não;Não
111210000;CAIXA E EQUIVALENTES DE CAIXA EM MOEDA ESTRANGEIRA - CONSOLIDAÇÃO;Não;Não
111210100;CAIXA;Não;Não
111210200;BANCOS;Não;Não
111210300;APLICAÇÕES FINANCEIRAS DE LIQUIDEZ IMEDIATA;Não;Não
111300000;CAIXA E EQUIVALENTES DE CAIXA - VALORES RESTITUÍVEIS E VINCULADOS;Não;Não
111310000;DEPÓSITOS RESTITUÍVEIS E VALORES VINCULADOS - CONSOLIDAÇÃO;Não;Não
111310100;DEPÓSITOS CONSIGNADOS;Não;Não
111310200;GARANTIAS;Não;Não
111310300;DEPÓSITOS JUDICIAIS;Não;Não
111310400;DEPÓSITOS NÃO JUDICIAIS;Não;Não
111310500;PRECATÓRIOS;Não;Não
111310600;OUTROS VALORES RESTITUÍVEIS;Não;Não
111320000;VALORES RESTITUÍVEIS - INTRA OFSS;Não;Não
111320100;CONSIGNAÇÕES;Não;Não
111320101;RPPS - RETENÇÕES SOBRE VENCIMENTOS E VANTAGENS;Não;Não
111320102;OUTRAS CONSIGNAÇÕES;Não;Não
111330000;VALORES RESTITUÍVEIS - INTER OFSS - UNIÃO;Não;Não
111340000;VALORES RESTITUÍVEIS - INTER OFSS - ESTADO;Não;Não
111350000;VALORES RESTITUÍVEIS - INTER OFSS - MUNICÍPIO;Não;Não
112000000;CRÉDITOS A CURTO PRAZO;Não;Não
112100000;CRÉDITOS TRIBUTÁRIOS A RECEBER;Não;Não
112110000;CRÉDITOS TRIBUTÁRIOS A RECEBER - CONSOLIDAÇÃO;Não;Não
112110100;IMPOSTOS;Não;Não
112110101;IMPOSTO SOBRE A RENDA E PROVENTOS DE QUALQUER NATUREZA;Não;Não
112110102;IPVA;Não;Não
112110103;ITCMD;Não;Não
112110104;ICMS;Não;Não
112110105;IPTU;Não;Não
112110106;ITBI;Não;Não
112110107;ISS;Não;Não
112110108;ITR;Não;Não
112110199;OUTROS IMPOSTOS A RECEBER;Não;Não
112110200;TAXAS;Não;Não
112110201;TAXAS PELO EXERCÍCIO DO PODER DE POLÍCIA;Não;Não
112110202;TAXAS PELA PRESTAÇÃO DE SERVIÇOS;Não;Não
112110300;CONTRIBUIÇÕES DE MELHORIA;Não;Não
112110301;CONTRIBUIÇÕES DE MELHORIA;Não;Não
112110400;DEMAIS CONTRIBUIÇÕES;Não;Não
112110401;CONTRIBUIÇÃO PARA O CUSTEIO DO SERVIÇO DE ILUMINAÇÃO PÚBLICA;Não;Não
112110500;CONTRIBUIÇÕES PREVIDENCIÁRIAS A RECEBER;Não;Não
112110502;CONTRIBUIÇÕES DO RGPS A RECEBER;Não;Não
112110599;OUTRAS CONTRIBUIÇÕES PREVIDENCIÁRIAS A RECEBER;Não;Não
112117000;CRÉDITOS TRIBUTARIOS PARCELADOS;Não;Não
112117100;CRÉDITOS PREVIDENCIÁRIOS PARCELADOS;Não;Não
112119900;OUTROS CRÉDITOS TRIBUTÁRIOS A RECEBER;Não;Não
112120000;CRÉDITOS TRIBUTÁRIOS A RECEBER - INTRA OFSS;Não;Não
112120100;IMPOSTOS;Não;Não
112120101;IMPOSTO SOBRE A RENDA E PROVENTOS DE QUALQUER NATUREZA;Não;Não
112120102;IPVA;Não;Não
112120103;ITCMD;Não;Não
112120104;ICMS;Não;Não
112120105;IPTU;Não;Não
112120106;ITBI;Não;Não
112120107;ISS;Não;Não
112120108;ITR;Não;Não
112120199;OUTROS IMPOSTOS A RECEBER;Não;Não
112120200;TAXAS;Não;Não
112120201;TAXAS PELO EXERCÍCIO DO PODER DE POLÍCIA;Não;Não
112120202;TAXAS PELA PRESTAÇÃO DE SERVIÇOS;Não;Não
112120300;CONTRIBUIÇÕES DE MELHORIA;Não;Não
112120301;CONTRIBUIÇÕES DE MELHORIA;Não;Não
112120400;DEMAIS CONTRIBUIÇÕES;Não;Não
112120401;CONTRIBUIÇÃO PARA O CUSTEIO DO SERVIÇO DE ILUMINAÇÃO PÚBLICA;Não;Não
112120500;CONTRIBUIÇÕES PREVIDENCIÁRIAS A RECEBER;Não;Não
112120502;CONTRIBUIÇÕES DO RGPS A RECEBER;Não;Não
112120599;OUTRAS CONTRIBUIÇÕES PREVIDENCIÁRIAS A RECEBER;Não;Não
112127000;CRÉDITOS TRIBUTARIOS PARCELADOS;Não;Não
112127100;CRÉDITOS PREVIDENCIÁRIOS PARCELADOS;Não;Não
112129900;OUTROS CRÉDITOS TRIBUTÁRIOS A RECEBER;Não;Não
112130000;CRÉDITOS TRIBUTÁRIOS A RECEBER - INTER OFSS - UNIÃO;Não;Não
112130100;IMPOSTOS;Não;Não
112130101;IMPOSTO SOBRE A RENDA E PROVENTOS DE QUALQUER NATUREZA;Não;Não
112130102;IPVA;Não;Não
112130103;ITCMD;Não;Não
112130104;ICMS;Não;Não
112130105;IPTU;Não;Não
112130106;ITBI;Não;Não
112130107;ISS;Não;Não
112130108;ITR;Não;Não
112130199;OUTROS IMPOSTOS A RECEBER;Não;Não
112130200;TAXAS;Não;Não
112130201;TAXAS PELO EXERCÍCIO DO PODER DE POLÍCIA;Não;Não
112130202;TAXAS PELA PRESTAÇÃO DE SERVIÇOS;Não;Não
112130300;CONTRIBUIÇÕES DE MELHORIA;Não;Não
112130301;CONTRIBUIÇÕES DE MELHORIA;Não;Não
112130400;DEMAIS CONTRIBUIÇÕES;Não;Não
112130401;CONTRIBUIÇÃO PARA O CUSTEIO DO SERVIÇO DE ILUMINAÇÃO PÚBLICA;Não;Não
112130500;CONTRIBUIÇÕES PREVIDENCIÁRIAS A RECEBER;Não;Não
112130599;OUTRAS CONTRIBUIÇÕES PREVIDENCIÁRIAS A RECEBER;Não;Não
112137000;CRÉDITOS TRIBUTARIOS PARCELADOS;Não;Não
112137100;CRÉDITOS PREVIDENCIÁRIOS PARCELADOS;Não;Não
112139900;OUTROS CRÉDITOS TRIBUTÁRIOS A RECEBER;Não;Não
112140000;CRÉDITOS TRIBUTÁRIOS A RECEBER - INTER OFSS - ESTADO;Não;Não
112140100;IMPOSTOS;Não;Não
112140101;IMPOSTO SOBRE A RENDA E PROVENTOS DE QUALQUER NATUREZA;Não;Não
112140102;IPVA;Não;Não
112140103;ITCMD;Não;Não
112140104;ICMS;Não;Não
112140105;IPTU;Não;Não
112140106;ITBI;Não;Não
112140107;ISS;Não;Não
112140108;ITR;Não;Não
112140199;OUTROS IMPOSTOS A RECEBER;Não;Não
112140200;TAXAS;Não;Não
112140201;TAXAS PELO EXERCÍCIO DO PODER DE POLÍCIA;Não;Não
112140202;TAXAS PELA PRESTAÇÃO DE SERVIÇOS;Não;Não
112140300;CONTRIBUIÇÕES DE MELHORIA;Não;Não
112140301;CONTRIBUIÇÕES DE MELHORIA;Não;Não
112140400;DEMAIS CONTRIBUIÇÕES;Não;Não
112140401;CONTRIBUIÇÃO PARA O CUSTEIO DO SERVIÇO DE ILUMINAÇÃO PÚBLICA;Não;Não
112140500;CONTRIBUIÇÕES PREVIDENCIÁRIAS A RECEBER;Não;Não
112140599;OUTRAS CONTRIBUIÇÕES PREVIDENCIÁRIAS A RECEBER;Não;Não
112147000;CRÉDITOS TRIBUTARIOS PARCELADOS;Não;Não
112147100;CRÉDITOS PREVIDENCIÁRIOS PARCELADOS;Não;Não
112149900;OUTROS CRÉDITOS TRIBUTÁRIOS A RECEBER;Não;Não
112150000;CRÉDITOS TRIBUTÁRIOS A RECEBER - INTER OFSS - MUNICÍPIO;Não;Não
112150100;IMPOSTOS;Não;Não
112150101;IMPOSTO SOBRE A RENDA E PROVENTOS DE QUALQUER NATUREZA;Não;Não
112150102;IPVA;Não;Não
112150103;ITCMD;Não;Não
112150104;ICMS;Não;Não
112150105;IPTU;Não;Não
112150106;ITBI;Não;Não
112150107;ISS;Não;Não
112150108;ITR;Não;Não
112150199;OUTROS IMPOSTOS A RECEBER;Não;Não
112150200;TAXAS;Não;Não
112150201;TAXAS PELO EXERCÍCIO DO PODER DE POLÍCIA;Não;Não
112150202;TAXAS PELA PRESTAÇÃO DE SERVIÇOS;Não;Não
112150300;CONTRIBUIÇÕES DE MELHORIA;Não;Não
112150301;CONTRIBUIÇÕES DE MELHORIA;Não;Não
112150400;DEMAIS CONTRIBUIÇÕES;Não;Não
112150401;CONTRIBUIÇÃO PARA O CUSTEIO DO SERVIÇO DE ILUMINAÇÃO PÚBLICA;Não;Não
112150500;CONTRIBUIÇÕES PREVIDENCIÁRIAS A RECEBER;Não;Não
112150599;OUTRAS CONTRIBUIÇÕES PREVIDENCIÁRIAS A RECEBER;Não;Não
112157000;CRÉDITOS TRIBUTARIOS PARCELADOS;Não;Não
112157100;CRÉDITOS PREVIDENCIÁRIOS PARCELADOS;Não;Não
112159900;OUTROS CRÉDITOS TRIBUTÁRIOS A RECEBER;Não;Não
112200000;CLIENTES;Não;Não
112210000;CLIENTES - CONSOLIDAÇÃO;Não;Não
112210100;FATURAS/DUPLICATAS A RECEBER;Não;Não
112210300;FATURAS/DUPLICATAS A RECEBER VENCIDAS;Não;Não
112220000;CLIENTES - INTRA OFSS;Não;Não
112220100;FATURAS/DUPLICATAS A RECEBER;Não;Não
112220300;FATURAS/DUPLICATAS A RECEBER VENCIDAS;Não;Não
112230000;CLIENTES - INTER OFSS - UNIÃO;Não;Não
112230100;FATURAS/DUPLICATAS A RECEBER;Não;Não
112230300;FATURAS/DUPLICATAS A RECEBER VENCIDAS;Não;Não
112240000;CLIENTES - INTER OFSS - ESTADO;Não;Não
112240100;FATURAS/DUPLICATAS A RECEBER;Não;Não
112240300;FATURAS/DUPLICATAS A RECEBER VENCIDAS;Não;Não
112250000;CLIENTES - INTER OFSS - MUNICÍPIO;Não;Não
112250100;FATURAS/DUPLICATAS A RECEBER;Não;Não
112250300;FATURAS/DUPLICATAS A RECEBER VENCIDAS;Não;Não
112300000;CRÉDITOS DE TRANSFERÊNCIAS A RECEBER;Não;Não
112310000;CRÉDITOS DE TRANSFERÊNCIAS A RECEBER - CONSOLIDAÇÃO;Não;Não
112310100;CRÉDITOS DECORRENTES DE TRANSFERÊNCIAS DE INSTITUIÇÕES PRIVADAS;Não;Não
112310200;CRÉDITOS DE CONSÓRCIOS PÚBLICOS DECORRENTES DE CONTRATO DE RATEIO;Não;Não
112319900;OUTROS CRÉDITOS DE TRANSFERÊNCIAS A RECEBER;Não;Não
112320000;CRÉDITOS DE TRANSFERÊNCIAS A RECEBER - INTRA OFSS;Não;Não
112330000;CRÉDITOS DE TRANSFERÊNCIAS A RECEBER - INTER OFSS - UNIÃO;Não;Não
112330100;CRÉDITOS DECORRENTES DA PARTICIPAÇÃO NAS RECEITAS DA UNIÃO;Não;Não
112330101;COTA-PARTE DO FPE;Não;Não
112330102;COTA-PARTE DO FPM;Não;Não
112330103;COTA-PARTE DO IMPOSTO SOBRE A PROPRIEDADE TERRITORIAL RURAL;Não;Não
112330104;COTA-PARTE DO IPI - ESTADOS EXPORTADORES DE PRODUTOS INDUSTRIALIZADOS;Não;Não
112330105;COTA-PARTE DA CIDE;Não;Não
112330200;CRÉDITOS DECORRENTES DE TRANSFERÊNCIAS PELA EXPLORAÇÃO DE RECURSOS NATURAIS;Não;Não
112330201;COTA-PARTE DA COMPENSAÇÃO FINANCEIRA PELA UTILIZAÇÃO DE RECUROS HÍDRICOS;Não;Não
112330202;COTA-PARTE DA COMPENSAÇÃO FINANCEIRA PELA UTILIZAÇÃO DE RECURSOS MINERAIS;Não;Não
112330203;COTA-PARTE DO VALOR DO PETRÓLEO BRUTO DE PRODUÇÃO NACIONAL;Não;Não
112330300;CRÉDITOS DECORRENTES DE TRANSFERÊNCIA DO SUS;Não;Não
112330400;CRÉDITOS DECORRENTES DO FNAS;Não;Não
112330500;CRÉDITOS DECORRENTES DE TRANSFERÊNCIA DO FNDE;Não;Não
112330501;COTA-PARTE DO SALÁRIO-EDUCAÇÃO;Não;Não
112330600;CRÉDITOS DECORRENTES DAS TRANSFERÊNCIAS DO ICMS - DESONERAÇÃO - LC 87/96;Não;Não
112330601;TRANSFERÊNCIA FINANCEIRA DO ICMS - DESONERAÇÃO - LC 87/96;Não;Não
112330700;CRÉDITOS DECORRENTES DE TRANSFERÊNCIAS MULTIGOVERNAMENTAIS;Não;Não
112330701;FUNDEB;Não;Não
112330799;OUTROS RECURSOS DO FNDE;Não;Não
112330800;CRÉDITOS DECORRENTES DE TRANSFERÊNCIAS DE CONVÊNIOS;Não;Não
112339900;CRÉDITOS DECORRENTES DE OUTRAS TRANSFERÊNCIAS;Não;Não
112340000;CRÉDITOS DE TRANSFERÊNCIAS A RECEBER - INTER OFSS - ESTADO;Não;Não
112340100;CRÉDITOS DECORRENTES DA PARTICIPAÇÃO NAS RECEITAS DOS ESTADOS;Não;Não
112340101;COTA-PARTE DO ICMS;Não;Não
112340102;COTA-PARTE DO IPVA;Não;Não
112340199;OUTROS CRÉDITOS DECORRENTES DA PARTICIPAÇÃO NAS RECEITAS DOS ESTADOS;Não;Não
112340300;CRÉDITOS DECORRENTES DE TRANSFERÊNCIA DO SUS;Não;Não
112340700;CRÉDITOS DECORRENTES DE TRANSFERÊNCIAS MULTIGOVERNAMENTAIS;Não;Não
112340701;FUNDEB;Não;Não
112340799;OUTROS RECURSOS DO FNDE;Não;Não
112340800;CRÉDITOS DECORRENTES DE TRANSFERÊNCIAS DE CONVÊNIOS;Não;Não
112349900;OUTROS CRÉDITOS DE TRANSFERÊNCIAS A RECEBER;Não;Não
112350000;CRÉDITOS DE TRANSFERÊNCIAS A RECEBER - INTER OFSS - MUNICÍPIO;Não;Não
112400000;EMPRÉSTIMOS E FINANCIAMENTOS CONCEDIDOS;Não;Não
112410000;EMPRÉSTIMOS E FINANCIAMENTOS CONCEDIDOS - CONSOLIDAÇÃO;Não;Não
112410100;EMPRÉSTIMOS CONCEDIDOS;Não;Não
112410101;DEVEDORES POR EMPRÉSTIMOS CONCEDIDOS;Não;Não
112410200;FINANCIAMENTOS CONCEDIDOS;Não;Não
112410201;DEVEDORES POR FINANCIAMENTOS CONCEDIDOS;Não;Não
112410300;JUROS E ENCARGOS SOBRE EMPRÉSTIMOS E FINANCIAMENTOS CONCEDIDOS A RECEBER;Não;Não
112410301;JUROS E ENCARGOS SOBRE EMPRÉSTIMOS CONCEDIDOS A RECEBER;Não;Não
112410302;JUROS E ENCARGOS SOBRE FINANCIAMENTOS CONCEDIDOS A RECEBER;Não;Não
112410700;EMPRÉSTIMOS E FINANCIAMENTOS CONCEDIDOS COM RECURSOS PREVIDENCIÁRIOS;Não;Não
112410701;EMPRÉSTIMOS A RECEBER - RPPS - FUNDO EM CAPITALIZAÇÃO;Não;Não
112410702;FINANCIAMENTOS A RECEBER - RPPS - FUNDO EM CAPITALIZAÇÃO;Não;Não
112410703;JUROS E ENCARGOS SOBRE EMPRÉSTIMOS A RECEBER - RPPS - FUNDO EM CAPITALIZAÇÃO;Não;Não
112410704;JUROS E ENCARGOS SOBRE FINANCIAMENTOS A RECEBER - RPPS - FUNDO EM CAPITALIZAÇÃO;Não;Não
112410705;EMPRÉSTIMOS A RECEBER - RPPS - FUNDO EM REPARTIÇÃO;Não;Não
112410706;FINANCIAMENTOS A RECEBER - RPPS - FUNDO EM REPARTIÇÃO;Não;Não
112410707;JUROS E ENCARGOS SOBRE EMPRÉSTIMOS A RECEBER - RPPS - FUNDO EM REPARTIÇÃO;Não;Não
112410708;JUROS E ENCARGOS SOBRE FINANCIAMENTOS A RECEBER - RPPS -FUNDO EM REPARTIÇÃO;Não;Não
112419900;OUTROS - EMPRESTIMOS E FINANCIAMENTOS CONCEDIDOS;Não;Não
112420000;EMPRÉSTIMOS E FINANCIAMENTOS CONCEDIDOS - INTRA OFSS;Não;Não
112420100;EMPRÉSTIMOS CONCEDIDOS;Não;Não
112420101;DEVEDORES POR EMPRÉSTIMOS CONCEDIDOS;Não;Não
112420200;FINANCIAMENTOS CONCEDIDOS;Não;Não
112420201;DEVEDORES POR FINANCIAMENTOS CONCEDIDOS;Não;Não
112420300;JUROS E ENCARGOS SOBRE EMPRÉSTIMOS E FINANCIAMENTOS CONCEDIDOS A RECEBER;Não;Não
112420301;JUROS E ENCARGOS SOBRE EMPRÉSTIMOS CONCEDIDOS A RECEBER;Não;Não
112420302;JUROS E ENCARGOS SOBRE FINANCIAMENTOS CONCEDIDOS A RECEBER;Não;Não
112420700;EMPRÉSTIMOS E FINANCIAMENTOS CONCEDIDOS COM RECURSOS PREVIDENCIÁRIOS;Não;Não
112420701;EMPRÉSTIMOS A RECEBER - RPPS;Não;Não
112420702;FINANCIAMENTOS A RECEBER - RPPS;Não;Não
112420703;JUROS E ENCARGOS SOBRE EMPRÉSTIMOS A RECEBER - RPPS;Não;Não
112420704;JUROS E ENCARGOS SOBRE FINANCIAMENTOS A RECEBER - RPPS;Não;Não
112429900;OUTROS - EMPRESTIMOS E FINANCIAMENTOS CONCEDIDOS;Não;Não
112430000;EMPRÉSTIMOS E FINANCIAMENTOS CONCEDIDOS-INTER OFSS - UNIÃO;Não;Não
112430100;EMPRÉSTIMOS CONCEDIDOS;Não;Não
112430101;DEVEDORES POR EMPRÉSTIMOS CONCEDIDOS;Não;Não
112430200;FINANCIAMENTOS CONCEDIDOS;Não;Não
112430201;DEVEDORES POR FINANCIAMENTOS CONCEDIDOS;Não;Não
112430300;JUROS E ENCARGOS SOBRE EMPRÉSTIMOS E FINANCIAMENTOS CONCEDIDOS A RECEBER;Não;Não
112430301;JUROS E ENCARGOS SOBRE EMPRÉSTIMOS CONCEDIDOS A RECEBER;Não;Não
112430302;JUROS E ENCARGOS SOBRE FINANCIAMENTOS CONCEDIDOS A RECEBER;Não;Não
112430700;EMPRÉSTIMOS E FINANCIAMENTOS CONCEDIDOS COM RECURSOS PREVIDENCIÁRIOS;Não;Não
112430701;EMPRÉSTIMOS A RECEBER - RPPS;Não;Não
112430702;FINANCIAMENTOS A RECEBER - RPPS;Não;Não
112430703;JUROS E ENCARGOS SOBRE EMPRÉSTIMOS A RECEBER - RPPS;Não;Não
112430704;JUROS E ENCARGOS SOBRE FINANCIAMENTOS A RECEBER - RPPS;Não;Não
112439900;OUTROS - EMPRESTIMOS E FINANCIAMENTOS CONCEDIDOS;Não;Não
112440000;EMPRÉSTIMOS E FINANCIAMENTOS CONCEDIDOS-INTER OFSS - ESTADO;Não;Não
112440100;EMPRÉSTIMOS CONCEDIDOS;Não;Não
112440101;DEVEDORES POR EMPRÉSTIMOS CONCEDIDOS;Não;Não
112440200;FINANCIAMENTOS CONCEDIDOS;Não;Não
112440201;DEVEDORES POR FINANCIAMENTOS CONCEDIDOS;Não;Não
112440300;JUROS E ENCARGOS SOBRE EMPRÉSTIMOS E FINANCIAMENTOS CONCEDIDOS A RECEBER;Não;Não
112440301;JUROS E ENCARGOS SOBRE EMPRÉSTIMOS CONCEDIDOS A RECEBER;Não;Não
112440302;JUROS E ENCARGOS SOBRE FINANCIAMENTOS CONCEDIDOS A RECEBER;Não;Não
112440700;EMPRÉSTIMOS E FINANCIAMENTOS CONCEDIDOS COM RECURSOS PREVIDENCIÁRIOS;Não;Não
112440701;EMPRÉSTIMOS A RECEBER - RPPS;Não;Não
112440702;FINANCIAMENTOS A RECEBER - RPPS;Não;Não
112440703;JUROS E ENCARGOS SOBRE EMPRÉSTIMOS A RECEBER - RPPS;Não;Não
112440704;JUROS E ENCARGOS SOBRE FINANCIAMENTOS A RECEBER - RPPS;Não;Não
112440800;PROGRAMA DE REESTRUTURAÇÃO FISCAL;Não;Não
112440801;PROGRAMA DE REESTRUTURAÇÃO FISCAL - CRÉDITOS A RECEBER;Não;Não
112440802;JUROS E ENCARGOS A RECEBER - PROGRAMA DE REESTRUTURAÇÃO FISCAL;Não;Não
112449900;OUTROS - EMPRESTIMOS E FINANCIAMENTOS CONCEDIDOS;Não;Não
112450000;EMPRÉSTIMOS E FINANCIAMENTOS CONCEDIDOS-INTER OFSS - MUNICÍPIO;Não;Não
112450100;EMPRÉSTIMOS CONCEDIDOS;Não;Não
112450101;DEVEDORES POR EMPRÉSTIMOS CONCEDIDOS;Não;Não
112450200;FINANCIAMENTOS CONCEDIDOS;Não;Não
112450201;DEVEDORES POR FINANCIAMENTOS CONCEDIDOS;Não;Não
112450300;JUROS E ENCARGOS SOBRE EMPRÉSTIMOS E FINANCIAMENTOS CONCEDIDOS A RECEBER;Não;Não
112450301;JUROS E ENCARGOS SOBRE EMPRÉSTIMOS CONCEDIDOS A RECEBER;Não;Não
112450302;JUROS E ENCARGOS SOBRE FINANCIAMENTOS CONCEDIDOS A RECEBER;Não;Não
112450700;EMPRÉSTIMOS E FINANCIAMENTOS CONCEDIDOS COM RECURSOS PREVIDENCIÁRIOS;Não;Não
112450701;EMPRÉSTIMOS A RECEBER - RPPS;Não;Não
112450702;FINANCIAMENTOS A RECEBER - RPPS;Não;Não
112450703;JUROS E ENCARGOS SOBRE EMPRÉSTIMOS A RECEBER - RPPS;Não;Não
112450704;JUROS E ENCARGOS SOBRE FINANCIAMENTOS A RECEBER - RPPS;Não;Não
112450800;PROGRAMA DE REESTRUTURAÇÃO FISCAL;Não;Não
112450801;PROGRAMA DE REESTRUTURAÇÃO FISCAL - CRÉDITOS A RECEBER;Não;Não
112450802;JUROS E ENCARGOS A RECEBER - PROGRAMA DE REESTRUTURAÇÃO FISCAL;Não;Não
112459900;OUTROS - EMPRESTIMOS E FINANCIAMENTOS CONCEDIDOS;Não;Não
112500000;DÍVIDA ATIVA TRIBUTÁRIA;Não;Não
112510000;DÍVIDA ATIVA TRIBUTÁRIA - CONSOLIDAÇÃO;Não;Não
112510100;DÍVIDA ATIVA TRIBUTÁRIA DOS IMPOSTOS;Não;Não
112510101;DÍVIDA ATIVA DO IMPOSTO SOBRE A RENDA E PROVENTOS DE QUALQUER NATUREZA;Não;Não
112510102;DÍVIDA ATIVA DO IPVA;Não;Não
112510103;DÍVIDA ATIVA DO ITCMD;Não;Não
112510104;DÍVIDA ATIVA DO ICMS;Não;Não
112510105;DÍVIDA ATIVA DO IPTU;Não;Não
112510106;DÍVIDA ATIVA DO ITBI;Não;Não
112510107;DÍVIDA ATIVA DO ISS;Não;Não
112510108;DÍVIDA ATIVA DO ITR;Não;Não
112510199;DÍVIDA ATIVA TRIBUTÁRIA DE OUTROS IMPOSTOS;Não;Não
112510200;DÍVIDA ATIVA TRIBUTÁRIA DAS TAXAS;Não;Não
112510201;DÍVIDA ATIVA DAS TAXAS PELO EXERCÍCIO DO PODER DE POLÍCIA;Não;Não
112510202;DÍVIDA ATIVA DAS TAXAS PELA PRESTAÇÃO DE SERVIÇOS;Não;Não
112510300;DÍVIDA ATIVA DAS CONTRIBUIÇÕES DE MELHORIA;Não;Não
112510301;DÍVIDA ATIVA DAS CONTRIBUIÇÕES DE MELHORIA;Não;Não
112510400;DÍVIDA ATIVA DAS DEMAIS CONTRIBUIÇÕES;Não;Não
112510401;DÍVIDA ATIVA DA CONTRIBUIÇÃO PARA O CUSTEIO DO SERVIÇO DE ILUMINAÇÃO PÚBLICA;Não;Não
112510500;CRÉDITOS NÃO PREVIDENCIÁRIOS INSCRITOS;Não;Não
112510600;CRÉDITOS PREVIDENCIÁRIOS INSCRITOS;Não;Não
112519900;DEMAIS DÍVIDAS ATIVAS TRIBUTÁRIAS;Não;Não
112520000;DÍVIDA ATIVA TRIBUTÁRIA - INTRA OFSS;Não;Não
112520100;DÍVIDA ATIVA TRIBUTÁRIA DOS IMPOSTOS;Não;Não
112520101;DÍVIDA ATIVA DO IMPOSTO SOBRE A RENDA E PROVENTOS DE QUALQUER NATUREZA;Não;Não
112520102;DÍVIDA ATIVA DO IPVA;Não;Não
112520103;DÍVIDA ATIVA DO ITCMD;Não;Não
112520104;DÍVIDA ATIVA DO ICMS;Não;Não
112520105;DÍVIDA ATIVA DO IPTU;Não;Não
112520106;DÍVIDA ATIVA DO ITBI;Não;Não
112520107;DÍVIDA ATIVA DO ISS;Não;Não
112520108;DÍVIDA ATIVA DO ITR;Não;Não
112520199;DÍVIDA ATIVA TRIBUTÁRIA DE OUTROS IMPOSTOS;Não;Não
112520200;DÍVIDA ATIVA TRIBUTÁRIA DAS TAXAS;Não;Não
112520201;DÍVIDA ATIVA DAS TAXAS PELO EXERCÍCIO DO PODER DE POLÍCIA;Não;Não
112520202;DÍVIDA ATIVA DAS TAXAS PELA PRESTAÇÃO DE SERVIÇOS;Não;Não
112520300;DÍVIDA ATIVA DAS CONTRIBUIÇÕES DE MELHORIA;Não;Não
112520301;DÍVIDA ATIVA DAS CONTRIBUIÇÕES DE MELHORIA;Não;Não
112520400;DÍVIDA ATIVA DAS DEMAIS CONTRIBUIÇÕES;Não;Não
112520401;DÍVIDA ATIVA DA CONTRIBUIÇÃO PARA O CUSTEIO DO SERVIÇO DE ILUMINAÇÃO PÚBLICA;Não;Não
112529900;DEMAIS DÍVIDA ATIVA TRIBUTÁRIA;Não;Não
112530000;DÍVIDA ATIVA TRIBUTÁRIA - INTER OFSS - UNIÃO;Não;Não
112530100;DÍVIDA ATIVA TRIBUTÁRIA DOS IMPOSTOS;Não;Não
112530101;DÍVIDA ATIVA DO IMPOSTO SOBRE A RENDA E PROVENTOS DE QUALQUER NATUREZA;Não;Não
112530102;DÍVIDA ATIVA DO IPVA;Não;Não
112530103;DÍVIDA ATIVA DO ITCMD;Não;Não
112530104;DÍVIDA ATIVA DO ICMS;Não;Não
112530105;DÍVIDA ATIVA DO IPTU;Não;Não
112530106;DÍVIDA ATIVA DO ITBI;Não;Não
112530107;DÍVIDA ATIVA DO ISS;Não;Não
112530108;DÍVIDA ATIVA DO ITR;Não;Não
112530199;DÍVIDA ATIVA TRIBUTÁRIA DE OUTROS IMPOSTOS;Não;Não
112530200;DÍVIDA ATIVA TRIBUTÁRIA DAS TAXAS;Não;Não
112530201;DÍVIDA ATIVA DAS TAXAS PELO EXERCÍCIO DO PODER DE POLÍCIA;Não;Não
112530202;DÍVIDA ATIVA DAS TAXAS PELA PRESTAÇÃO DE SERVIÇOS;Não;Não
112530300;DÍVIDA ATIVA DAS CONTRIBUIÇÕES DE MELHORIA;Não;Não
112530301;DÍVIDA ATIVA DAS CONTRIBUIÇÕES DE MELHORIA;Não;Não
112530400;DÍVIDA ATIVA DAS DEMAIS CONTRIBUIÇÕES;Não;Não
112530401;DÍVIDA ATIVA DA CONTRIBUIÇÃO PARA O CUSTEIO DO SERVIÇO DE ILUMINAÇÃO PÚBLICA;Não;Não
112539900;DEMAIS DÍVIDAS ATIVAS TRIBUTÁRIAS;Não;Não
112540000;DÍVIDA ATIVA TRIBUTÁRIA - INTER OFSS - ESTADO;Não;Não
112540100;DÍVIDA ATIVA TRIBUTÁRIA DOS IMPOSTOS;Não;Não
112540101;DÍVIDA ATIVA DO IMPOSTO SOBRE A RENDA E PROVENTOS DE QUALQUER NATUREZA;Não;Não
112540102;DÍVIDA ATIVA DO IPVA;Não;Não
112540103;DÍVIDA ATIVA DO ITCMD;Não;Não
112540104;DÍVIDA ATIVA DO ICMS;Não;Não
112540105;DÍVIDA ATIVA DO IPTU;Não;Não
112540106;DÍVIDA ATIVA DO ITBI;Não;Não
112540107;DÍVIDA ATIVA DO ISS;Não;Não
112540108;DÍVIDA ATIVA DO ITR;Não;Não
112540199;DÍVIDA ATIVA TRIBUTÁRIA DE OUTROS IMPOSTOS;Não;Não
112540200;DÍVIDA ATIVA TRIBUTÁRIA DAS TAXAS;Não;Não
112540201;DÍVIDA ATIVA DAS TAXAS PELO EXERCÍCIO DO PODER DE POLÍCIA;Não;Não
112540202;DÍVIDA ATIVA DAS TAXAS PELA PRESTAÇÃO DE SERVIÇOS;Não;Não
112540300;DÍVIDA ATIVA DAS CONTRIBUIÇÕES DE MELHORIA;Não;Não
112540301;DÍVIDA ATIVA DAS CONTRIBUIÇÕES DE MELHORIA;Não;Não
112540400;DÍVIDA ATIVA DAS DEMAIS CONTRIBUIÇÕES;Não;Não
112540401;DÍVIDA ATIVA DA CONTRIBUIÇÃO PARA O CUSTEIO DO SERVIÇO DE ILUMINAÇÃO PÚBLICA;Não;Não
112549900;DEMAIS DÍVIDAS ATIVAS TRIBUTÁRIAS;Não;Não
112550000;DÍVIDA ATIVA TRIBUTÁRIA - INTER OFSS - MUNICÍPIO;Não;Não
112550100;DÍVIDA ATIVA TRIBUTÁRIA DOS IMPOSTOS;Não;Não
112550101;DÍVIDA ATIVA DO IMPOSTO SOBRE A RENDA E PROVENTOS DE QUALQUER NATUREZA;Não;Não
112550102;DÍVIDA ATIVA DO IPVA;Não;Não
112550103;DÍVIDA ATIVA DO ITCMD;Não;Não
112550104;DÍVIDA ATIVA DO ICMS;Não;Não
112550105;DÍVIDA ATIVA DO IPTU;Não;Não
112550106;DÍVIDA ATIVA DO ITBI;Não;Não
112550107;DÍVIDA ATIVA DO ISS;Não;Não
112550108;DÍVIDA ATIVA DO ITR;Não;Não
112550199;DÍVIDA ATIVA TRIBUTÁRIA DE OUTROS IMPOSTOS;Não;Não
112550200;DÍVIDA ATIVA TRIBUTÁRIA DAS TAXAS;Não;Não
112550201;DÍVIDA ATIVA DAS TAXAS PELO EXERCÍCIO DO PODER DE POLÍCIA;Não;Não
112550202;DÍVIDA ATIVA DAS TAXAS PELA PRESTAÇÃO DE SERVIÇOS;Não;Não
112550300;DÍVIDA ATIVA DAS CONTRIBUIÇÕES DE MELHORIA;Não;Não
112550301;DÍVIDA ATIVA DAS CONTRIBUIÇÕES DE MELHORIA;Não;Não
112550400;DÍVIDA ATIVA DAS DEMAIS CONTRIBUIÇÕES;Não;Não
112550401;DÍVIDA ATIVA DA CONTRIBUIÇÃO PARA O CUSTEIO DO SERVIÇO DE ILUMINAÇÃO PÚBLICA;Não;Não
112559900;DEMAIS DÍVIDAS ATIVAS TRIBUTÁRIAS;Não;Não
112600000;DÍVIDA ATIVA NÃO TRIBUTÁRIA;Não;Não
112610000;DÍVIDA ATIVA NÃO TRIBUTÁRIA - CONSOLIDAÇÃO;Não;Não
112610200;DÍVIDA ATIVA DE MULTAS;Não;Não
112610201;DÍVIDA ATIVA DE MULTAS DE TRÂNSITO;Não;Não
112610202;DÍVIDA ATIVA DE MULTAS AMBIENTAIS;Não;Não
112610203;DÍVIDA ATIVA DE MULTAS CONTRATUAIS;Não;Não
112610299;DÍVIDA ATIVA DE OUTRAS MULTAS;Não;Não
112610300;DÍVITA ATIVA DE PREÇOS PÚBLICOS;Não;Não
112610400;DÍVITA ATIVA DE ALUGUÉIS;Não;Não
112619900;DEMAIS VALORES INSCRITOS EM DÍVIDA ATIVA NÃO TRIBUTÁRIA;Não;Não
112620000;DÍVIDA ATIVA NÃO TRIBUTÁRIA - INTRA OFSS;Não;Não
112620200;DÍVIDA ATIVA DE MULTAS;Não;Não
112620201;DÍVIDA ATIVA DE MULTAS DE TRÂNSITO;Não;Não
112620202;DÍVIDA ATIVA DE MULTAS AMBIENTAIS;Não;Não
112620203;DÍVIDA ATIVA DE MULTAS CONTRATUAIS;Não;Não
112620299;DÍVIDA ATIVA DE OUTRAS MULTAS;Não;Não
112620300;DÍVITA ATIVA DE PREÇOS PÚBLICOS;Não;Não
112620400;DÍVITA ATIVA DE ALUGUÉIS;Não;Não
112629900;DEMAIS VALORES INSCRITOS EM DÍVIDA ATIVA NÃO TRIBUTÁRIA;Não;Não
112630000;DÍVIDA ATIVA NÃO TRIBUTÁRIA - INTER OFSS - UNIÃO;Não;Não
112630200;DÍVIDA ATIVA DE MULTAS;Não;Não
112630201;DÍVIDA ATIVA DE MULTAS DE TRÂNSITO;Não;Não
112630202;DÍVIDA ATIVA DE MULTAS AMBIENTAIS;Não;Não
112630203;DÍVIDA ATIVA DE MULTAS CONTRATUAIS;Não;Não
112630299;DÍVIDA ATIVA DE OUTRAS MULTAS;Não;Não
112630300;DÍVITA ATIVA DE PREÇOS PÚBLICOS;Não;Não
112630400;DÍVITA ATIVA DE ALUGUÉIS;Não;Não
112639900;DEMAIS VALORES INSCRITOS EM DÍVIDA ATIVA NÃO TRIBUTÁRIA;Não;Não
112640000;DÍVIDA ATIVA NÃO TRIBUTÁRIA - INTER OFSS - ESTADO;Não;Não
112640200;DÍVIDA ATIVA DE MULTAS;Não;Não
112640201;DÍVIDA ATIVA DE MULTAS DE TRÂNSITO;Não;Não
112640202;DÍVIDA ATIVA DE MULTAS AMBIENTAIS;Não;Não
112640203;DÍVIDA ATIVA DE MULTAS CONTRATUAIS;Não;Não
112640299;DÍVIDA ATIVA DE OUTRAS MULTAS;Não;Não
112640300;DÍVITA ATIVA DE PREÇOS PÚBLICOS;Não;Não
112640400;DÍVITA ATIVA DE ALUGUÉIS;Não;Não
112649900;DEMAIS VALORES INSCRITOS EM DÍVIDA ATIVA NÃO TRIBUTÁRIA;Não;Não
112650000;DÍVIDA ATIVA NÃO TRIBUTÁRIA - INTER OFSS - MUNICÍPIO;Não;Não
112650200;DÍVIDA ATIVA DE MULTAS;Não;Não
112650201;DÍVIDA ATIVA DE MULTAS DE TRÂNSITO;Não;Não
112650202;DÍVIDA ATIVA DE MULTAS AMBIENTAIS;Não;Não
112650203;DÍVIDA ATIVA DE MULTAS CONTRATUAIS;Não;Não
112650299;DÍVIDA ATIVA DE OUTRAS MULTAS;Não;Não
112650300;DÍVITA ATIVA DE PREÇOS PÚBLICOS;Não;Não
112650400;DÍVITA ATIVA DE ALUGUÉIS;Não;Não
112659900;DEMAIS VALORES INSCRITOS EM DÍVIDA ATIVA NÃO TRIBUTÁRIA;Não;Não
112900000;(-) AJUSTE DE PERDAS DE CRÉDITOS A CURTO PRAZO;Não;Não
112910000;(-) AJUSTE DE PERDAS DE CRÉDITOS A CURTO PRAZO - CONSOLIDAÇÃO;Não;Não
112910100;(-) PERDAS ESTIMADAS EM CRÉDITOS TRIBUTÁRIOS A RECEBER;Não;Não
112910101;(-) PERDAS ESTIMADAS EM IMPOSTOS;Não;Não
112910102;(-) PERDAS ESTIMADAS EM TAXAS;Não;Não
112910103;(-) PERDAS ESTIMADAS EM CONTRIBUIÇÕES DE MELHORIA;Não;Não
112910104;(-) PERDAS ESTIMADAS EM DEMAIS CONTRIBUIÇÕES;Não;Não
112910170;(-) PERDAS ESTIMADAS EM CRÉDITOS TRIBUTÁRIOS PARCELADOS;Não;Não
112910199;(-) PERDAS ESTIMADAS EM DEMAIS CRÉDITOS TRIBUTÁRIOS A RECEBER;Não;Não
112910200;(-) PERDAS ESTIMADAS EM CLIENTE;Não;Não
112910201;(-) PERDAS ESTIMADAS EM CLIENTE FATURAS/DUPLICATAS A RECEBER;Não;Não
112910300;(-) PERDAS ESTIMADAS EM CRÉDITOS DE EMPRÉSTIMOS E FINANCIAMENTOS CONCEDIDOS;Não;Não
112910301;(-) PERDAS ESTIMADAS EM CRÉDITOS DE EMPRÉSTIMOS CONCEDIDOS;Não;Não
112910302;(-) PERDAS ESTIMADAS EM CRÉDITOS DE FINANCIAMENTOS CONCEDIDOS;Não;Não
112910399;(-) PERDAS ESTIMADAS EM DEMAIS CRÉDITOS E FINANCIAMENTOS CONCEDIDOS;Não;Não
112910400;(-) PERDAS ESTIMADAS EM CRÉDITOS DE DÍVIDA ATIVA TRIBUTÁRIA;Não;Não
112910401;(-) PERDAS ESTIMADAS EM CRÉDITOS DE DÍVIDA ATIVA TRIBUTÁRIA - IMPOSTOS;Não;Não
112910402;(-) PERDAS ESTIMADAS EM CRÉDITOS DE DÍVIDA ATIVA TRIBUTÁRIA - TAXAS;Não;Não
112910403;(-) PERDAS ESTIMADAS EM CRÉDITOS DE DÍVIDA ATIVA TRIBUTÁRIA - CONTRIBUIÇÕES DE MELHORIA;Não;Não
112910404;(-) PERDAS ESTIMADAS EM CRÉDITOS DE DÍVIDA ATIVA TRIBUTÁRIA - DEMAIS CONTRIBUIÇÕES;Não;Não
112910499;(-) PERDAS ESTIMADAS EM DEMAIS DÍVIDAS ATIVAS TRIBUTÁRIAS;Não;Não
112910500;(-) PERDAS ESTIMADAS EM CRÉDITOS DE DÍVIDA ATIVA NÃO TRIBUTÁRIA;Não;Não
112910700;(-) PERDAS ESTIMADAS EM EMPRÉSTIMOS E FINANCIAMENTOS CONCEDIDOS COM RECURSOS PREVIDENCIÁRIOS;Não;Não
112910701;(-) PERDAS ESTIMADAS EM EMPRÉSTIMOS E FINANCIAMENTOS CONCEDIDOS COM RECURSOS PREVIDENCIÁRIOS - PLANO EM CAPITALIZAÇÃO;Não;Não
112910702;(-) PERDAS ESTIMADAS EM EMPRÉSTIMOS E FINANCIAMENTOS CONCEDIDOS COM RECURSOS PREVIDENCIÁRIOS - PLANO EM REPARTIÇÃO;Não;Não
112919900;(-) OUTRAS PERDAS DE CRÉDITOS A CURTO PRAZO;Não;Não
112920000;(-) AJUSTE DE PERDAS DE CRÉDITOS A CURTO PRAZO - INTRA OFSS;Não;Não
112920100;(-) PERDAS ESTIMADAS EM CRÉDITOS TRIBUTÁRIOS A RECEBER;Não;Não
112920101;(-) PERDAS ESTIMADAS EM IMPOSTOS;Não;Não
112920102;(-) PERDAS ESTIMADAS EM TAXAS;Não;Não
112920103;(-) PERDAS ESTIMADAS EM CONTRIBUIÇÕES DE MELHORIA;Não;Não
112920104;(-) PERDAS ESTIMADAS EM DEMAIS CONTRIBUIÇÕES;Não;Não
112920170;(-) PERDAS ESTIMADAS EM CRÉDITOS TRIBUTÁRIOS PARCELADOS;Não;Não
112920199;(-) PERDAS ESTIMADAS EM DEMAIS CRÉDITOS TRIBUTÁRIOS A RECEBER;Não;Não
112920200;(-) PERDAS ESTIMADAS EM CLIENTE;Não;Não
112920201;(-) PERDAS ESTIMADAS EM CLIENTE FATURAS/DUPLICATAS A RECEBER;Não;Não
112920300;(-) PERDAS ESTIMADAS EM CRÉDITOS DE EMPRÉSTIMOS E FINANCIAMENTOS CONCEDIDOS;Não;Não
112920301;(-) PERDAS ESTIMADAS EM CRÉDITOS DE EMPRÉSTIMOS CONCEDIDOS;Não;Não
112920302;(-) PERDAS ESTIMADAS EM CRÉDITOS DE FINANCIAMENTOS CONCEDIDOS;Não;Não
112920399;(-) PERDAS ESTIMADAS EM DEMAIS CRÉDITOS E FINANCIAMENTOS CONCEDIDOS;Não;Não
112920400;(-) PERDAS ESTIMADAS EM CRÉDITOS DE DÍVIDA ATIVA TRIBUTÁRIA;Não;Não
112920401;(-) PERDAS ESTIMADAS EM CRÉDITOS DE DÍVIDA ATIVA TRIBUTÁRIA - IMPOSTOS;Não;Não
112920402;(-) PERDAS ESTIMADAS EM CRÉDITOS DE DÍVIDA ATIVA TRIBUTÁRIA - TAXAS;Não;Não
112920403;(-) PERDAS ESTIMADAS EM CRÉDITOS DE DÍVIDA ATIVA TRIBUTÁRIA - CONTRIBUIÇÕES DE MELHORIA;Não;Não
112920404;(-) PERDAS ESTIMADAS EM CRÉDITOS DE DÍVIDA ATIVA TRIBUTÁRIA - DEMAIS CONTRIBUIÇÕES;Não;Não
112920500;(-) PERDAS ESTIMADAS EM CRÉDITOS DE DÍVIDA ATIVA NÃO TRIBUTÁRIA;Não;Não
112920700;(-) PERDAS ESTIMADAS EM EMPRÉSTIMOS E FINANCIAMENTOS CONCEDIDOS COM RECURSOS PREVIDENCIÁRIOS;Não;Não
112929900;(-) OUTRAS PERDAS DE CRÉDITOS A CURTO PRAZO;Não;Não
112930000;(-) AJUSTE DE PERDAS DE CRÉDITOS A CURTO PRAZO - INTER OFSS - UNIÃO;Não;Não
112930100;(-) PERDAS ESTIMADAS EM CRÉDITOS TRIBUTÁRIOS A RECEBER;Não;Não
112930101;(-) PERDAS ESTIMADAS EM IMPOSTOS;Não;Não
112930102;(-) PERDAS ESTIMADAS EM TAXAS;Não;Não
112930103;(-) PERDAS ESTIMADAS EM CONTRIBUIÇÕES DE MELHORIA;Não;Não
112930104;(-) PERDAS ESTIMADAS EM DEMAIS CONTRIBUIÇÕES;Não;Não
112930170;(-) PERDAS ESTIMADAS EM CRÉDITOS TRIBUTÁRIOS PARCELADOS;Não;Não
112930199;(-) PERDAS ESTIMADAS EM DEMAIS CRÉDITOS TRIBUTÁRIOS A RECEBER;Não;Não
112930200;(-) PERDAS ESTIMADAS EM CLIENTE;Não;Não
112930201;(-) PERDAS ESTIMADAS EM CLIENTE FATURAS/DUPLICATAS A RECEBER;Não;Não
112930300;(-) PERDAS ESTIMADAS EM CRÉDITOS DE EMPRÉSTIMOS E FINANCIAMENTOS CONCEDIDOS;Não;Não
112930301;(-) PERDAS ESTIMADAS EM CRÉDITOS DE EMPRÉSTIMOS CONCEDIDOS;Não;Não
112930302;(-) PERDAS ESTIMADAS EM CRÉDITOS DE FINANCIAMENTOS CONCEDIDOS;Não;Não
112930399;(-) PERDAS ESTIMADAS EM DEMAIS CRÉDITOS E FINANCIAMENTOS CONCEDIDOS;Não;Não
112930400;(-) PERDAS ESTIMADAS EM CRÉDITOS DE DÍVIDA ATIVA TRIBUTÁRIA;Não;Não
112930401;(-) PERDAS ESTIMADAS EM CRÉDITOS DE DÍVIDA ATIVA TRIBUTÁRIA - IMPOSTOS;Não;Não
112930402;(-) PERDAS ESTIMADAS EM CRÉDITOS DE DÍVIDA ATIVA TRIBUTÁRIA - TAXAS;Não;Não
112930403;(-) PERDAS ESTIMADAS EM CRÉDITOS DE DÍVIDA ATIVA TRIBUTÁRIA - CONTRIBUIÇÕES DE MELHORIA;Não;Não
112930404;(-) PERDAS ESTIMADAS EM CRÉDITOS DE DÍVIDA ATIVA TRIBUTÁRIA - DEMAIS CONTRIBUIÇÕES;Não;Não
112930500;(-) PERDAS ESTIMADAS EM CRÉDITOS DE DÍVIDA ATIVA NÃO TRIBUTÁRIA;Não;Não
112930700;(-) PERDAS ESTIMADAS EM EMPRÉSTIMOS E FINANCIAMENTOS CONCEDIDOS COM RECURSOS PREVIDENCIÁRIOS;Não;Não
112939900;(-) OUTRAS PERDAS DE CRÉDITOS A CURTO PRAZO;Não;Não
112940000;(-) AJUSTE DE PERDAS DE CRÉDITOS A CURTO PRAZO - INTER OFSS - ESTADO;Não;Não
112940100;(-) PERDAS ESTIMADAS EM CRÉDITOS TRIBUTÁRIOS A RECEBER;Não;Não
112940101;(-) PERDAS ESTIMADAS EM IMPOSTOS;Não;Não
112940102;(-) PERDAS ESTIMADAS EM TAXAS;Não;Não
112940103;(-) PERDAS ESTIMADAS EM CONTRIBUIÇÕES DE MELHORIA;Não;Não
112940104;(-) PERDAS ESTIMADAS EM DEMAIS CONTRIBUIÇÕES;Não;Não
112940170;(-) PERDAS ESTIMADAS EM CRÉDITOS TRIBUTÁRIOS PARCELADOS;Não;Não
112940199;(-) PERDAS ESTIMADAS EM DEMAIS CRÉDITOS TRIBUTÁRIOS A RECEBER;Não;Não
112940200;(-) PERDAS ESTIMADAS EM CLIENTE;Não;Não
112940201;(-) PERDAS ESTIMADAS EM CLIENTE FATURAS/DUPLICATAS A RECEBER;Não;Não
112940300;(-) PERDAS ESTIMADAS EM CRÉDITOS DE EMPRÉSTIMOS E FINANCIAMENTOS CONCEDIDOS;Não;Não
112940301;(-) PERDAS ESTIMADAS EM CRÉDITOS DE EMPRÉSTIMOS CONCEDIDOS;Não;Não
112940302;(-) PERDAS ESTIMADAS EM CRÉDITOS DE FINANCIAMENTOS CONCEDIDOS;Não;Não
112940399;(-) PERDAS ESTIMADAS EM DEMAIS CRÉDITOS E FINANCIAMENTOS CONCEDIDOS;Não;Não
112940400;(-) PERDAS ESTIMADAS EM CRÉDITOS DE DÍVIDA ATIVA TRIBUTÁRIA;Não;Não
112940401;(-) PERDAS ESTIMADAS EM CRÉDITOS DE DÍVIDA ATIVA TRIBUTÁRIA - IMPOSTOS;Não;Não
112940402;(-) PERDAS ESTIMADAS EM CRÉDITOS DE DÍVIDA ATIVA TRIBUTÁRIA - TAXAS;Não;Não
112940403;(-) PERDAS ESTIMADAS EM CRÉDITOS DE DÍVIDA ATIVA TRIBUTÁRIA - CONTRIBUIÇÕES DE MELHORIA;Não;Não
112940404;(-) PERDAS ESTIMADAS EM CRÉDITOS DE DÍVIDA ATIVA TRIBUTÁRIA - DEMAIS CONTRIBUIÇÕES;Não;Não
112940500;(-) PERDAS ESTIMADAS EM CRÉDITOS DE DÍVIDA ATIVA NÃO TRIBUTÁRIA;Não;Não
112940700;(-) PERDAS ESTIMADAS EM EMPRÉSTIMOS E FINANCIAMENTOS CONCEDIDOS COM RECURSOS PREVIDENCIÁRIOS;Não;Não
112949900;(-) OUTRAS PERDAS DE CRÉDITOS A CURTO PRAZO;Não;Não
112950000;(-) AJUSTE DE PERDAS DE CRÉDITOS A CURTO PRAZO - INTER OFSS - MUNICÍPIO;Não;Não
112950100;(-) PERDAS ESTIMADAS EM CRÉDITOS TRIBUTÁRIOS A RECEBER;Não;Não
112950101;(-) PERDAS ESTIMADAS EM IMPOSTOS;Não;Não
112950102;(-) PERDAS ESTIMADAS EM TAXAS;Não;Não
112950103;(-) PERDAS ESTIMADAS EM CONTRIBUIÇÕES DE MELHORIA;Não;Não
112950104;(-) PERDAS ESTIMADAS EM DEMAIS CONTRIBUIÇÕES;Não;Não
112950170;(-) PERDAS ESTIMADAS EM CRÉDITOS TRIBUTÁRIOS PARCELADOS;Não;Não
112950199;(-) PERDAS ESTIMADAS EM DEMAIS CRÉDITOS TRIBUTÁRIOS A RECEBER;Não;Não
112950200;(-) PERDAS ESTIMADAS EM CLIENTE;Não;Não
112950201;(-) PERDAS ESTIMADAS EM CLIENTE FATURAS/DUPLICATAS A RECEBER;Não;Não
112950300;(-) PERDAS ESTIMADAS EM CRÉDITOS DE EMPRÉSTIMOS E FINANCIAMENTOS CONCEDIDOS;Não;Não
112950301;(-) PERDAS ESTIMADAS EM CRÉDITOS DE EMPRÉSTIMOS CONCEDIDOS;Não;Não
112950302;(-) PERDAS ESTIMADAS EM CRÉDITOS DE FINANCIAMENTOS CONCEDIDOS;Não;Não
112950399;(-) PERDAS ESTIMADAS EM DEMAIS CRÉDITOS E FINANCIAMENTOS CONCEDIDOS;Não;Não
112950400;(-) PERDAS ESTIMADAS EM CRÉDITOS DE DÍVIDA ATIVA TRIBUTÁRIA;Não;Não
112950401;(-) PERDAS ESTIMADAS EM CRÉDITOS DE DÍVIDA ATIVA TRIBUTÁRIA - IMPOSTOS;Não;Não
112950402;(-) PERDAS ESTIMADAS EM CRÉDITOS DE DÍVIDA ATIVA TRIBUTÁRIA - TAXAS;Não;Não
112950403;(-) PERDAS ESTIMADAS EM CRÉDITOS DE DÍVIDA ATIVA TRIBUTÁRIA - CONTRIBUIÇÕES DE MELHORIA;Não;Não
112950404;(-) PERDAS ESTIMADAS EM CRÉDITOS DE DÍVIDA ATIVA TRIBUTÁRIA - DEMAIS CONTRIBUIÇÕES;Não;Não
112950500;(-) PERDAS ESTIMADAS EM CRÉDITOS DE DÍVIDA ATIVA NÃO TRIBUTÁRIA;Não;Não
112950700;(-) PERDAS ESTIMADAS EM EMPRÉSTIMOS E FINANCIAMENTOS CONCEDIDOS COM RECURSOS PREVIDENCIÁRIOS;Não;Não
112959900;(-) OUTRAS PERDAS DE CRÉDITOS A CURTO PRAZO;Não;Não
113000000;DEMAIS CRÉDITOS E VALORES A CURTO PRAZO;Não;Não
113100000;ADIANTAMENTOS CONCEDIDOS;Não;Não
113110000;ADIANTAMENTOS CONCEDIDOS - CONSOLIDAÇÃO;Não;Não
113110100;ADIANTAMENTOS CONCEDIDOS A PESSOAL;Não;Não
113110101;SALÁRIOS E ORDENADOS - ADIANTAMENTOS;Não;Não
113110102;13 SALÁRIO - ADIANTAMENTO;Não;Não
113110103;FÉRIAS - ADIANTAMENTO;Não;Não
113110104;1/3 DE FÉRIAS - ADIANTAMENTO;Não;Não
113110105;VIAGENS - ADIANTAMENTO;Não;Não
113110199;OUTROS ADIANTAMENTOS A PESSOAL;Não;Não
113110200;SUPRIMENTO DE FUNDOS;Não;Não
113110300;ADIANTAMENTOS DE TRANSFERÊNCIAS VOLUNTÁRIAS;Não;Não
113110400;ADIANTAMENTO A FORNECEDORES;Não;Não
113119900;ADIANTAMENTOS DIVERSOS CONCEDIDOS;Não;Não
113120000;ADIANTAMENTOS CONCEDIDOS - INTRA OFSS;Não;Não
113130000;ADIANTAMENTOS CONCEDIDOS - INTER OFSS - UNIÃO;Não;Não
113140000;ADIANTAMENTOS CONCEDIDOS - INTER OFSS - ESTADO;Não;Não
113150000;ADIANTAMENTOS CONCEDIDOS - INTER OFSS - MUNICÍPIO;Não;Não
113200000;TRIBUTOS A RECUPERAR/COMPENSAR;Não;Não
113210000;TRIBUTOS A RECUPERAR/COMPENSAR - CONSOLIDAÇÃO;Não;Não
113210100;IPI A RECUPERAR/COMPENSAR;Não;Não
113210200;ICMS A RECUPERAR/COMPENSAR;Não;Não
113210300;ICMS DIFERIDO;Não;Não
113210400;IRRF A COMPENSAR;Não;Não
113210500;IR E CSLL A RECUPERAR/COMPENSAR;Não;Não
113210600;IR E CSLL DIFERIDOS;Não;Não
113210700;ISS A COMPENSAR;Não;Não
113210800;IPVA A COMPENSAR;Não;Não
113210900;IPTU A COMPENSAR;Não;Não
113211000;ITR A COMPENSAR;Não;Não
113211100;CONTRIBUIÇÃO AO RGPS A COMPENSAR;Não;Não
113211200;COFINS A RECUPERAR/COMPENSAR;Não;Não
113211300;PIS/PASEP A RECUPERAR/COMPENSAR;Não;Não
113211400;CIP A RECUPERAR/COMPENSAR;Não;Não
113219900;OUTROS TRIBUTOS A RECUPERAR/COMPENSAR;Não;Não
113220000;TRIBUTOS A RECUPERAR/COMPENSAR - INTRA OFSS;Não;Não
113220100;IPI A RECUPERAR/COMPENSAR;Não;Não
113220200;ICMS A RECUPERAR/COMPENSAR;Não;Não
113220300;ICMS DIFERIDO;Não;Não
113220400;IRRF A COMPENSAR;Não;Não
113220500;IR E CSLL A RECUPERAR/COMPENSAR;Não;Não
113220600;IR E CSLL DIFERIDOS;Não;Não
113220700;ISS A COMPENSAR;Não;Não
113220800;IPVA A COMPENSAR;Não;Não
113220900;IPTU A COMPENSAR;Não;Não
113221000;ITR A COMPENSAR;Não;Não
113221100;CONTRIBUIÇÃO AO RGPS A COMPENSAR;Não;Não
113221200;COFINS A RECUPERAR/COMPENSAR;Não;Não
113221300;PIS/PASEP A RECUPERAR/COMPENSAR;Não;Não
113221400;CIP A RECUPERAR/COMPENSAR;Não;Não
113229900;OUTROS TRIBUTOS A RECUPERAR/COMPENSAR;Não;Não
113230000;TRIBUTOS A RECUPERAR/COMPENSAR - INTER OFSS - UNIÃO;Não;Não
113230100;IPI A RECUPERAR/COMPENSAR;Não;Não
113230200;IRRF A COMPENSAR;Não;Não
113230300;IR E CSLL A RECUPERAR/COMPENSAR;Não;Não
113230400;IR E CSLL DIFERIDOS;Não;Não
113230500;ITR A COMPENSAR;Não;Não
113230600;CONTRIBUIÇÃO AO RGPS A COMPENSAR;Não;Não
113230700;COFINS A RECUPERAR/COMPENSAR;Não;Não
113230800;PIS/PASEP A RECUPERAR/COMPENSAR;Não;Não
113239900;OUTROS TRIBUTOS A RECUPERAR/COMPENSAR;Não;Não
113240000;TRIBUTOS A RECUPERAR/COMPENSAR - INTER OFSS - ESTADO;Não;Não
113240100;ICMS A RECUPERAR/COMPENSAR;Não;Não
113240200;ICMS DIFERIDO;Não;Não
113240300;IPVA A COMPENSAR;Não;Não
113249900;OUTROS TRIBUTOS A RECUPERAR/COMPENSAR;Não;Não
113250000;TRIBUTOS A RECUPERAR/COMPENSAR - INTER OFSS - MUNICÍPIO;Não;Não
113250100;ISS A COMPENSAR;Não;Não
113250200;IPTU A COMPENSAR;Não;Não
113250300;ITR A COMPENSAR;Não;Não
113250400;CIP A RECUPERAR/COMPENSAR;Não;Não
113259900;OUTROS TRIBUTOS A RECUPERAR/COMPENSAR;Não;Não
113300000;CRÉDITOS A RECEBER POR DESCENTRALIZAÇÃO DA PRESTAÇÃO DE SERVIÇOS PÚBLICOS;Não;Não
113310000;CRÉDITOS A RECEBER POR DESCENTRALIZAÇÃO DA PRESTAÇÃO DE SERVIÇOS PÚBLICOS - CONSOLIDAÇÃO;Não;Não
113310100;CRÉDITOS A RECEBER POR DESCENTRALIZAÇÃO DA PRESTAÇÃO DE SERVIÇOS PÚBLICOS;Não;Não
113320000;CRÉDITOS A RECEBER POR DESCENTRALIZAÇÃO DA PRESTAÇÃO DE SERVIÇOS PÚBLICOS - INTRA OFSS;Não;Não
113330000;CRÉDITOS A RECEBER POR DESCENTRALIZAÇÃO DA PRESTAÇÃO DE SERVIÇOS PÚBLICOS - INTER OFSS - UNIÃO;Não;Não
113340000;CRÉDITOS A RECEBER POR DESCENTRALIZAÇÃO DA PRESTAÇÃO DE SERVIÇOS PÚBLICOS - INTER OFSS - ESTADO;Não;Não
113350000;CRÉDITOS A RECEBER POR DESCENTRALIZAÇÃO DA PRESTAÇÃO DE SERVIÇOS PÚBLICOS - INTER OFSS - MUNICÍPIO;Não;Não
113400000;CRÉDITOS POR DANOS AO PATRIMÔNIO;Não;Não
113410000;CRÉDITOS POR DANOS AO PATRIMONIO- CONSOLIDAÇÃO;Não;Não
113410100;CRÉDITOS POR DANOS AO PATRIMONIO DECORRENTES DE PROCESSOS ADMINISTRATIVOS;Não;Não
113410101;CRÉDITOS A RECEBER DECORRENTES DE FOLHA DE PAGAMENTO;Não;Não
113410102;CRÉDITOS A RECEBER DECORRENTES DE ERRO ADMINISTRATIVO;Não;Não
113410103;CRÉDITOS A RECEBER DECORRENTES DE DOLO, MÁ-FÉ OU FRAUDE;Não;Não
113410104;CRÉDITOS A RECEBER DE SERVIDORES NÃO RECOLHIDOS NO PRAZO LEGAL;Não;Não
113410105;CRÉDITOS A RECEBER POR IRREGULARIDADES DE TERCEIROS EM PRESTAÇÃO DE SERVIÇOS;Não;Não
113410106;MULTAS E JUROS A RECEBER DE SERVIDORES RESPONSABILIZADOS;Não;Não
113410107;CRÉDITOS A RECEBER POR USO INDEVIDO DE COTA;Não;Não
113410108;CRÉDITOS A RECEBER ORIUNDOS DE USO OU ALUGUEL;Não;Não
113410109;CRÉDITOS A RECEBER POR PAGAMENTOS INDEVIDOS DE BENEFÍCIOS PREVIDENCIÁRIOS;Não;Não
113410199;OUTROS CRÉDITOS POR DANO AO PATRIMÔNIO - CRÉDITOS ADMINISTRATIVOS;Não;Não
113410200;CRÉDITOS POR DANOS AO PATRIMONIO APURADOS EM TOMADA DE CONTAS ESPECIAL;Não;Não
113410201;CREDITOS A RECEBER DECORRENTES DE PAGAMENTOS INDEVIDOS -TOMADA DE CONTAS ESPECIAL;Não;Não
113410202;CREDITOS A RECEBER DE SERVIDORES NAO RECOLHIDOS NO PRAZO LEGAL - TOMADA DE CONTAS ESPECIAL;Não;Não
113410203;CREDITOS A RECEBER DECORRENTES DE DESFALQUES OU DESVIOS - TOMADA DE CONTAS ESPECIAL;Não;Não
113410204;CREDITOS A RECEBER POR DEBITOS DE TERCEIROS EM PRESTAÇÃO DE SERVICOS - TOMADA DE CONTAS ESPECIAL;Não;Não
113410205;CREDITOS A RECEBER DE RESPONSAVEIS POR DANOS OU PERDAS - TOMADA DE CONTAS ESPECIAL;Não;Não
113410206;CREDITOS A RECEBER DECORRENTES DE PAGAMENTOS SEM RESPALDO ORCAMENTARIO - TOMADA DE CONTAS ESPECIAL;Não;Não
113410207;CREDITOS A RECEBER DECORRENTES DE CREDITOS ANTECIPADOS - TOMADA DE CONTAS ESPECIAL;Não;Não
113410208;CREDITOS A RECEBER DECORRENTES DE FALTA OU IRREGULARIDADE DE COMPROVAÇÃO - TOMADA DE CONTAS ESPECIAL;Não;Não
113410209;CREDITOS A RECEBER DECORRENTES DE FALTA DE LICITAÇÃO - TOMADA DE CONTAS ESPECIAL;Não;Não
113410210;MULTAS E JUROS A RECEBER DE SERVIDORES RESPONSABILIZADOS - TOMADA DE CONTAS ESPECIAL;Não;Não
113410211;CREDITOS A RECEBER DECORRENTES DE FALTA DE RECOLHIMENTO DE OBRIGAÇÕES PECUNIARIAS - TOMADA DE CONTAS ESPECIAL;Não;Não
113410212;CREDITOS A RECEBER DECORRENTES DE FRAUDES EM BENEFICIOS - TOMADA DE CONTAS ESPECIAL;Não;Não
113410213;CREDITOS A RECEBER DECORRENTES DE ADIANTAMENTOS CONCEDIDOS IRREGULARMENTE  - TOMADA DE CONTAS ESPECIAL;Não;Não
113410214;CREDITOS A RECEBER POR USO INDEVIDO DE COTA - TOMADA DE CONTAS ESPECIAL;Não;Não
113410215;CREDITOS A RECEBER ORIUNDOS DE USO OU ALUGUEL - TOMADA DE CONTAS ESPECIAL;Não;Não
113410299;OUTROS CREDITOS A RECEBER APURADOS EM TOMADA DE CONTAS ESPECIAL;Não;Não
113410300;CRÉDITOS POR DANOS AO PATRIMONIO APURADOS EM PROCESSOS JUDICIAIS;Não;Não
113419900;DEMAIS CRÉDITOS POR DANOS AO PATRIMÔNIO;Não;Não
113420000;CRÉDITOS POR DANOS AO PATRIMONIO- INTRA OFSS;Não;Não
113430000;CRÉDITOS POR DANOS AO PATRIMONIO- INTER OFSS - UNIÃO;Não;Não
113440000;CRÉDITOS POR DANOS AO PATRIMONIO- INTER OFSS - ESTADO;Não;Não
113450000;CRÉDITOS POR DANOS AO PATRIMONIO- INTER OFSS - MUNICÍPIO;Não;Não
113500000;DEPÓSITOS RESTITUÍVEIS E VALORES VINCULADOS - A RECEBER;Não;Não
113510000;DEPÓSITOS RESTITUÍVEIS E VALORES VINCULADOS - CONSOLIDAÇÃO;Não;Não
113510100;DEPÓSITOS E CAUÇÕES RELATIVOS A CONTRATOS OU CONVENÇÕES;Não;Não
113510200;DEPÓSITOS JUDICIAIS;Não;Não
113510300;DEPÓSITOS PARA INTERPOSIÇÃO DE RECURSOS;Não;Não
113510400;DEPÓSITOS ESPECIAIS;Não;Não
113510500;VALORES APREENDIDOS POR DECISÃO JUDICIAL;Não;Não
113510600;DEPÓSITOS TRANSFERIDOS;Não;Não
113510700;DEPÓSITOS COMPULSÓRIOS;Não;Não
113510800;CONTA ESPECIAL - PRECATÓRIOS;Não;Não
113510802;CONTA ESPECIAL - PRECATÓRIOS;Não;Não
113519900;OUTROS DEPÓSITOS RESTITUÍVEIS E VALORES VINCULADOS;Não;Não
113520000;DEPÓSITOS RESTITUÍVEIS E VALORES VINCULADOS - INTRA OFSS;Não;Não
113530000;DEPÓSITOS RESTITUÍVEIS E VALORES VINCULADOS - INTER OFSS - UNIÃO;Não;Não
113540000;DEPÓSITOS RESTITUÍVEIS E VALORES VINCULADOS - INTER OFSS - ESTADO;Não;Não
113550000;DEPÓSITOS RESTITUÍVEIS E VALORES VINCULADOS - INTER OFSS - MUNICÍPIO;Não;Não
113600000;CRÉDITOS PREVIDENCIÁRIOS A RECEBER A CURTO PRAZO;Não;Não
113610000;CRÉDITOS PREVIDENCIÁRIOS A RECEBER A CURTO PRAZO - CONSOLIDAÇÃO;Não;Não
113610100;CONTRIBUIÇÕES PREVIDENCIÁRIAS A RECEBER -;Não;Não
113610101;CONTRIBUIÇÕES DO RPPS A RECEBER - SERVIDOR, APOSENTADO E PENSIONISTA;Não;Não
113610200;CRÉDITOS PREVIDENCIÁRIOS PARCELADOS;Não;Não
113610201;CRÉDITOS PREVIDENCIÁRIOS DO RPPS PARCELADOS - SERVIDOR, APOSENTADO E PENSIONISTA;Não;Não
113619900;OUTROS CRÉDITOS PREVIDENCIÁRIOS A RECEBER;Não;Não
113620000;CRÉDITOS PREVIDENCIÁRIOS A RECEBER A CURTO PRAZO - INTRA OFSS;Não;Não
113620100;CONTRIBUIÇÕES PREVIDENCIÁRIAS A RECEBER -;Não;Não
113620101;CONTRIBUIÇÕES DO RPPS A RECEBER - PATRONAL;Não;Não
113620102;CONTRIBUIÇÕES DO RPPS A RECEBER - SERVIDOR, APOSENTADO E PENSIONISTA;Não;Não
113620200;CRÉDITOS PREVIDENCIÁRIOS PARCELADOS;Não;Não
113620201;CRÉDITOS PREVIDENCIÁRIOS DO RPPS PARCELADOS - PATRONAL;Não;Não
113620202;CRÉDITOS PREVIDENCIÁRIOS DO RPPS PARCELADOS - SERVIDOR, APOSENTADO E PENSIONISTA;Não;Não
113620300;COMPENSAÇÃO FINANCEIRA ENTRE REGIMES PREVIDENCIÁRIOS;Não;Não
113620301;CRÉDITOS DO RPPS DA UNIÃO JUNTO AO RGPS;Não;Não
113620302;CRÉDITOS DO RGPS JUNTO AO RPPS DA UNIÃO;Não;Não
113620400;APORTE PERIÓDICO;Não;Não
113620500;CONTRIBUIÇÃO SUPLEMENTAR;Não;Não
113620600;COBERTURA DE INSUFICIÊNCIA FINANCEIRA;Não;Não
113620700;CONTRIBUIÇÃO EXTRAORDINÁRIA;Não;Não
113629900;OUTROS CRÉDITOS PREVIDENCIÁRIOS;Não;Não
113629901;OUTROS CRÉDITOS PREVIDENCIÁRIOS - NÃO PARCELADOS;Não;Não
113629902;OUTROS CRÉDITOS PREVIDENCIÁRIOS PARCELADOS;Não;Não
113629999;DEMAIS CRÉDITOS PREVIDENCIÁRIOS A RECEBER;Não;Não
113630000;CRÉDITOS PREVIDENCIÁRIOS A RECEBER A CURTO PRAZO - INTER OFSS - UNIÃO;Não;Não
113630100;CONTRIBUIÇÕES DO RPPS A RECEBER;Não;Não
113630200;CRÉDITOS PREVIDENCIÁRIOS PARCELADOS;Não;Não
113630300;COMPENSAÇÃO FINANCEIRA ENTRE REGIMES PREVIDENCIÁRIOS;Não;Não
113630301;CRÉDITOS DO RPPS JUNTO AO RGPS;Não;Não
113630302;CRÉDITOS DO RPPS JUNTO AO RPPS DA UNIÃO;Não;Não
113639900;OUTROS CRÉDITOS PREVIDENCIÁRIOS;Não;Não
113639901;OUTROS CRÉDITOS PREVIDENCIÁRIOS - NÃO PARCELADOS;Não;Não
113639902;OUTROS CRÉDITOS PREVIDENCIÁRIOS PARCELADOS;Não;Não
113639999;DEMAIS CRÉDITOS PREVIDENCIÁRIOS A RECEBER;Não;Não
113640000;CRÉDITOS PREVIDENCIÁRIOS A RECEBER A CURTO PRAZO - INTER OFSS - ESTADO;Não;Não
113640100;CONTRIBUIÇÕES DO RPPS A RECEBER;Não;Não
113640200;CRÉDITOS PREVIDENCIÁRIOS PARCELADOS;Não;Não
113640300;COMPENSAÇÃO FINANCEIRA ENTRE REGIMES PREVIDENCIÁRIOS;Não;Não
113640301;CRÉDITOS DO RPPS JUNTO AO RPPS DE ESTADO;Não;Não
113640302;CRÉDITOS DO RGPS JUNTO AO RPPS DE ESTADO;Não;Não
113649900;OUTROS CRÉDITOS PREVIDENCIÁRIOS;Não;Não
113649901;OUTROS CRÉDITOS PREVIDENCIÁRIOS - NÃO PARCELADOS;Não;Não
113649902;OUTROS CRÉDITOS PREVIDENCIÁRIOS PARCELADOS;Não;Não
113649999;DEMAIS CRÉDITOS PREVIDENCIÁRIOS A RECEBER;Não;Não
113650000;CRÉDITOS PREVIDENCIÁRIOS A RECEBER A CURTO PRAZO - INTER OFSS - MUNICÍPIO;Não;Não
113650100;CONTRIBUIÇÕES DO RPPS A RECEBER;Não;Não
113650200;CRÉDITOS PREVIDENCIÁRIOS PARCELADOS;Não;Não
113650300;COMPENSAÇÃO FINANCEIRA ENTRE REGIMES PREVIDENCIÁRIOS;Não;Não
113650301;CRÉDITOS DO RPPS JUNTO AO RPPS DE MUNICÍPIO;Não;Não
113650302;CRÉDITOS DO RGPS JUNTO AO RPPS DE MUNICÍPIO;Não;Não
113659900;OUTROS CRÉDITOS PREVIDENCIÁRIOS;Não;Não
113659901;OUTROS CRÉDITOS PREVIDENCIÁRIOS - NÃO PARCELADOS;Não;Não
113659902;OUTROS CRÉDITOS PREVIDENCIÁRIOS PARCELADOS;Não;Não
113659999;DEMAIS CRÉDITOS PREVIDENCIÁRIOS A RECEBER;Não;Não
113800000;OUTROS CRÉDITOS A RECEBER E VALORES A CURTO PRAZO;Não;Não
113810000;OUTROS CRÉDITOS A RECEBER E VALORES A CURTO PRAZO - CONSOLIDAÇÃO;Não;Não
113810100;ALUGUÉIS A RECEBER;Não;Não
113810200;CRÉDITOS A RECEBER DECORRENTES DE PERMISSÃO DE USO DE BENS PÚBLICOS;Não;Não
113810300;VALORES A RECUPERAR DECORRENTES DE INDENIZAÇÕES POR SINISTROS PAGOS;Não;Não
113810400;VALES, TICKETS E BILHETES;Não;Não
113810600;VALORES EM TRÂNSITO REALIZÁVEIS A CURTO PRAZO;Não;Não
113810700;CRÉDITOS A RECEBER DECORRENTES DE INFRAÇÕES LEGAIS E CONTRATUAIS;Não;Não
113810800;CRÉDITOS A RECEBER POR REEMBOLSO DE SALÁRIO FAMÍLIA PAGO;SIM;Não
113810900;CRÉDITOS A RECEBER POR REEMBOLSO DE SALÁRIO MATERNIDADE PAGO;SIM;Não
113811000;AUXÍLIO NATALIDADE PAGO A RECUPERAR;Não;Não
113811100;CRÉDITOS A RECEBER POR REEMBOLSO DE AUXÍLIO DOENÇA E ACIDENTES PAGOS;Não;Não
113811200;CRÉDITOS A RECEBER POR CESSÃO DE PESSOAL;Não;Não
113811300;CRÉDITOS A RECEBER DECORRENTES DE CESSÃO DE ÁREAS PÚBLICAS;Não;Não
113811400;CRÉDITOS A RECEBER DECORRENTES DE ALIENAÇÃO DE BENS MÓVEIS E IMÓVEIS;Não;Não
113811500;CRÉDITOS A RECEBER DECORRENTES DE PAGAMENTO DE DESPESA DE TERCEIROS;Não;Não
113811600;CRÉDITOS A RECEBER POR ACERTO FINANCEIRO COM SERVIDORES E EX-SERVIDORES;Não;Não
113811700;CRÉDITOS A RECEBER DECORRENTES DE FOLHA DE PAGAMENTO;Não;Não
113811800;DIVIDENDOS PROPOSTOS A RECEBER;Não;Não
113812000;REMUNERAÇÃO DE DEBÊNTURES A RECEBER;Não;Não
113812700;TÍTULOS A RECEBER;Não;Não
113812800;CREDITOS A RECEBER DE ENTIDADES FEDERAIS;Não;Não
113812900;CREDITOS A RECEBER DE ENTIDADES ESTADUAIS, DISTRITAIS E MUNICIPAIS;Não;Não
113813100;CRÉDITOS A RECEBER DE PARCELAMENTOS;Não;Não
113813200;CRÉDITOS A RECEBER SOBRE INDENIZAÇÃO DE SEGUROS;Não;Não
113819900;OUTROS CRÉDITOS A RECEBER E VALORES DE CURTO PRAZO;Não;Não
113820000;OUTROS CRÉDITOS A RECEBER E VALORES A CURTO PRAZO - INTRA OFSS;Não;Não
113821700;CRÉDITOS A RECEBER DECORRENTES DE FOLHA DE PAGAMENTO;Não;Não
113829900;OUTROS CRÉDITOS A RECEBER E VALORES DE CURTO PRAZO;Não;Não
113830000;OUTROS CRÉDITOS A RECEBER E VALORES A CURTO PRAZO -INTER OFSS - UNIÃO;Não;Não
113840000;OUTROS CRÉDITOS A RECEBER E VALORES A CURTO PRAZO - INTER OFSS - ESTADO;Não;Não
113850000;OUTROS CRÉDITOS A RECEBER E VALORES A CURTO PRAZO - INTER OFSS - MUNICÍPIO;Não;Não
113900000;(-) AJUSTE DE PERDAS DE DEMAIS CRÉDITOS E VALORES A CURTO PRAZO;Não;Não
113910000;(-) AJUSTE DE PERDAS DE DEMAIS CRÉDITOS E VALORES A CURTO PRAZO - CONSOLIDAÇÃO;Não;Não
113910300;(-) AJUSTE PARA PERDAS EM CRÉDITOS A RECEBER POR DESCENTRALIZAÇÃO DA PRESTAÇÃO DE SERVIÇOS PÚBLICOS;Não;Não
113910400;(-) AJUSTE PARA PERDAS EM CRÉDITOS POR DANOS AO PATRIMÔNIO;Não;Não
113910401;(-) AJUSTE PARA PERDAS EM CRÉDITOS ADMINISTRATIVOS;Não;Não
113910402;(-) AJUSTE PARA PERDAS EM CRÉDITOS APURADOS EM TOMADA DE CONTAS ESPECIAL;Não;Não
113910403;(-) AJUSTE PARA PERDAS EM CRÉDITOS APURADOS EM PROCESSOS JUDICIAIS;Não;Não
113919900;(-) AJUSTE PARA PERDAS DE DEMAIS CRÉDITOS E VALORES A CURTO PRAZO;Não;Não
113920000;(-) AJUSTE DE PERDAS DE DEMAIS CRÉDITOS E VALORES A CURTO PRAZO - INTRA OFSS;Não;Não
113930000;(-) AJUSTE DE PERDAS DE DEMAIS CRÉDITOS E VALORES A CURTO PRAZO - INTER OFSS - UNIÃO;Não;Não
113940000;(-) AJUSTE DE PERDAS DE DEMAIS CRÉDITOS E VALORES A CURTO PRAZO - INTER OFSS - ESTADO;Não;Não
113950000;(-) AJUSTE DE PERDAS DE DEMAIS CRÉDITOS E VALORES A CURTO PRAZO - INTER OFSS - MUNICÍPIO;Não;Não
114000000;INVESTIMENTOS E APLICAÇÕES TEMPORÁRIAS A CURTO PRAZO;Não;Não
114100000;TÍTULOS E VALORES MOBILIÁRIOS;Não;Não
114110000;TÍTULOS E VALORES MOBILIARIOS- CONSOLIDAÇÃO;Não;Não
114110100;TÍTULOS PÚBLICOS;Não;Não
114110200;AÇÕES;Não;Não
114110300;DERIVATIVOS;Não;Não
114119900;OUTROS TÍTULOS E VALORES MOBILIÁRIOS;Não;Não
114200000;APLICAÇÃO TEMPORÁRIA EM METAIS PRECIOSOS;Não;Não
114210000;APLICAÇÃO TEMPORÁRIA EM METAIS PRECIOSOS- CONSOLIDAÇÃO;Não;Não
114300000;APLICAÇÕES EM SEGMENTO DE IMÓVEIS;Não;Não
114310000;APLICAÇÕES EM SEGMENTO DE IMÓVEIS - CONSOLIDAÇÃO;Não;Não
114400000;INVESTIMENTOS E APLICAÇÕES TEMPORÁRIAS DE CURTO PRAZO - RPPS;Não;Não
114410000;INVESTIMENTOS E APLICAÇÕES TEMPORÁRIAS DE CURTO PRAZO DO RPPS - CONSOLIDAÇÃO;Não;Não
114410100;APLICAÇÕES EM SEGMENTO DE RENDA FIXA - RPPS - PLANO EM CAPITALIZAÇÃO;Não;Não
114410101;TÍTULOS PÚBLICOS DE EMISSÃO DO TESOURO NACIONAL;Não;Não
114410102;FUNDOS DE INVESTIMENTO QUE APLICAM EXCLUSIVAMENTE EM TÍTULOS DE EMISSÃO DO TESOURO NACIONAL OU COMPROMISSADAS LASTREADAS NESSES TÍTULOS;Não;Não
114410103;FUNDOS DE INVESTIMENTO EM ÍNDICE DE MERCADO DE RENDA FIXA;Não;Não
114410104;OPERAÇÕES COMPROMISSADAS LASTREADAS EM TÍTULOS PÚBLICOS DE EMISSÃO DO TESOURO NACIONAL;Não;Não
114410105;FUNDOS DE INVESTIMENTO EM RENDA FIXA;Não;Não
114410106;ATIVOS FINANCEIROS DE RENDA FIXA DE EMISSÃO COM OBRIGAÇÃO OU COOBRIGAÇÃO DE INSTITUIÇÃO FINANCEIRA BANCÁRIA;Não;Não
114410107;FUNDOS DE INVESTIMENTO EM DIREITOS CREDITÓRIOS;Não;Não
114410108;FUNDOS DE INVESTIMENTO EM RENDA FIXA COM SUFIXO 'CRÉDITO PRIVADO';Não;Não
114410109;FUNDOS DE INVESTIMENTO DE DEBÊNTURES DE INFRAESTUTURA;Não;Não
114410200;APLICAÇÕES EM SEGMENTO DE RENDA VARIAVEL - RPPS - PLANO EM CAPITALIZAÇÃO;Não;Não
114410201;FUNDOS DE INVESTIMENTO EM AÇÕES;Não;Não
114410202;FUNDOS DE INVESTIMENTO EM ÍNDICE DE MERCADO DE RENDA VARIÁVEL;Não;Não
114410300;APLICAÇÕES DO RPPS EM FUNDOS DE INVESTIMENTO NO EXTERIOR - PLANO EM CAPITALIZAÇÃO;Não;Não
114410301;FUNDO DE INVESTIMENTO - 'RENDA FIXA - DÍVIDA EXTERNA';Não;Não
114410302;FUNDO DE INVESTIMENTO - SUFIXO 'INVESTIMENTO NO EXTERIOR';Não;Não
114410303;FUNDOS DE INVESTIMENTO DA CLASSE 'AÇÕES - BDR NÍVEL I';Não;Não
114410400;APLICAÇÕES EM FUNDOS DE INVESTIMENTO ESTRUTURADOS - RPPS - PLANO EM CAPITALIZAÇÃO;Não;Não
114410401;FUNDOS DE INVESTIMENTO MULTIMERCADO;Não;Não
114410402;FUNDOS DE INVESTIMENTOS EM PARTICIPAÇÕES;Não;Não
114410403;FUNDOS DE INVESTIMENTO - 'AÇÕES - MERCADO DE ACESSO';Não;Não
114410500;APLICAÇÕES EM FUNDOS DO SEGMENTO IMOBILIARIO - RPPS - PLANO EM CAPITALIZAÇÃO;Não;Não
114410600;APLICAÇÕES EM ENQUADRAMENTO - RPPS - PLANO EM CAPITALIZAÇÃO;Não;Não
114410700;TITULOS E VALORES NAO SUJEITOS AO ENQUADRAMENTO - RPPS - PLANO EM CAPITALIZAÇÃO;Não;Não
114411100;APLICAÇÕES EM SEGMENTO DE RENDA FIXA - RPPS - PLANO EM REPARTIÇÃO;Não;Não
114411101;TÍTULOS PÚBLICOS DE EMISSÃO DO TESOURO NACIONAL;Não;Não
114411102;FUNDOS DE INVESTIMENTO QUE APLICAM EXCLUSIVAMENTE EM TÍTULOS DE EMISSÃO DO TESOURO NACIONAL OU COMPROMISSADAS LASTREADAS NESSES TÍTULOS;Não;Não
114411103;FUNDOS DE INVESTIMENTO EM ÍNDICE DE MERCADO DE RENDA FIXA;Não;Não
114411104;OPERAÇÕES COMPROMISSADAS LASTREADAS EM TÍTULOS PÚBLICOS DE EMISSÃO DO TESOURO NACIONAL;Não;Não
114411105;FUNDOS DE INVESTIMENTO EM RENDA FIXA;Não;Não
114411106;ATIVOS FINANCEIROS DE RENDA FIXA DE EMISSÃO COM OBRIGAÇÃO OU COOBRIGAÇÃO DE INSTITUIÇÃO FINANCEIRA BANCÁRIA;Não;Não
114411107;FUNDOS DE INVESTIMENTO EM DIREITOS CREDITÓRIOS;Não;Não
114411108;FUNDOS DE INVESTIMENTO EM RENDA FIXA COM SUFIXO 'CRÉDITO PRIVADO';Não;Não
114411109;FUNDOS DE INVESTIMENTO DE DEBÊNTURES DE INFRAESTUTURA;Não;Não
114411200;APLICAÇÕES EM SEGMENTO DE RENDA VARIAVEL - RPPS - PLANO EM REPARTIÇÃO;Não;Não
114411201;FUNDOS DE INVESTIMENTO EM AÇÕES;Não;Não
114411202;FUNDOS DE INVESTIMENTO EM ÍNDICE DE MERCADO DE RENDA VARIÁVEL;Não;Não
114411300;APLICAÇÕES DO RPPS EM FUNDOS DE INVESTIMENTO NO EXTERIOR - PLANO EM REPARTIÇÃO;Não;Não
114411301;FUNDO DE INVESTIMENTO - 'RENDA FIXA - DÍVIDA EXTERNA';Não;Não
114411302;FUNDO DE INVESTIMENTO - SUFIXO 'INVESTIMENTO NO EXTERIOR';Não;Não
114411303;FUNDOS DE INVESTIMENTO DA CLASSE 'AÇÕES - BDR NÍVEL I';Não;Não
114411400;APLICAÇÕES EM FUNDOS DE INVESTIMENTO ESTRUTURADOS - RPPS - PLANO EM REPARTIÇÃO;Não;Não
114411401;FUNDOS DE INVESTIMENTO MULTIMERCADO;Não;Não
114411402;FUNDOS DE INVESTIMENTOS EM PARTICIPAÇÕES;Não;Não
114411403;FUNDOS DE INVESTIMENTO - 'AÇÕES - MERCADO DE ACESSO';Não;Não
114411500;APLICAÇÕES EM FUNDOS DO SEGMENTO IMOBILIARIO - RPPS - PLANO EM REPARTIÇÃO;Não;Não
114411600;APLICAÇÕES EM ENQUADRAMENTO - RPPS - PLANO EM REPARTIÇÃO;Não;Não
114411700;TITULOS E VALORES NAO SUJEITOS AO ENQUADRAMENTO - RPPS - PLANO EM REPARTIÇÃO;Não;Não
114413000;APLICAÇÕES COM A TAXA DE ADMINISTRAÇÃO DO RPPS;Não;Não
114419900;OUTROS INVESTIMENTOS DO RPPS;Não;Não
114900000;(-) AJUSTE DE PERDAS DE INVESTIMENTOS E APLICAÇÕES TEMPORÁRIAS;Não;Não
114910000;(-) AJUSTE DE PERDAS DE INVESTIMENTOS E APLICAÇÕES TEMPORÁRIAS - CONSOLIDAÇÃO;Não;Não
114910100;(-) AJUSTE DE PERDAS ESTIMADAS COM TÍTULOS E VALORES MOBILIÁRIOS;Não;Não
114910200;(-) AJUSTE DE PERDAS ESTIMADAS COM APLICAÇÕES TEMPORÁRIAS EM METAIS PRECIOSOS;Não;Não
114910300;(-) REDUÇÃO A VALOR RECUPERÁVEL DE TÍTULOS E VALORES MOBILIÁRIOS;Não;Não
114910400;(-) REDUÇÃO A VALOR RECUPERÁVEL DE APLICAÇÕES TEMPORÁRIAS EM METAIS PRECIOSOS;Não;Não
114910500;(-) AJUSTE DE PERDAS ESTIMADAS COM TÍTULOS E VALORES MOBILIÁRIOS - RPPS - PLANO EM CAPITALIZAÇÃO;Não;Não
114910600;(-) AJUSTE DE PERDAS ESTIMADAS COM TÍTULOS E VALORES MOBILIÁRIOS - RPPS - PLANO EM REPARTIÇÃO;Não;Não
114910700;(-) REDUÇÃO A VALOR RECUPERÁVEL DE TÍTULOS E VALORES MOBILIÁRIOS RPPS - PLANO EM CAPITALIZAÇÃO;Não;Não
114910800;(-) REDUÇÃO A VALOR RECUPERÁVEL DE TÍTULOS E VALORES MOBILIÁRIOS RPPS - PLANO EM REPARTIÇÃO;Não;Não
114910900;(-) REDUÇÃO A VALOR RECUPERÁVEL DE TÍTULOS E VALORES MOBILIÁRIOS RPPS - ADMINISTRAÇÃO;Não;Não
114919900;(-) OUTROS AJUSTE DE PERDAS DE INVESTIMENTOS E APLICAÇÕES TEMPORÁRIAS;Não;Não
115000000;ESTOQUES;Não;Não
115100000;MERCADORIAS PARA REVENDA OU DOAÇÃO;Não;Não
115110000;MERCADORIAS PARA REVENDA OU DOAÇÃO - CONSOLIDAÇÃO;Não;Não
115110100;MERCADORIAS PARA VENDA OU REVENDA;Não;Não
115110200;MERCADORIAS ESTOQUES REGULATÓRIOS;Não;Não
115110300;MERCADORIAS PARA DOAÇÃO;Não;Não
115119900;OUTRAS MERCADORIAS PARA REVENDA;Não;Não
115200000;PRODUTOS E SERVIÇOS ACABADOS;Não;Não
115210000;PRODUTOS E SERVIÇOS ACABADOS - CONSOLIDAÇÃO;Não;Não
115210100;PRODUTOS ACABADOS;Não;Não
115210200;SERVICOS ACABADOS;Não;Não
115300000;PRODUTOS E SERVIÇOS EM ELABORAÇÃO;Não;Não
115310000;PRODUTOS E SERVIÇOS EM ELABORAÇÃO - CONSOLIDAÇÃO;Não;Não
115310100;PRODUTOS EM ELABORAÇÃO;Não;Não
115310200;SERVICOS EM ELABORAÇÃO;Não;Não
115400000;MATÉRIAS-PRIMAS;Não;Não
115410000;MATÉRIAS-PRIMAS - CONSOLIDAÇÃO;Não;Não
115410100;MATERIAS-PRIMAS - ARMAZENS PROPRIOS;Não;Não
115410200;MATERIAS-PRIMAS - ARMAZENS DE TERCEIROS;Não;Não
115500000;MATERIAIS EM TRANSITO;Não;Não
115510000;MATERIAIS EM TRANSITO - CONSOLIDAÇÃO;Não;Não
115510100;MATERIAL EM TRANSITO;Não;Não
115600000;ALMOXARIFADO;Não;Não
115610000;ALMOXARIFADO - CONSOLIDAÇÃO;Não;Não
115610100;MATERIAL DE CONSUMO;Não;Não
115610200;GÊNEROS ALIMENTÍCIOS;Não;Não
115610300;MATERIAIS DE CONSTRUÇÃO;Não;Não
115610400;AUTOPEÇAS;Não;Não
115610500;MEDICAMENTOS E MATERIAIS HOSPITALARES;Não;Não
115610600;MATERIAIS GRÁFICOS;Não;Não
115610700;MATERIAL DE EXPEDIENTE;Não;Não
115610800;MATERIAIS A CLASSIFICAR;Não;Não
115610900;ESTOQUE SOBRESSALENTES A ALIENAR;Não;Não
115619900;OUTROS - ALMOXARIFADO;Não;Não
115800000;OUTROS ESTOQUES;Não;Não
115810000;OUTROS ESTOQUES - CONSOLIDAÇÃO;Não;Não
115900000;(-) AJUSTE DE PERDAS DE ESTOQUES;Não;Não
115910000;(-) AJUSTE DE PERDAS DE ESTOQUES - CONSOLIDAÇÃO;Não;Não
115910100;(-) AJUSTE DE PERDAS DE ESTOQUES;Não;Não
115910200;(-) AJUSTE DE PERDAS PARA REDUÇÃO AO VALOR DE MERCADO;Não;Não
116000000;ATIVO NÃO CIRCULANTE MANTIDO PARA VENDA;Não;Não
116100000;INVESTIMENTO MANTIDO PARA VENDA;Não;Não
116110000;INVESTIMENTO MANTIDO PARA VENDA - CONSOLIDAÇÃO;Não;Não
116120000;INVESTIMENTO MANTIDO PARA VENDA - INTRA OFSS;Não;Não
116130000;INVESTIMENTO MANTIDO PARA VENDA - INTER OFSS - UNIÃO;Não;Não
116140000;INVESTIMENTO MANTIDO PARA VENDA - INTER OFSS - ESTADO;Não;Não
116150000;INVESTIMENTO MANTIDO PARA VENDA - INTER OFSS - MUNICÍPIO;Não;Não
116200000;IMOBILIZADO MANTIDO PARA VENDA;Não;Não
116210000;IMOBILIZADO MANTIDO PARA VENDA - CONSOLIDAÇÃO;Não;Não
116300000;INTANGÍVEL MANTIDO PARA VENDA;Não;Não
116310000;INTANGÍVEL MANTIDO PARA VENDA - CONSOLIDAÇÃO;Não;Não
116900000;(-) REDUÇÃO A VALOR RECUPERÁVEL DE ATIVOS MANTIDOS PARA VENDA;Não;Não
116910000;(-) REDUÇÃO A VALOR RECUPERÁVEL DE ATIVOS MANTIDOS PARA VENDA - CONSOLIDAÇÃO;Não;Não
116920000;(-) REDUÇÃO A VALOR RECUPERÁVEL DE ATIVOS MANTIDOS PARA VENDA - INTRA OFSS;Não;Não
116930000;(-) REDUÇÃO A VALOR RECUPERÁVEL DE ATIVOS MANTIDOS PARA VENDA - INTER OFSS - UNIÃO;Não;Não
116940000;(-) REDUÇÃO A VALOR RECUPERÁVEL DE ATIVOS MANTIDOS PARA VENDA - INTER OFSS - ESTADO;Não;Não
116950000;(-) REDUÇÃO A VALOR RECUPERÁVEL DE ATIVOS MANTIDOS PARA VENDA - INTER OFSS - MUNICÍPIO;Não;Não
117000000;ATIVO BIOLÓGICO;Não;Não
117100000;ATIVO BIOLÓGICO;Não;Não
117110000;ATIVO BIOLÓGICO - CONSOLIDAÇÃO;Não;Não
119000000;VARIAÇÕES PATRIMONIAIS DIMINUTIVAS PAGAS ANTECIPADAMENTE;Não;Não
119100000;PRÊMIOS DE SEGUROS A APROPRIAR;Não;Não
119110000;PRÊMIOS DE SEGUROS A APROPRIAR - CONSOLIDAÇÃO;Não;Não
119120000;PRÊMIOS DE SEGUROS A APROPRIAR - INTRA OFSS;Não;Não
119130000;PRÊMIOS DE SEGUROS A APROPRIAR - INTER OFSS - UNIÃO;Não;Não
119140000;PRÊMIOS DE SEGUROS A APROPRIAR - INTER OFSS - ESTADO;Não;Não
119150000;PRÊMIOS DE SEGUROS A APROPRIAR - INTER OFSS - MUNICÍPIO;Não;Não
119200000;VPD FINANCEIRAS A APROPRIAR;Não;Não
119210000;VPD FINANCEIRAS A APROPRIAR - CONSOLIDAÇÃO;Não;Não
119220000;VPD FINANCEIRAS A APROPRIAR - INTRA OFSS;Não;Não
119230000;VPD FINANCEIRAS A APROPRIAR - INTER OFSS - UNIÃO;Não;Não
119240000;VPD FINANCEIRAS A APROPRIAR - INTER OFSS - ESTADO;Não;Não
119250000;VPD FINANCEIRAS A APROPRIAR - INTER OFSS - MUNICÍPIO;Não;Não
119300000;ASSINATURAS E ANUIDADES A APROPRIAR;Não;Não
119310000;ASSINATURAS E ANUIDADES A APROPRIAR - CONSOLIDAÇÃO;Não;Não
119320000;ASSINATURAS E ANUIDADES A APROPRIAR - INTRA OFSS;Não;Não
119330000;ASSINATURAS E ANUIDADES A APROPRIAR - INTER OFSS - UNIÃO;Não;Não
119340000;ASSINATURAS E ANUIDADES A APROPRIAR - INTER OFSS - ESTADO;Não;Não
119350000;ASSINATURAS E ANUIDADES A APROPRIAR - INTER OFSS - MUNICÍPIO;Não;Não
119400000;ALUGUEIS PAGOS A APROPRIAR;Não;Não
119410000;ALUGUEIS PAGOS A APROPRIAR - CONSOLIDAÇÃO;Não;Não
119420000;ALUGUEIS PAGOS A APROPRIAR - INTRA OFSS;Não;Não
119430000;ALUGUEIS PAGOS A APROPRIAR - INTER OFSS - UNIÃO;Não;Não
119440000;ALUGUEIS PAGOS A APROPRIAR - INTER OFSS - ESTADO;Não;Não
119450000;ALUGUEIS PAGOS A APROPRIAR - INTER OFSS - MUNICÍPIO;Não;Não
119500000;TRIBUTOS PAGOS A APROPRIAR;Não;Não
119510000;TRIBUTOS PAGOS A APROPRIAR - CONSOLIDAÇÃO;Não;Não
119520000;TRIBUTOS PAGOS A APROPRIAR - INTRA OFSS;Não;Não
119530000;TRIBUTOS PAGOS A APROPRIAR - INTER OFSS - UNIÃO;Não;Não
119540000;TRIBUTOS PAGOS A APROPRIAR - INTER OFSS - ESTADO;Não;Não
119550000;TRIBUTOS PAGOS A APROPRIAR - INTER OFSS - MUNICÍPIO;Não;Não
119600000;CONTRIBUIÇÕES CONFEDERATIVAS A APROPRIAR;Não;Não
119610000;CONTRIBUIÇÕES CONFEDERATIVAS A APROPRIAR - CONSOLIDAÇÃO;Não;Não
119620000;CONTRIBUIÇÕES CONFEDERATIVAS A APROPRIAR - INTRA OFSS;Não;Não
119630000;CONTRIBUIÇÕES CONFEDERATIVAS A APROPRIAR - INTER OFSS - UNIÃO;Não;Não
119640000;CONTRIBUIÇÕES CONFEDERATIVAS A APROPRIAR - INTER OFSS - ESTADO;Não;Não
119650000;CONTRIBUIÇÕES CONFEDERATIVAS A APROPRIAR - INTER OFSS - MUNICÍPIO;Não;Não
119700000;BENEFÍCIOS A PESSOAL A APROPRIAR;Não;Não
119710000;BENEFÍCIOS A PESSOAL A APROPRIAR - CONSOLIDAÇÃO;Não;Não
119720000;BENEFÍCIOS A PESSOAL A APROPRIAR - INTRA OFSS;Não;Não
119730000;BENEFÍCIOS A PESSOAL A APROPRIAR - INTER OFSS - UNIÃO;Não;Não
119740000;BENEFÍCIOS A PESSOAL A APROPRIAR - INTER OFSS - ESTADO;Não;Não
119750000;BENEFÍCIOS A PESSOAL A APROPRIAR - INTER OFSS - MUNICÍPIO;Não;Não
119800000;DEMAIS VPD A APROPRIAR;Não;Não
119810000;DEMAIS VPD A APROPRIAR - CONSOLIDAÇÃO;Não;Não
119820000;DEMAIS VPD A APROPRIAR - INTRA OFSS;Não;Não
119830000;DEMAIS VPD A APROPRIAR - INTER OFSS - UNIÃO;Não;Não
119840000;DEMAIS VPD A APROPRIAR - INTER OFSS - ESTADO;Não;Não
119850000;DEMAIS VPD A APROPRIAR - INTER OFSS - MUNICÍPIO;Não;Não
120000000;ATIVO NÃO CIRCULANTE;Não;Não
121000000;ATIVO REALIZÁVEL A LONGO PRAZO;Não;Não
121100000;CRÉDITOS A LONGO PRAZO;Não;Não
121110000;CRÉDITOS A LONGO PRAZO - CONSOLIDAÇÃO;Não;Não
121110100;CRÉDITOS TRIBUTÁRIOS A RECEBER;Não;Não
121110101;IMPOSTOS;Não;Não
121110102;TAXAS;Não;Não
121110103;CONTRIBUIÇÕES DE MELHORIA;Não;Não
121110104;DEMAIS CONTRIBUIÇÕES;Não;Não
121110105;CONTRIBUIÇÕES PREVIDENCIÁRIAS DO RGPS A RECEBER;Não;Não
121110170;CRÉDITOS TRIBUTÁRIOS PARCELADOS;Não;Não
121110171;CRÉDITOS PREVIDENCIÁRIOS PARCELADOS;Não;Não
121110199;OUTROS CRÉDITOS TRIBUTÁRIOS A RECEBER;Não;Não
121110200;CLIENTES;Não;Não
121110201; FATURAS/DUPLICATAS A RECEBER;Não;Não
121110300;EMPRÉSTIMOS E FINANCIAMENTOS CONCEDIDOS;Não;Não
121110301;EMPRÉSTIMOS CONCEDIDOS A RECEBER;Não;Não
121110302;FINANCIAMENTOS CONCEDIDOS A RECEBER;Não;Não
121110303;EMPRÉSTIMOS A RECEBER - RPPS;Não;Não
121110399;OUTROS EMPRÉSTIMOS E FINANCIAMENTOS CONCEDIDOS;Não;Não
121110400;DÍVIDA ATIVA TRIBUTÁRIA;Não;Não
121110401;CRÉDITOS NÃO PREVIDENCIÁRIOS INSCRITOS;Não;Não
121110402;CRÉDITOS PREVIDENCIÁRIOS INSCRITOS;Não;Não
121110500;DÍVIDA ATIVA NÃO TRIBUTÁRIA;Não;Não
121110600;CRÉDITOS PREVIDENCIÁRIOS DO RPPS;Não;Não
121110601;CONTRIBUIÇÕES DO RPPS A RECEBER - SERVIDOR, APOSENTADO E PENSIONISTA;Não;Não
121110603;CRÉDITOS PREVIDENCIÁRIOS DO RPPS PARCELADOS - SERVIDOR, APOSENTADO E PENSIONISTA;Não;Não
121110700;CRÉDITOS DE TRANSFERÊNCIAS A RECEBER A LONGO PRAZO;Não;Não
121119700;OUTROS CRÉDITOS A LONGO PRAZO;Não;Não
121119900;(-) AJUSTE DE PERDAS DE CRÉDITOS A LONGO PRAZO;Não;Não
121119901;(-) AJUSTE DE PERDAS DE CRÉDITOS TRIBUTÁRIOS;Não;Não
121119902;(-) AJUSTE DE PERDAS DE CLIENTES;Não;Não
121119903;(-) AJUSTE DE PERDAS DE EMPRÉSTIMOS E FINANCIAMENTOS CONCEDIDOS;Não;Não
121119904;(-) AJUSTE DE PERDAS DE DÍVIDA ATIVA TRIBUTÁRIA;Não;Não
121119905;(-) AJUSTE DE PERDAS DE DÍVIDA ATIVA NÃO TRIBUTÁRIA;Não;Não
121119999;(-) OUTROS AJUSTES DE PERDAS DE CRÉDITOS A LONGO PRAZO;Não;Não
121120000;CRÉDITOS A LONGO PRAZO - INTRA OFSS;Não;Não
121120100;CRÉDITOS TRIBUTÁRIOS A RECEBER;Não;Não
121120200;CLIENTES;Não;Não
121120300;EMPRÉSTIMOS E FINANCIAMENTOS CONCEDIDOS;Não;Não
121120400;DÍVIDA ATIVA TRIBUTÁRIA;Não;Não
121120500;DÍVIDA ATIVA NÃO TRIBUTÁRIA;Não;Não
121120600;CRÉDITOS PREVIDENCIÁRIOS DO RPPS;Não;Não
121120601;CONTRIBUIÇÕES DO RPPS A RECEBER - SERVIDOR, APOSENTADO E PENSIONISTA;Não;Não
121120602;CRÉDITOS PREVIDENCIÁRIOS DO RPPS - PATRONAL;Não;Não
121120603;CRÉDITOS PREVIDENCIÁRIOS DO RPPS PARCELADOS - SERVIDOR, APOSENTADO E PENSIONISTA;Não;Não
121120604;CRÉDITOS PREVIDENCIÁRIOS DO RPPS PARCELADOS - PATRONAL;Não;Não
121120605;CRÉDITOS DECORRENTES DA COMPENSAÇÃO FINANCEIRA ENTRE REGIMES PREVIDENCIÁRIOS;Não;Não
121120698;OUTROS CRÉDITOS PREVIDENCIÁRIOS - NÃO PARCELADOS;Não;Não
121120699;OUTROS CRÉDITOS PREVIDENCIÁRIOS PARCELADOS;Não;Não
121120700;CRÉDITOS DE TRANSFERÊNCIAS A RECEBER A LONGO PRAZO;Não;Não
121129700;OUTROS CRÉDITOS A LONGO PRAZO;Não;Não
121129900;(-) AJUSTE DE PERDAS DE CRÉDITOS A LONGO PRAZO;Não;Não
121129901;(-) AJUSTE DE PERDAS DE CRÉDITOS TRIBUTÁRIOS;Não;Não
121129902;(-) AJUSTE DE PERDAS DE CLIENTES;Não;Não
121129903;(-) AJUSTE DE PERDAS DE EMPRÉSTIMOS E FINANCIAMENTOS CONCEDIDOS;Não;Não
121129904;(-) AJUSTE DE PERDAS DE DÍVIDA ATIVA TRIBUTÁRIA;Não;Não
121129905;(-) AJUSTE DE PERDAS DE DÍVIDA ATIVA NÃO TRIBUTÁRIA;Não;Não
121129999;(-) OUTROS AJUSTES DE PERDAS DE CRÉDITOS A LONGO PRAZO;Não;Não
121130000;CRÉDITOS A LONGO PRAZO - INTER OFSS - UNIÃO;Não;Não
121130100;CRÉDITOS TRIBUTÁRIOS A RECEBER;Não;Não
121130200;CLIENTES;Não;Não
121130300;EMPRÉSTIMOS E FINANCIAMENTOS CONCEDIDOS;Não;Não
121130400;DÍVIDA ATIVA TRIBUTÁRIA;Não;Não
121130500;DÍVIDA ATIVA NÃO TRIBUTÁRIA;Não;Não
121130600;CRÉDITOS PREVIDENCIÁRIOS DO RPPS;Não;Não
121130601;CONTRIBUIÇÕES DO RPPS A RECEBER - SERVIDOR, APOSENTADO E PENSIONISTA;Não;Não
121130602;CRÉDITOS PREVIDENCIÁRIOS DO RPPS - PATRONAL;Não;Não
121130603;CRÉDITOS PREVIDENCIÁRIOS DO RPPS PARCELADOS - SERVIDOR, APOSENTADO E PENSIONISTA;Não;Não
121130604;CRÉDITOS PREVIDENCIÁRIOS DO RPPS PARCELADOS - PATRONAL;Não;Não
121130605;CRÉDITOS DECORRENTES DA COMPENSAÇÃO FINANCEIRA ENTRE REGIMES PREVIDENCIÁRIOS;Não;Não
121130698;OUTROS CRÉDITOS PREVIDENCIÁRIOS - NÃO PARCELADOS;Não;Não
121130699;OUTROS CRÉDITOS PREVIDENCIÁRIOS PARCELADOS;Não;Não
121130700;CRÉDITOS DE TRANSFERÊNCIAS A RECEBER A LONGO PRAZO;Não;Não
121139700;OUTROS CRÉDITOS A LONGO PRAZO;Não;Não
121139900;(-) AJUSTE DE PERDAS DE CRÉDITOS A LONGO PRAZO;Não;Não
121139901;(-) AJUSTE DE PERDAS DE CRÉDITOS TRIBUTÁRIOS;Não;Não
121139902;(-) AJUSTE DE PERDAS DE CLIENTES;Não;Não
121139903;(-) AJUSTE DE PERDAS DE EMPRÉSTIMOS E FINANCIAMENTOS CONCEDIDOS;Não;Não
121139904;(-) AJUSTE DE PERDAS DE DÍVIDA ATIVA TRIBUTÁRIA;Não;Não
121139905;(-) AJUSTE DE PERDAS DE DÍVIDA ATIVA NÃO TRIBUTÁRIA;Não;Não
121139999;(-) OUTROS AJUSTES DE PERDAS DE CRÉDITOS A LONGO PRAZO;Não;Não
121140000;CRÉDITOS A LONGO PRAZO - INTER OFSS - ESTADO;Não;Não
121140100;CRÉDITOS TRIBUTÁRIOS A RECEBER;Não;Não
121140200;CLIENTES;Não;Não
121140300;EMPRÉSTIMOS E FINANCIAMENTOS CONCEDIDOS;Não;Não
121140301;EMPRÉSTIMOS CONCEDIDOS;Não;Não
121140302;JUROS E ENCARGOS SOBRE EMPRÉSTIMOS CONCEDIDOS A RECEBER;Não;Não
121140303;FINANCIAMENTOS CONCEDIDOS;Não;Não
121140304;JUROS E ENCARGOS SOBRE FINANCIAMENTOS CONCEDIDOS A RECEBER;Não;Não
121140305;EMPRÉSTIMOS A RECEBER - RPPS - PLANO EM CAPITALIZAÇÃO;Não;Não
121140306;JUROS E ENCARGOS SOBRE EMPRÉSTIMOS A RECEBER - RPPS - PLANO EM CAPITALIZAÇÃO;Não;Não
121140307;FINANCIAMENTOS A RECEBER - RPPS - PLANO EM CAPITALIZAÇÃO;Não;Não
121140308;JUROS E ENCARGOS SOBRE FINANCIAMENTOS A RECEBER - RPPS - PLANO EM CAPITALIZAÇÃO;Não;Não
121140309;PROGRAMA DE REESTRUTURAÇÃO FISCAL DOS ESTADOS - CRÉDITOS A RECEBER;Não;Não
121140310;JUROS E ENCARGOS A RECEBER - PROGRAMA DE REESTRUTURAÇÃO FISCAL DOS ESTADOS;Não;Não
121140311;EMPRÉSTIMOS A RECEBER - RPPS - PLANO EM REPARTIÇÃO;Não;Não
121140312;JUROS E ENCARGOS SOBRE EMPRÉSTIMOS A RECEBER - RPPS - PLANO EM REPARTIÇÃO;Não;Não
121140313;FINANCIAMENTOS A RECEBER - RPPS - PLANO EM REPARTIÇÃO;Não;Não
121140314;JUROS E ENCARGOS SOBRE FINANCIAMENTOS A RECEBER - RPPS - PLANO EM REPARTIÇÃO;Não;Não
121140399;OUTROS EMPRÉSTIMOS E FINANCIAMENTOS CONCEDIDOS;Não;Não
121140400;DÍVIDA ATIVA TRIBUTÁRIA;Não;Não
121140500;DÍVIDA ATIVA NÃO TRIBUTÁRIA;Não;Não
121140600;CRÉDITOS PREVIDENCIÁRIOS DO RPPS;Não;Não
121140601;CONTRIBUIÇÕES DO RPPS A RECEBER - SERVIDOR, APOSENTADO E PENSIONISTA;Não;Não
121140602;CRÉDITOS PREVIDENCIÁRIOS DO RPPS - PATRONAL;Não;Não
121140603;CRÉDITOS PREVIDENCIÁRIOS DO RPPS PARCELADOS - SERVIDOR, APOSENTADO E PENSIONISTA;Não;Não
121140604;CRÉDITOS PREVIDENCIÁRIOS DO RPPS PARCELADOS - PATRONAL;Não;Não
121140605;CRÉDITOS DECORRENTES DA COMPENSAÇÃO FINANCEIRA ENTRE REGIMES PREVIDENCIÁRIOS;Não;Não
121140698;OUTROS CRÉDITOS PREVIDENCIÁRIOS - NÃO PARCELADOS;Não;Não
121140699;OUTROS CRÉDITOS PREVIDENCIÁRIOS PARCELADOS;Não;Não
121140700;CRÉDITOS DE TRANSFERÊNCIAS A RECEBER A LONGO PRAZO;Não;Não
121149700;OUTROS CRÉDITOS A LONGO PRAZO;Não;Não
121149900;(-) AJUSTE DE PERDAS DE CRÉDITOS A LONGO PRAZO;Não;Não
121149901;(-) AJUSTE DE PERDAS DE CRÉDITOS TRIBUTÁRIOS;Não;Não
121149902;(-) AJUSTE DE PERDAS DE CLIENTES;Não;Não
121149903;(-) AJUSTE DE PERDAS DE EMPRÉSTIMOS E FINANCIAMENTOS CONCEDIDOS;Não;Não
121149904;(-) AJUSTE DE PERDAS DE DÍVIDA ATIVA TRIBUTÁRIA;Não;Não
121149905;(-) AJUSTE DE PERDAS DE DÍVIDA ATIVA NÃO TRIBUTÁRIA;Não;Não
121149999;(-) OUTROS AJUSTES DE PERDAS DE CRÉDITOS A LONGO PRAZO;Não;Não
121150000;CRÉDITOS A LONGO PRAZO - INTER OFSS - MUNICÍPIO;Não;Não
121150100;CRÉDITOS TRIBUTÁRIOS A RECEBER;Não;Não
121150200;CLIENTES;Não;Não
121150300;EMPRÉSTIMOS E FINANCIAMENTOS CONCEDIDOS;Não;Não
121150301;EMPRÉSTIMOS CONCEDIDOS;Não;Não
121150302;JUROS E ENCARGOS SOBRE EMPRÉSTIMOS CONCEDIDOS A RECEBER;Não;Não
121150303;FINANCIAMENTOS CONCEDIDOS;Não;Não
121150304;JUROS E ENCARGOS SOBRE FINANCIAMENTOS CONCEDIDOS A RECEBER;Não;Não
121150305;EMPRÉSTIMOS A RECEBER - RPPS;Não;Não
121150306;JUROS E ENCARGOS SOBRE EMPRÉSTIMOS A RECEBER - RPPS;Não;Não
121150307;FINANCIAMENTOS A RECEBER - RPPS;Não;Não
121150308;JUROS E ENCARGOS SOBRE FINANCIAMENTOS A RECEBER - RPPS;Não;Não
121150309;PROGRAMA DE REESTRUTURAÇÃO FISCAL DOS MUNICÍPIOS - CRÉDITOS A RECEBER;Não;Não
121150310;JUROS E ENCARGOS A RECEBER - PROGRAMA DE REESTRUTURAÇÃO FISCAL DOS MUNICÍPIOS;Não;Não
121150399;OUTROS EMPRÉSTIMOS E FINANCIAMENTOS CONCEDIDOS;Não;Não
121150400;DÍVIDA ATIVA TRIBUTÁRIA;Não;Não
121150500;DÍVIDA ATIVA NÃO TRIBUTÁRIA;Não;Não
121150600;CRÉDITOS PREVIDENCIÁRIOS DO RPPS;Não;Não
121150601;CONTRIBUIÇÕES DO RPPS A RECEBER - SERVIDOR, APOSENTADO E PENSIONISTA;Não;Não
121150602;CRÉDITOS PREVIDENCIÁRIOS DO RPPS - PATRONAL;Não;Não
121150603;CRÉDITOS PREVIDENCIÁRIOS DO RPPS PARCELADOS - SERVIDOR, APOSENTADO E PENSIONISTA;Não;Não
121150604;CRÉDITOS PREVIDENCIÁRIOS DO RPPS PARCELADOS - PATRONAL;Não;Não
121150605;CRÉDITOS DECORRENTES DA COMPENSAÇÃO FINANCEIRA ENTRE REGIMES PREVIDENCIÁRIOS;Não;Não
121150698;OUTROS CRÉDITOS PREVIDENCIÁRIOS - NÃO PARCELADOS;Não;Não
121150699;OUTROS CRÉDITOS PREVIDENCIÁRIOS PARCELADOS;Não;Não
121150700;CRÉDITOS DE TRANSFERÊNCIAS A RECEBER A LONGO PRAZO;Não;Não
121159700;OUTROS CRÉDITOS A LONGO PRAZO;Não;Não
121159900;(-) AJUSTE DE PERDAS DE CRÉDITOS A LONGO PRAZO;Não;Não
121159901;(-) AJUSTE DE PERDAS DE CRÉDITOS TRIBUTÁRIOS;Não;Não
121159902;(-) AJUSTE DE PERDAS DE CLIENTES;Não;Não
121159903;(-) AJUSTE DE PERDAS DE EMPRÉSTIMOS E FINANCIAMENTOS CONCEDIDOS;Não;Não
121159904;(-) AJUSTE DE PERDAS DE DÍVIDA ATIVA TRIBUTÁRIA;Não;Não
121159905;(-) AJUSTE DE PERDAS DE DÍVIDA ATIVA NÃO TRIBUTÁRIA;Não;Não
121159999;(-) OUTROS AJUSTES DE PERDAS DE CRÉDITOS A LONGO PRAZO;Não;Não
121200000;DEMAIS CRÉDITOS E VALORES A LONGO PRAZO;Não;Não
121210000;DEMAIS CRÉDITOS E VALORES A LONGO PRAZO - CONSOLIDAÇÃO;Não;Não
121210100;ADIANTAMENTOS CONCEDIDOS A PESSOAL E A TERCEIROS;Não;Não
121210101;ADIANTAMENTOS CONCEDIDOS A PESSOAL;Não;Não
121210199;ADIANTAMENTOS DIVERSOS CONCEDIDOS;Não;Não
121210200;TRIBUTOS A RECUPERAR/COMPENSAR;Não;Não
121210201;IPI A RECUPERAR/COMPENSAR;Não;Não
121210202;ICMS A RECUPERAR/COMPENSAR;Não;Não
121210203;ICMS DIFERIDO;Não;Não
121210204;IRRF A COMPENSAR;Não;Não
121210205;IR E CSLL A RECUPERAR/COMPENSAR;Não;Não
121210206;IR E CSLL DIFERIDOS;Não;Não
121210207;ISS A COMPENSAR;Não;Não
121210208;IPVA A COMPENSAR;Não;Não
121210209;IPTU A COMPENSAR;Não;Não
121210210;ITR A COMPENSAR;Não;Não
121210211;CONTRIBUIÇÃO AO RGPS A COMPENSAR;Não;Não
121210212;COFINS A RECUPERAR/COMPENSAR;Não;Não
121210213;PIS/PASEP A RECUPERAR/COMPENSAR;Não;Não
121210214;CIP A RECUPERAR/COMPENSAR;Não;Não
121210299;OUTROS TRIBUTOS A RECUPERAR/COMPENSAR;Não;Não
121210300;CRÉDITOS A RECEBER POR DESCENTRALIZAÇÃO DA PRESTAÇÃO DE SERVIÇOS PÚBLICOS;Não;Não
121210400;CRÉDITOS POR DANOS AO PATRIMÔNIO PROVENIENTES DE CRÉDITOS ADMINISTRATIVOS;Não;Não
121210401;CREDITOS A RECEBER DECORRENTES DE FOLHA DE PAGAMENTO;Não;Não
121210403;CREDITOS A RECEBER DECORRENTES DE ERRO ADMINISTRATIVO;Não;Não
121210404;CREDITOS A RECEBER DECORRENTES DE DOLO, MA-FE OU FRAUDE;Não;Não
121210405;CREDITOS A RECEBER DE SERVIDORES NAO RECOLHIDOS NO PRAZO LEGAL;Não;Não
121210406;CREDITOS A RECEBER POR DEBITOS DE TERCEIROS EM PRESTAÇÃO DE SERVICOS;Não;Não
121210407;MULTAS E JUROS A RECEBER DE SERVIDORES RESPONSABILIZADOS;Não;Não
121210408;CREDITOS A RECEBER POR USO INDEVIDO DE COTA;Não;Não
121210409;CREDITOS A RECEBER ORIUNDOS DE USO OU ALUGUEL;Não;Não
121210410;CREDITOS A RECEBER POR PAGAMENTOS INDEVIDOS DE BENEFICIOS PREVIDENCIARIOS;Não;Não
121210499;OUTROS CREDITOS ADMINISTRATIVOS;Não;Não
121210500;CRÉDITOS POR DANOS AO PATRIMÔNIO APURADOS EM TOMADA DE CONTAS ESPECIAL;Não;Não
121210501;CREDITOS A RECEBER DECORRENTES DE PAGAMENTOS INDEVIDOS -TOMADA DE CONTAS ESPECIAL;Não;Não
121210502;CREDITOS A RECEBER DE SERVIDORES NAO RECOLHIDOS NO PRAZO LEGAL - TOMADA DE CONTAS ESPECIAL;Não;Não
121210503;CREDITOS A RECEBER DECORRENTES DE DESFALQUES OU DESVIOS - TOMADA DE CONTAS ESPECIAL;Não;Não
121210504;CREDITOS A RECEBER POR DEBITOS DE TERCEIROS EM PRESTAÇÃO DE SERVICOS - TOMADA DE CONTAS ESPECIAL;Não;Não
121210505;CREDITOS A RECEBER DE RESPONSAVEIS POR DANOS OU PERDAS - TOMADA DE CONTAS ESPECIAL;Não;Não
121210506;CREDITOS A RECEBER DECORRENTES DE PAGAMENTOS SEM RESPALDO ORCAMENTARIO - TOMADA DE CONTAS ESPECIAL;Não;Não
121210507;CREDITOS A RECEBER DECORRENTES DE CREDITOS ANTECIPADOS - TOMADA DE CONTAS ESPECIAL;Não;Não
121210508;CREDITOS A RECEBER DECORRENTES DE FALTA OU IRREGULARIDADE DE COMPROVAÇÃO - TOMADA DE CONTAS ESPECIAL;Não;Não
121210509;CREDITOS A RECEBER DECORRENTES DE FALTA DE LICITAÇÃO - TOMADA DE CONTAS ESPECIAL;Não;Não
121210510;MULTAS E JUROS A RECEBER DE SERVIDORES RESPONSABILIZADOS - TOMADA DE CONTAS ESPECIAL;Não;Não
121210511;CREDITOS A RECEBER DECORRENTES DE FALTA DE RECOLHIMENTO DE OBRIGAÇÕES PECUNIARIAS - TOMADA DE CONTAS ESPECIAL;Não;Não
121210512;CREDITOS A RECEBER DECORRENTES DE FRAUDES EM BENEFICIOS - TOMADA DE CONTAS ESPECIAL;Não;Não
121210513;CREDITOS A RECEBER DECORRENTES DE ADIANTAMENTOS CONCEDIDOS IRREGULARMENTE  - TOMADA DE CONTAS ESPECIAL;Não;Não
121210514;CREDITOS A RECEBER POR USO INDEVIDO DE COTA - TOMADA DE CONTAS ESPECIAL;Não;Não
121210515;CREDITOS A RECEBER ORIUNDOS DE USO OU ALUGUEL - TOMADA DE CONTAS ESPECIAL;Não;Não
121210599;OUTRAS CREDITOS A RECEBER APURADOS EM TOMADA DE CONTAS ESPECIAL;Não;Não
121210600;DEPÓSITOS RESTITUÍVEIS E VALORES VINCULADOS;Não;Não
121210601;DEPÓSITOS E CAUÇÕES RELATIVOS A CONTRATOS OU CONVENÇÕES;Não;Não
121210602;DEPÓSITOS JUDICIAIS;Não;Não
121210603;DEPÓSITOS PARA INTERPOSIÇÃO DE RECURSOS;Não;Não
121210604;DEPÓSITOS ESPECIAIS;Não;Não
121210605;VALORES APREENDIDOS POR DECISÃO JUDICIAL;Não;Não
121210606;DEPÓSITOS TRANSFERIDOS;Não;Não
121210607;DEPÓSITOS COMPULSÓRIOS;Não;Não
121210699;OUTROS DEPÓSITOS RESTITUÍVEIS E VALORES VINCULADOS;Não;Não
121210700;CRÉDITOS POR DANOS AO PATRIMONIO APURADOS EM PROCESSOS JUDICIAIS;Não;Não
121210900;CONSIGNAÇÕES;Não;Não
121219800;OUTROS CRÉDITOS A RECEBER E VALORES A LONGO PRAZO;Não;Não
121219801;CRÉDITOS A RECEBER DE ENTIDADES FEDERAIS;Não;Não
121219802;CRÉDITOS A RECEBER POR CESSÃO DE CRÉDITOS;Não;Não
121219803;CRÉDITOS ORIUNDOS DE CONCESSÕES DE DIREITOS DE USO E DE EXPLORAÇÃO DE BENS;Não;Não
121219804;CRÉDITOS A RECEBER DE DEVEDORES DE CONVÊNIOS;Não;Não
121219805;CRÉDITOS A RECEBER DECORRENTES DE ALIENAÇÃO DE BENS MÓVEIS E IMÓVEIS;Não;Não
121219806;CRÉDITOS A RECEBER POR ACERTO FINANCEIRO COM SERVIDOR E EX-SERVIDOR;Não;Não
121219807;CRÉDITOS ADMINISTRATIVOS DECORRENTES DE AUTOS DE INFRAÇÃO;Não;Não
121219808;INDENIZAÇÕES A RECEBER;Não;Não
121219899;OUTROS CRÉDITOS A RECEBER E VALORES A LONGO PRAZO;Não;Não
121219900;(-) AJUSTE DE PERDAS DE DEMAIS CRÉDITOS E VALORES A LONGO PRAZO;Não;Não
121219901;(-) AJUSTE DE PERDAS DE DÍVIDA ATIVA NÃO TRIBUTÁRIA - DEMAIS CRÉDITOS;Não;Não
121219902;(-) AJUSTE DE PERDAS DE CRÉDITOS ADMINISTRATIVOS;Não;Não
121219903;(-) AJUSTE DE PERDAS DE CRÉDITOS APURADOS EM TOMADA DE CONTAS ESPECIAL;Não;Não
121219907;(-) AJUSTE DE PERDAS DE CRÉDITOS APURADOS EM DÍVIDA ATIVA NÃO TRIBUTÁRIA - DEMAIS CRÉDITOS;Não;Não
121219998;(-) AJUSTE DE PERDAS DE CRÉDITOS APURADOS EM OUTROS CRÉDITOS A RECEBER E VALORES A LONGO PRAZO;Não;Não
121220000;DEMAIS CRÉDITOS E VALORES A LONGO PRAZO - INTRA OFSS;Não;Não
121230000;DEMAIS CRÉDITOS E VALORES A LONGO PRAZO - INTER OFSS - UNIÃO;Não;Não
121240000;DEMAIS CRÉDITOS E VALORES A LONGO PRAZO - INTER OFSS - ESTADO;Não;Não
121250000;DEMAIS CRÉDITOS E VALORES A LONGO PRAZO - INTER OFSS - MUNICÍPIO;Não;Não
121300000;INVESTIMENTOS E APLICAÇÕES TEMPORÁRIAS A LONGO PRAZO;Não;Não
121310000;INVESTIMENTOS E APLICAÇÕES TEMPORÁRIAS A LONGO PRAZO - CONSOLIDAÇÃO;Não;Não
121310100;TÍTULOS E VALORES MOBILIÁRIOS;Não;Não
121310101;TÍTULOS PÚBLICOS - MERCADO ABERTO;Não;Não
121310102;AÇÕES;Não;Não
121310103;FUNDO DE APLICAÇÕES EM COTAS - RENDA VARIÁVEL;Não;Não
121310199;OUTROS TÍTULOS E VALORES MOBILIÁRIOS;Não;Não
121310200;APLICAÇÃO TEMPORÁRIA EM METAIS PRECIOSOS;Não;Não
121310201;APLICAÇÃO TEMPORÁRIA EM OURO;Não;Não
121310202;APLICAÇÃO TEMPORÁRIA EM OUTROS METAIS PRECIOSOS;Não;Não
121310300;APLICAÇÕES EM SEGMENTO DE IMÓVEIS;Não;Não
121310400;FUNDOS AVALIADOS A VALOR DE MERCADO;Não;Não
121310800;APLICAÇÕES DO RPPS EM TÍTULOS DO TESOURO NACIONAL MARCADOS NA CURVA;Não;Não
121310801;TÍTULOS DE RESPONSABILIDADE DO TESOURO;Não;Não
121319800;OUTROS INVESTIMENTOS E APLICAÇÕES TEMPORÁRIAS A LONGO PRAZO;Não;Não
121319900;(-) AJUSTE DE PERDAS DE INVESTIMENTOS E APLICAÇÕES TEMPORÁRIAS A LONGO PRAZO;Não;Não
121319901;(-) AJUSTE DE PERDAS COM TITULOS E VALORES MOBILIARIOS;Não;Não
121319902;(-) AJUSTE DE PERDAS COM APLICAÇÕES TEMPORARIAS EM METAIS PRECIOSOS;Não;Não
121319903;(-) AJUSTE DE PERDAS COM APLICAÇÕES EM SEGMENTO DE IMÓVEIS;Não;Não
121319904;(-) AJUSTE DE PERDAS DE FUNDOS AVALIADOS A VALOR DE MERCADO;Não;Não
121319999;(-) OUTROS AJUSTE DE PERDAS DE INVESTIMENTOS E APLICAÇÕES TEMPORÁRIAS A LONGO PRAZO;Não;Não
121400000;ESTOQUES;Não;Não
121410000;ESTOQUES - CONSOLIDAÇÃO;Não;Não
121410100;MERCADORIAS PARA REVENDA;Não;Não
121410200;PRODUTOS E SERVIÇOS ACABADOS;Não;Não
121410300;PRODUTOS E SERVIÇOS EM ELABORAÇÃO;Não;Não
121410400;MATÉRIAS-PRIMAS;Não;Não
121410500;MATÉRIAIS EM TRANSITO;Não;Não
121410600;ALMOXARIFADO;Não;Não
121410700;ADIANTAMENTOS A FORNECEDORES;Não;Não
121419800;OUTROS ESTOQUES;Não;Não
121419900;(-) AJUSTE DE PERDAS DE ESTOQUES;Não;Não
121500000;ATIVO BIOLÓGICO;Não;Não
121510000;ATIVO BIOLÓGICO - CONSOLIDAÇÃO;Não;Não
121900000;VARIAÇÕES PATRIMONIAIS DIMINUTIVAS PAGAS ANTECIPADAMENTE;Não;Não
121910000;VARIAÇÕES PATRIMONIAIS DIMINUTIVAS PAGAS ANTECIPADAMENTE- CONSOLIDAÇÃO;Não;Não
121910100;PRÊMIOS DE SEGUROS A APROPRIAR;Não;Não
121910200;VPD FINANCEIRAS A APROPRIAR;Não;Não
121910300;ASSINATURAS E ANUIDADES A APROPRIAR;Não;Não
121910400;ALUGUEIS PAGOS A APROPRIAR;Não;Não
121910500;TRIBUTOS PAGOS A APROPRIAR;Não;Não
121910600;CONTRIBUIÇÕES CONFEDERATIVAS A APROPRIAR;Não;Não
121910700;BENEFÍCIOS A APROPRIAR;Não;Não
121919900;DEMAIS VPD A APROPRIAR;Não;Não
121920000;VARIAÇÕES PATRIMONIAIS DIMINUTIVAS PAGAS ANTECIPADAMENTE- INTRA OFSS;Não;Não
121930000;VARIAÇÕES PATRIMONIAIS DIMINUTIVAS PAGAS ANTECIPADAMENTE- INTER OFSS - UNIÃO;Não;Não
121940000;VARIAÇÕES PATRIMONIAIS DIMINUTIVAS PAGAS ANTECIPADAMENTE- INTER OFSS - ESTADO;Não;Não
121950000;VARIAÇÕES PATRIMONIAIS DIMINUTIVAS PAGAS ANTECIPADAMENTE- INTER OFSS - MUNICÍPIO;Não;Não
122000000;INVESTIMENTOS;Não;Não
122100000;PARTICIPAÇÕES PERMANENTES;Não;Não
122110000;PARTICIPAÇÕES PERMANENTES - CONSOLIDAÇÃO;Não;Não
122110100;PARTICIPAÇÕES AVALIADAS PELO MÉTODO DE EQUIVALÊNCIA PATRIMONIAL;Não;Não
122110101;PARTICIPAÇÕES EM SOCIEDADES CONTROLADAS;Não;Não
122110102;PARTICIPAÇÕES EM SOCIEDADES CONTROLADAS EM CONJUNTO;Não;Não
122110103;PARTICIPAÇÕES EM SOCIEDADES COLIGADAS;Não;Não
122110104;MAIS-VALIA SOBRE OS ATIVOS DAS INVESTIDAS;Não;Não
122110105;ÁGIO SOBRE OS INVESTIMENTOS;Não;Não
122110106;ADIANTAMENTO PARA FUTURO AUMENTO DE CAPITAL;Não;Não
122110107;PARTICIPAÇÃO EM CONSÓRCIOS PÚBLICOS;Não;Não
122110108;PARTICIPAÇÃO EM FUNDOS;Não;Não
122110109;PARTICIPAÇÃO EM OUTRAS SOCIEDADES AVALIDAS POR EQUIVALÊNCIA PATRIMONIAL;Não;Não
122110195;OUTRAS PARTICIPAÇÕES - MEP;Não;Não
122110196;ÁGIO NA AQUISIÇÃO DE PARTICIPAÇÕES AVALIADAS PELO MEP;Não;Não
122110197;(-) AMORTIZAÇÃO DE ÁGIO NA AQUISIÇÃO DE PARTICIPAÇÕES AVALIADAS PELO MEP;Não;Não
122110198;(-) DESAGIO NA AQUISIÇÃO DE PARTICIPAÇÕES AVALIADAS PELO MEP;Não;Não
122110199;AMORTIZAÇÃO DE DESAGIO NA AQUISIÇÃO DE PARTICIPAÇÕES AVALIADAS PELO MEP;Não;Não
122110200;PARTICIPAÇÕES AVALIADAS PELO MÉTODO DE CUSTO;Não;Não
122110201;PARTICIPAÇÕES EM OUTRAS SOCIEDADES;Não;Não
122110203;PARTICIPAÇÃO EM FUNDOS;Não;Não
122110205;PARTICIPAÇÕES EM ORGANISMOS INTERNACIONAIS;Não;Não
122110206;ADIANTAMENTO PARA AUMENTO DE CAPITAL;Não;Não
122110299;OUTRAS PARTICIPAÇÕES;Não;Não
122120000;PARTICIPAÇÕES PERMANENTES - INTRA OFSS;Não;Não
122120100;PARTICIPAÇÕES AVALIADAS PELO MÉTODO DE EQUIVALÊNCIA PATRIMONIAL;Não;Não
122120101;PARTICIPAÇÕES EM SOCIEDADES CONTROLADAS;Não;Não
122120102;PARTICIPAÇÕES EM SOCIEDADES CONTROLADAS EM CONJUNTO;Não;Não
122120103;PARTICIPAÇÕES EM SOCIEDADES COLIGADAS;Não;Não
122120104;MAIS-VALIA SOBRE OS ATIVOS DAS INVESTIDAS;Não;Não
122120105;ÁGIO SOBRE OS INVESTIMENTOS;Não;Não
122120106;ADIANTAMENTO PARA FUTURO AUMENTO DE CAPITAL;Não;Não
122120107;PARTICIPAÇÃO EM CONSÓRCIOS PÚBLICOS;Não;Não
122120108;PARTICIPAÇÃO EM FUNDOS;Não;Não
122120109;PARTICIPAÇÃO EM OUTRAS SOCIEDADES AVALIDAS POR EQUIVALÊNCIA PATRIMONIAL;Não;Não
122120195;OUTRAS PARTICIPAÇÕES - MEP;Não;Não
122120196;ÁGIO NA AQUISIÇÃO DE PARTICIPAÇÕES AVALIADAS PELO MEP;Não;Não
122120197;(-) AMORTIZAÇÃO DE ÁGIO NA AQUISIÇÃO DE PARTICIPAÇÕES AVALIADAS PELO MEP;Não;Não
122120198;(-) DESAGIO NA AQUISIÇÃO DE PARTICIPAÇÕES AVALIADAS PELO MEP;Não;Não
122120199;AMORTIZAÇÃO DE DESAGIO NA AQUISIÇÃO DE PARTICIPAÇÕES AVALIADAS PELO MEP;Não;Não
122120200;PARTICIPAÇÕES AVALIADAS PELO MÉTODO DE CUSTO;Não;Não
122120201;PARTICIPAÇÕES EM OUTRAS SOCIEDADES;Não;Não
122120203;PARTICIPAÇÃO EM FUNDOS;Não;Não
122120205;PARTICIPAÇÕES EM ORGANISMOS INTERNACIONAIS;Não;Não
122120206;ADIANTAMENTO PARA AUMENTO DE CAPITAL;Não;Não
122120299;OUTRAS PARTICIPAÇÕES;Não;Não
122130000;PARTICIPAÇÕES PERMANENTES - INTER OFSS - UNIÃO;Não;Não
122130100;PARTICIPAÇÕES AVALIADAS PELO MÉTODO DE EQUIVALÊNCIA PATRIMONIAL;Não;Não
122130101;PARTICIPAÇÕES EM SOCIEDADES CONTROLADAS;Não;Não
122130102;PARTICIPAÇÕES EM SOCIEDADES CONTROLADAS EM CONJUNTO;Não;Não
122130103;PARTICIPAÇÕES EM SOCIEDADES COLIGADAS;Não;Não
122130104;MAIS-VALIA SOBRE OS ATIVOS DAS INVESTIDAS;Não;Não
122130105;ÁGIO SOBRE OS INVESTIMENTOS;Não;Não
122130106;ADIANTAMENTO PARA FUTURO AUMENTO DE CAPITAL;Não;Não
122130107;PARTICIPAÇÃO EM CONSÓRCIOS PÚBLICOS;Não;Não
122130108;PARTICIPAÇÃO EM FUNDOS;Não;Não
122130109;PARTICIPAÇÃO EM OUTRAS SOCIEDADES AVALIDAS POR EQUIVALÊNCIA PATRIMONIAL;Não;Não
122130195;OUTRAS PARTICIPAÇÕES - MEP;Não;Não
122130196;ÁGIO NA AQUISIÇÃO DE PARTICIPAÇÕES AVALIADAS PELO MEP;Não;Não
122130197;(-) AMORTIZAÇÃO DE ÁGIO NA AQUISIÇÃO DE PARTICIPAÇÕES AVALIADAS PELO MEP;Não;Não
122130198;(-) DESAGIO NA AQUISIÇÃO DE PARTICIPAÇÕES AVALIADAS PELO MEP;Não;Não
122130199;AMORTIZAÇÃO DE DESAGIO NA AQUISIÇÃO DE PARTICIPAÇÕES AVALIADAS PELO MEP;Não;Não
122130200;PARTICIPAÇÕES AVALIADAS PELO MÉTODO DE CUSTO;Não;Não
122130201;PARTICIPAÇÕES EM OUTRAS SOCIEDADES;Não;Não
122130203;PARTICIPAÇÃO EM FUNDOS;Não;Não
122130205;PARTICIPAÇÕES EM ORGANISMOS INTERNACIONAIS;Não;Não
122130206;ADIANTAMENTO PARA AUMENTO DE CAPITAL;Não;Não
122130299;OUTRAS PARTICIPAÇÕES;Não;Não
122140000;PARTICIPAÇÕES PERMANENTES - INTER OFSS - ESTADO;Não;Não
122140100;PARTICIPAÇÕES AVALIADAS PELO MÉTODO DE EQUIVALÊNCIA PATRIMONIAL;Não;Não
122140101;PARTICIPAÇÕES EM SOCIEDADES CONTROLADAS;Não;Não
122140102;PARTICIPAÇÕES EM SOCIEDADES CONTROLADAS EM CONJUNTO;Não;Não
122140103;PARTICIPAÇÕES EM SOCIEDADES COLIGADAS;Não;Não
122140104;MAIS-VALIA SOBRE OS ATIVOS DAS INVESTIDAS;Não;Não
122140105;ÁGIO SOBRE OS INVESTIMENTOS;Não;Não
122140106;ADIANTAMENTO PARA FUTURO AUMENTO DE CAPITAL;Não;Não
122140107;PARTICIPAÇÃO EM CONSÓRCIOS PÚBLICOS;Não;Não
122140108;PARTICIPAÇÃO EM FUNDOS;Não;Não
122140109;PARTICIPAÇÃO EM OUTRAS SOCIEDADES AVALIDAS POR EQUIVALÊNCIA PATRIMONIAL;Não;Não
122140195;OUTRAS PARTICIPAÇÕES - MEP;Não;Não
122140196;ÁGIO NA AQUISIÇÃO DE PARTICIPAÇÕES AVALIADAS PELO MEP;Não;Não
122140197;(-) AMORTIZAÇÃO DE ÁGIO NA AQUISIÇÃO DE PARTICIPAÇÕES AVALIADAS PELO MEP;Não;Não
122140198;(-) DESAGIO NA AQUISIÇÃO DE PARTICIPAÇÕES AVALIADAS PELO MEP;Não;Não
122140199;AMORTIZAÇÃO DE DESAGIO NA AQUISIÇÃO DE PARTICIPAÇÕES AVALIADAS PELO MEP;Não;Não
122140200;PARTICIPAÇÕES AVALIADAS PELO MÉTODO DE CUSTO;Não;Não
122140201;PARTICIPAÇÕES EM OUTRAS SOCIEDADES;Não;Não
122140203;PARTICIPAÇÃO EM FUNDOS;Não;Não
122140205;PARTICIPAÇÕES EM ORGANISMOS INTERNACIONAIS;Não;Não
122140206;ADIANTAMENTO PARA AUMENTO DE CAPITAL;Não;Não
122140299;OUTRAS PARTICIPAÇÕES;Não;Não
122150000;PARTICIPAÇÕES PERMANENTES - INTER OFSS - MUNICÍPIO;Não;Não
122150100;PARTICIPAÇÕES AVALIADAS PELO MÉTODO DE EQUIVALÊNCIA PATRIMONIAL;Não;Não
122150101;PARTICIPAÇÕES EM SOCIEDADES CONTROLADAS;Não;Não
122150102;PARTICIPAÇÕES EM SOCIEDADES CONTROLADAS EM CONJUNTO;Não;Não
122150103;PARTICIPAÇÕES EM SOCIEDADES COLIGADAS;Não;Não
122150104;MAIS-VALIA SOBRE OS ATIVOS DAS INVESTIDAS;Não;Não
122150105;ÁGIO SOBRE OS INVESTIMENTOS;Não;Não
122150106;ADIANTAMENTO PARA FUTURO AUMENTO DE CAPITAL;Não;Não
122150107;PARTICIPAÇÃO EM CONSÓRCIOS PÚBLICOS;Não;Não
122150108;PARTICIPAÇÃO EM FUNDOS;Não;Não
122150109;PARTICIPAÇÃO EM OUTRAS SOCIEDADES AVALIDAS POR EQUIVALÊNCIA PATRIMONIAL;Não;Não
122150195;OUTRAS PARTICIPAÇÕES - MEP;Não;Não
122150196;ÁGIO NA AQUISIÇÃO DE PARTICIPAÇÕES AVALIADAS PELO MEP;Não;Não
122150197;(-) AMORTIZAÇÃO DE ÁGIO NA AQUISIÇÃO DE PARTICIPAÇÕES AVALIADAS PELO MEP;Não;Não
122150198;(-) DESAGIO NA AQUISIÇÃO DE PARTICIPAÇÕES AVALIADAS PELO MEP;Não;Não
122150199;AMORTIZAÇÃO DE DESAGIO NA AQUISIÇÃO DE PARTICIPAÇÕES AVALIADAS PELO MEP;Não;Não
122150200;PARTICIPAÇÕES AVALIADAS PELO MÉTODO DE CUSTO;Não;Não
122150201;PARTICIPAÇÕES EM OUTRAS SOCIEDADES;Não;Não
122150203;PARTICIPAÇÃO EM FUNDOS;Não;Não
122150205;PARTICIPAÇÕES EM ORGANISMOS INTERNACIONAIS;Não;Não
122150206;ADIANTAMENTO PARA AUMENTO DE CAPITAL;Não;Não
122150299;OUTRAS PARTICICAÇÕES;Não;Não
122200000;PROPRIEDADES PARA INVESTIMENTO;Não;Não
122210000;PROPRIEDADES PARA INVESTIMENTO - CONSOLIDAÇÃO;Não;Não
122210100;BENS IMÓVEIS PARA FUTURA UTILIZAÇÃO;Não;Não
122210101;TERRENOS;Não;Não
122210102;EDIFÍCIOS;Não;Não
122210199;OUTROS BENS IMÓVEIS PARA FUTURA UTILIZAÇÃO;Não;Não
122210200;BENS IMOVEIS NÃO DESTINADOS A USO;Não;Não
122210201;TERRENOS;Não;Não
122210202;EDIFÍCIOS;Não;Não
122210299;OUTROS BENS IMÓVEIS NÃO DESTINADOS AO USO;Não;Não
122219900;OUTRAS PROPRIEDADES PARA INVESTIMENTOS;Não;Não
122300000;INVESTIMENTOS DO RPPS DE LONGO PRAZO;Não;Não
122310000;INVESTIMENTOS DO RPPS DE LONGO PRAZO - CONSOLIDAÇÃO;Não;Não
122310100;TITULOS E VALORES MOBILIÁRIOS - RPPS - PLANO EM CAPITALIZAÇÃO;Não;Não
122310101;TÍTULOS E VALORES EM ENQUADRAMENTO;Não;Não
122310102;TÍTULOS E VALORES NÃO SUJEITOS À RESOLUÇÃO DO CMN;Não;Não
122310200;APLICAÇÕES EM SEGMENTO DE IMÓVEIS - RPPS - PLANO EM CAPITALIZAÇÃO;Não;Não
122310202;TERRENO;Não;Não
122310203;PRÉDIO RESIDENCIAL;Não;Não
122310204;PRÉDIO COMERCIAL;Não;Não
122310205;LOJA;Não;Não
122310206;CASA;Não;Não
122310207;APARTAMENTO;Não;Não
122310299;OUTROS IMÓVEIS;Não;Não
122310300;TITULOS E VALORES MOBILIÁRIOS - RPPS - PLANO EM REPARTIÇÃO;Não;Não
122310400;APLICAÇÕES EM SEGMENTO DE IMÓVEIS - RPPS - PLANO EM REPARTIÇÃO;Não;Não
122310500;INVESTIMENTOS PERMANENTES RECEBIDOS DE LONGO PRAZO - PLANO EM CAPITALIZAÇÃO;Não;Não
122700000;DEMAIS INVESTIMENTOS PERMANENTES;Não;Não
122710000;DEMAIS INVESTIMENTOS PERMANENTES - CONSOLIDAÇÃO;Não;Não
122710100;OBRAS DE ARTE E OUTROS BENS SINGULARES;Não;Não
122710200;TÍTULOS E VALORES MOBILIÁRIOS PERMANENTE;Não;Não
122710300;BENS MOVEIS NÃO DESTINADOS A USO;Não;Não
122710400;BENS INTANGIVEIS NÃO DESTINADOS A USO;Não;Não
122719900;DEMAIS INVESTIMENTOS PERMANENTES;Não;Não
122800000;(-) DEPRECIAÇÃO ACUMULADA DE INVESTIMENTOS;Não;Não
122810000;(-) DEPRECIAÇÃO ACUMULADA DE INVESTIMENTOS - CONSOLIDAÇÃO;Não;Não
122810100;(-) DEPRECIAÇÃO ACUMULADA DE INVESTIMENTOS - CONSOLIDAÇÃO - PROPRIEDADES PARA INVESTIMENTO;Não;Não
122810101;(-) DEPRECIAÇÃO ACUMULADA DE BENS IMÓVEIS PARA FUTURA UTILIZAÇÃO;Não;Não
122810102;(-) DEPRECIAÇÃO ACUMULADA DE BENS IMOVEIS NÃO DESTINADOS A USO;Não;Não
122810199;(-) DEPRECIAÇÃO ACUMULADA OUTRAS PROPRIEDADES PARA INVESTIMENTOS;Não;Não
122819900;(-) DEPRECIAÇÃO ACUMULADA DE OUTROS INVESTIMENTOS;Não;Não
122900000;(-) REDUÇÃO AO VALOR RECUPERÁVEL DE INVESTIMENTOS;Não;Não
122910000;(-) REDUÇÃO AO VALOR RECUPERÁVEL DE INVESTIMENTOS - CONSOLIDAÇÃO;Não;Não
122910100;(-) REDUÇÃO AO VALOR RECUPERÁVEL DE INVESTIMENTOS - PARTICIPAÇÕES PERMANENTES;Não;Não
122910101;(-) REDUÇÃO AO VALOR RECUPERÁVEL DE PARTICIPAÇÕES AVALIADAS PELO MÉTODO DE EQUIVALÊNCIA PATRIMONIAL;Não;Não
122910102;(-) REDUÇÃO AO VALOR RECUPERÁVEL DE PARTICIPAÇÕES AVALIADAS PELO MÉTODO DE CUSTO;Não;Não
122910200;(-) REDUÇÃO AO VALOR RECUPERÁVEL DE PROPRIEDADES PARA INVESTIMENTO;Não;Não
122910201;(-) REDUÇÃO AO VALOR RECUPERÁVEL DE BENS IMÓVEIS PARA FUTURA UTILIZAÇÃO;Não;Não
122910202;(-) REDUÇÃO AO VALOR RECUPERÁVEL DE BENS IMOVEIS NÃO DESTINADOS A USO;Não;Não
122910300;(-) REDUÇÃO AO VALOR RECUPERÁVEL DE INVESTIMENTOS DO RPPS - FUNDO EM CAPITALIZAÇÃO;Não;Não
122910500;(-) REDUÇÃO AO VALOR RECUPERÁVEL DE INVESTIMENTOS DO RPPS - FUNDO EM REPARTIÇÃO;Não;Não
122919900;(-) REDUÇÃO AO VALOR RECUPERÁVEL DE INVESTIMENTOS - DEMAIS INVESTIMENTOS PERMANENTES;Não;Não
122920000;(-) REDUÇÃO AO VALOR RECUPERÁVEL DE INVESTIMENTOS-INTRA OFSS;Não;Não
122920100;(-) REDUÇÃO AO VALOR RECUPERÁVEL DE INVESTIMENTOS - PARTICIPAÇÕES PERMANENTES;Não;Não
122929900;(-) REDUÇÃO AO VALOR RECUPERÁVEL DE INVESTIMENTOS - DEMAIS INVESTIMENTOS PERMANENTES;Não;Não
122930000;(-) REDUÇÃO AO VALOR RECUPERÁVEL DE INVESTIMENTOS-INTER OFSS - UNIÃO;Não;Não
122930100;(-) REDUÇÃO AO VALOR RECUPERÁVEL DE INVESTIMENTOS - PARTICIPAÇÕES PERMANENTES;Não;Não
122939900;(-) REDUÇÃO AO VALOR RECUPERÁVEL DE INVESTIMENTOS - DEMAIS INVESTIMENTOS PERMANENTES;Não;Não
122940000;(-) REDUÇÃO AO VALOR RECUPERÁVEL DE INVESTIMENTOS-INTER OFSS - ESTADO;Não;Não
122940100;(-) REDUÇÃO AO VALOR RECUPERÁVEL DE INVESTIMENTOS - PARTICIPAÇÕES PERMANENTES;Não;Não
122949900;(-) REDUÇÃO AO VALOR RECUPERÁVEL DE INVESTIMENTOS - DEMAIS INVESTIMENTOS PERMANENTES;Não;Não
122950000;(-) REDUÇÃO AO VALOR RECUPERÁVEL DE INVESTIMENTOS-INTER OFSS - MUNICÍPIO;Não;Não
122950100;(-) REDUÇÃO AO VALOR RECUPERÁVEL DE INVESTIMENTOS - PARTICIPAÇÕES PERMANENTES;Não;Não
122959900;(-) REDUÇÃO AO VALOR RECUPERÁVEL DE INVESTIMENTOS - DEMAIS INVESTIMENTOS PERMANENTES;Não;Não
123000000;IMOBILIZADO;Não;Não
123100000;BENS MOVEIS;Não;Não
123110000;BENS MOVEIS- CONSOLIDAÇÃO;Não;Não
123110100;MÁQUINAS, APARELHOS, EQUIPAMENTOS E FERRAMENTAS;Não;Não
123110101;APARELHOS DE MEDIÇÃO E ORIENTAÇÃO;Não;Não
123110102;APARELHOS E EQUIPAMENTOS DE COMUNICAÇÃO;Não;Não
123110103;APARELHOS, EQUIPAMENTOS E UTENSÍLIOS MÉDICOS, ODONTOLÓGICOS, LABORATORIAIS E HOSPITALARES;Não;Não
123110104;APARELHOS E EQUIPAMENTOS PARA ESPORTES E DIVERSÕES;Não;Não
123110105;EQUIPAMENTO DE PROTEÇÃO, SEGURANÇA E SOCORRO;Não;Não
123110106;MÁQUINAS E EQUIPAMENTOS INDUSTRIAIS;Não;Não
123110107;MÁQUINAS E EQUIPAMENTOS ENERGÉTICOS;Não;Não
123110108;MÁQUINAS E EQUIPAMENTOS GRÁFICOS;Não;Não
123110109;MÁQUINAS, FERRAMENTAS E UTENSÍLIOS DE OFICINA;Não;Não
123110110;EQUIPAMENTOS DE MONTARIA;Não;Não
123110111;EQUIPAMENTOS E MATERIAL SIGILOSO E RESERVADO;Não;Não
123110112;EQUIPAMENTOS, PEÇAS E ACESSÓRIOS PARA AUTOMÓVEIS;Não;Não
123110113;EQUIPAMENTOS, PEÇAS E ACESSÓRIOS MARÍTIMOS;Não;Não
123110114;EQUIPAMENTOS, PEÇAS E ACESSÓRIOS AERONÁUTICOS;Não;Não
123110115;EQUIPAMENTOS, PEÇAS E ACESSÓRIOS DE PROTEÇÃO AO VOO;Não;Não
123110116;EQUIPAMENTOS DE MERGULHO E SALVAMENTO;Não;Não
123110117;EQUIPAMENTOS DE MANOBRAS E PATRULHAMENTO;Não;Não
123110118;EQUIPAMENTOS DE PROTEÇÃO E VIGILÂNCIA AMBIENTAL;Não;Não
123110119;MÁQUINAS, EQUIPAMENTOS E UTENSÍLIOS AGROPECUÁRIOS;Não;Não
123110120;MÁQUINAS, EQUIPAMENTOS E UTENSÍLIOS RODOVIÁRIOS;Não;Não
123110121;EQUIPAMENTOS HIDRÁULICOS E ELÉTRICOS;Não;Não
123110199;OUTRAS MÁQUINAS, APARELHOS, EQUIPAMENTOS E FERRAMENTAS;Não;Não
123110200;BENS DE INFORMÁTICA;Não;Não
123110201;EQUIPAMENTOS DE PROCESSAMENTO DE DADOS;Não;Não
123110202;EQUIPAMENTOS DE TECNOLOGIA DA INFORMAÇÃO;Não;Não
123110300;MÓVEIS E UTENSÍLIOS;Não;Não
123110301;APARELHOS E UTENSÍLIOS DOMÉSTICOS;Não;Não
123110302;MÁQUINAS E UTENSÍLIOS DE ESCRITÓRIO;Não;Não
123110303;MOBILIÁRIO EM GERAL;Não;Não
123110304;UTENSÍLIOS EM GERAL;Não;Não
123110400;MATERIAIS CULTURAIS, EDUCACIONAIS E DE COMUNICAÇÃO;Não;Não
123110401;BANDEIRAS, FLÂMULAS E INSÍGNIAS;Não;Não
123110402;COLEÇÕES E MATERIAIS BIBLIOGRÁFICOS;Não;Não
123110403;DISCOTECAS E FILMOTECAS;Não;Não
123110404;INSTRUMENTOS MUSICAIS E ARTÍSTICOS;Não;Não
123110405;EQUIPAMENTOS PARA ÁUDIO, VÍDEO E FOTO;Não;Não
123110406;OBRAS DE ARTE E PEÇAS PARA EXPOSIÇÃO;Não;Não
123110499;OUTROS MATERIAIS CULTURAIS, EDUCACIONAIS E DE COMUNICAÇÃO;Não;Não
123110500;VEÍCULOS;Não;Não
123110501;VEÍCULOS EM GERAL;Não;Não
123110502;VEÍCULOS FERROVIÁRIOS;Não;Não
123110503;VEÍCULOS DE TRAÇÃO MECÂNICA;Não;Não
123110504;CARROS DE COMBATE;Não;Não
123110505;AERONAVES;Não;Não
123110506;EMBARCAÇÕES;Não;Não
123110600;PEÇAS E CONJUNTOS DE REPOSIÇÃO;Não;Não
123110700;BENS MÓVEIS EM ANDAMENTO;Não;Não
123110701;BENS MÓVEIS EM ELABORACÃO;Não;Não
123110702;IMPORTAÇÕES EM ANDAMENTO;Não;Não
123110704;ALMOXARIFADO DE MATERIAIS A SEREM APLICADOS EM BENS EM ANDAMENTO;Não;Não
123110800;BENS MÓVEIS EM ALMOXARIFADO;Não;Não
123110801;ESTOQUE INTERNO;Não;Não
123110803;BENS MÓVEIS A REPARAR;Não;Não
123110805;BENS MÓVEIS INSERVÍVEIS;Não;Não
123110900;ARMAMENTOS;Não;Não
123111000;SEMOVENTES;Não;Não
123119900;DEMAIS BENS MÓVEIS;Não;Não
123119901;BENS MÓVEIS A ALIENAR;Não;Não
123119902;BENS EM PODER DE OUTRA UNIDADE OU TERCEIROS;Não;Não
123119908;BENS MÓVEIS A CLASSIFICAR;Não;Não
123119999;OUTROS BENS MÓVEIS;Não;Não
123200000;BENS IMÓVEIS;Não;Não
123210000;BENS IMOVEIS- CONSOLIDAÇÃO;Não;Não
123210100;BENS DE USO ESPECIAL;Não;Não
123210101;IMÓVEIS RESIDENCIAIS;Não;Não
123210102;IMÓVEIS COMERCIAIS;Não;Não
123210103;EDIFÍCIOS;Não;Não
123210104;TERRENOS/GLEBAS;Não;Não
123210105;ARMAZÉNS/GALPÕES;Não;Não
123210106;AQUARTELAMENTOS;Não;Não
123210107;AEROPORTOS/ESTAÇÕES/AERÓDROMOS;Não;Não
123210108;IMÓVEIS DE USO EDUCACIONAL;Não;Não
123210109;REPRESAS/AÇUDES;Não;Não
123210110;FAZENDAS, PARQUES E RESERVAS;Não;Não
123210111;IMÓVEIS DE USO RECREATIVO;Não;Não
123210112;FARÓIS;Não;Não
123210113;MUSEUS/PALÁCIOS;Não;Não
123210114;LABORATÓRIOS/OBSERVATÓRIOS;Não;Não
123210115;HOSPITAIS E UNIDADES DE SAÚDE;Não;Não
123210116;HOTÉIS;Não;Não
123210117;PRESÍDIOS/DELEGACIAS;Não;Não
123210118;PORTOS/ESTALEIROS;Não;Não
123210119;COMPLEXOS/FÁBRICAS/USINAS;Não;Não
123210120;CEMITÉRIOS;Não;Não
123210121;ESTACIONAMENTOS E GARAGENS;Não;Não
123210122;POSTOS DE FISCALIZAÇÃO;Não;Não
123210198;OUTROS BENS IMÓVEIS DE USO ESPECIAL;Não;Não
123210400;BENS DOMINICAIS;Não;Não
123210401;EDIFÍCIOS;Não;Não
123210402;APARTAMENTOS;Não;Não
123210403;ARMAZÉNS;Não;Não
123210404;CASAS;Não;Não
123210405;CEMITÉRIOS;Não;Não
123210407;GARAGENS E ESTACIONAMENTOS;Não;Não
123210408;FAZENDAS;Não;Não
123210409;GALPÕES;Não;Não
123210410;GLEBAS;Não;Não
123210411;LOJAS;Não;Não
123210412;SALAS;Não;Não
123210413;TERRENOS;Não;Não
123210414;LOTES;Não;Não
123210415;LOTES INDUSTRIAIS;Não;Não
123210416;GLEBAS URBANAS;Não;Não
123210417;GLEBAS URBANIZADAS;Não;Não
123210418;GLEBAS RURAIS;Não;Não
123210499;OUTROS BENS DOMINICAIS;Não;Não
123210500;BENS DE USO COMUM DO POVO;Não;Não
123210501;RUAS;Não;Não
123210502;PRAÇAS;Não;Não
123210503;ESTRADAS;Não;Não
123210504;PONTES;Não;Não
123210505;VIADUTOS;Não;Não
123210506;SISTEMAS DE ESGOTO E/OU DE ABASTECIMENTO DE ÁGUA;Não;Não
123210507;SISTEMAS DE ABASTECIMETNO DE ENERGIA;Não;Não
123210508;REDES DE TELECOMUNICAÇÕES;Não;Não
123210509;BENS DO PATRIMONIO CULTURAL;Não;Não
123210599;OUTROS BENS DE USO COMUM DO POVO;Não;Não
123210600;BENS IMÓVEIS EM ANDAMENTO;Não;Não
123210601;OBRAS EM ANDAMENTO;Não;Não
123210605;ESTUDOS E PROJETOS;Não;Não
123210700;INSTALAÇÕES;Não;Não
123210800;BENFEITORIAS EM PROPRIEDADE DE TERCEIROS;Não;Não
123219900;DEMAIS BENS IMÓVEIS;Não;Não
123219901;BENS IMÓVEIS LOCADOS PARA TERCEIROS;Não;Não
123219902;IMÓVEIS EM PODER DE TERCEIROS;Não;Não
123219903;MATERIAIS TEMPORARIAMENTE SEPARADOS DE IMÓVEIS;Não;Não
123219905;BENS IMÓVEIS A CLASSIFICAR;Não;Não
123219906;BENS IMÓVEIS A ALIENAR;Não;Não
123219999;OUTROS BENS IMÓVEIS;Não;Não
123700000;(-) SUBVENÇÃO GOVERNAMENTAL PARA INVESTIMENTOS;Não;Não
123710000;(-) SUBVENÇÃO GOVERNAMENTAL PARA INVESTIMENTOS - CONSOLIDAÇÃO;Não;Não
123720000;(-) SUBVENÇÃO GOVERNAMENTAL PARA INVESTIMENTOS - INTRA OFSS;Não;Não
123730000;(-) SUBVENÇÃO GOVERNAMENTAL PARA INVESTIMENTOS - INTER OFSS - UNIÃO;Não;Não
123740000;(-) SUBVENÇÃO GOVERNAMENTAL PARA INVESTIMENTOS - INTER OFSS - ESTADO;Não;Não
123750000;(-) SUBVENÇÃO GOVERNAMENTAL PARA INVESTIMENTOS - INTER OFSS - MUNICÍPIO;Não;Não
123800000;(-) DEPRECIAÇÃO, EXAUSTÃO E AMORTIZAÇÃO ACUMULADAS;Não;Não
123810000;(-) DEPRECIAÇÃO, EXAUSTÃO E AMORTIZAÇÃO ACUMULADAS - CONSOLIDAÇÃO;Não;Não
123810100;(-) DEPRECIAÇÃO ACUMULADA - BENS MÓVEIS;Não;Não
123810101;(-) DEPRECIAÇÃO ACUMULADA DE MÁQUINAS, APARELHOS, EQUIPAMENTOS E FERRAMENTAS;Não;Não
123810102;(-) DEPRECIAÇÃO ACUMULADA DE BENS DE INFORMÁTICA;Não;Não
123810103;(-) DEPRECIAÇÃO ACUMULADA DE MÓVEIS E UTENSÍLIOS;Não;Não
123810104;(-) DEPRECIAÇÃO ACUMULADA DE MATERIAIS CULTURAIS, EDUCACIONAIS E DE COMUNICAÇÃO;Não;Não
123810105;(-) DEPRECIAÇÃO ACUMULADA DE VEÍCULOS;Não;Não
123810106;(-) DEPRECIAÇÃO ACUMULADA DE PEÇAS E CONJUNTOS DE REPOSIÇÃO;Não;Não
123810107;(-) DEPRECIAÇÃO ACUMULADA DE BENS MÓVEIS EM ANDAMENTO;Não;Não
123810108;(-) DEPRECIAÇÃO ACUMULADA DE BENS MÓVEIS EM ALMOXARIFADO;Não;Não
123810109;(-) DEPRECIAÇÃO ACUMULADA DE ARMAMENTOS;Não;Não
123810110;(-) DEPRECIAÇÃO ACUMULADA DE SEMOVENTES;Não;Não
123810199;(-) DEPRECIAÇÃO ACUMULADA DE DEMAIS BENS MÓVEIS;Não;Não
123810200;(-) DEPRECIAÇÃO ACUMULADA - BENS IMÓVEIS;Não;Não
123810201;(-) DEPRECIAÇÃO ACUMULADA DE BENS DE USO ESPECIAL;Não;Não
123810202;(-) DEPRECIAÇÃO ACUMULADA DE BENS DOMINICAIS;Não;Não
123810203;(-) DEPRECIAÇÃO ACUMULADA DE BENS DE USO COMUM DO POVO;Não;Não
123810204;(-) DEPRECIAÇÃO ACUMULADA DE BENS IMÓVEIS EM ANDAMENTO;Não;Não
123810205;(-) DEPRECIAÇÃO ACUMULADA DE INSTALAÇÕES;Não;Não
123810206;(-) DEPRECIAÇÃO ACUMULADA DE BENFEITORIAS EM PROPRIEDADE DE TERCEIROS;Não;Não
123810299;(-) DEPRECIAÇÃO ACUMULADA DE DEMAIS BENS IMÓVEIS;Não;Não
123810300;(-) EXAUSTÃO ACUMULADA - BENS MÓVEIS;Não;Não
123810400;(-) EXAUSTÃO ACUMULADA - BENS IMÓVEIS;Não;Não
123810500;(-) AMORTIZAÇÃO ACUMULADA - BENS MÓVEIS;Não;Não
123810600;(-) AMORTIZAÇÃO ACUMULADA - BENS IMÓVEIS;Não;Não
123900000;(-) REDUÇÃO AO VALOR RECUPERÁVEL DE IMOBILIZADO;Não;Não
123910000;(-) REDUÇÃO AO VALOR RECUPERÁVEL DE IMOBILIZADO - CONSOLIDAÇÃO;Não;Não
123910100;(-) REDUÇÃO AO VALOR RECUPERÁVEL DE IMOBILIZADO - BENS MOVEIS;Não;Não
123910101;(-) REDUÇÃO A VALOR RECUPERÁVEL DE MÁQUINAS, APARELHOS, EQUIPAMENTOS E FERRAMENTAS;Não;Não
123910102;(-) REDUÇÃO A VALOR RECUPERÁVEL DE BENS DE INFORMÁTICA;Não;Não
123910103;(-) REDUÇÃO A VALOR RECUPERÁVEL DE MÓVEIS E UTENSÍLIOS;Não;Não
123910104;(-) REDUÇÃO A VALOR RECUPERÁVEL DE MATERIAIS CULTURAIS, EDUCACIONAIS E DE COMUNICAÇÃO;Não;Não
123910105;(-) REDUÇÃO A VALOR RECUPERÁVEL DE VEÍCULOS;Não;Não
123910106;(-) REDUÇÃO A VALOR RECUPERÁVEL DE PEÇAS E CONJUNTOS DE REPOSIÇÃO;Não;Não
123910107;(-) REDUÇÃO A VALOR RECUPERÁVEL DE BENS MÓVEIS EM ANDAMENTO;Não;Não
123910108;(-) REDUÇÃO A VALOR RECUPERÁVEL DE BENS MÓVEIS EM ALMOXARIFADO;Não;Não
123910109;(-) REDUÇÃO A VALOR RECUPERÁVEL DE ARMAMENTOS;Não;Não
123910110;(-) REDUÇÃO A VALOR RECUPERÁVEL DE SEMOVENTES;Não;Não
123910199;(-) REDUÇÃO A VALOR RECUPERÁVEL DE DEMAIS BENS MÓVEIS;Não;Não
123910200;(-) REDUÇÃO AO VALOR RECUPERÁVEL DE IMOBILIZADO - BENS IMÓVEIS;Não;Não
123910201;(-) REDUÇÃO A VALOR RECUPERÁVEL DE BENS DE USO ESPECIAL;Não;Não
123910202;(-) REDUÇÃO A VALOR RECUPERÁVEL DE BENS DOMINICAIS;Não;Não
123910203;(-) REDUÇÃO A VALOR RECUPERÁVEL DE BENS DE USO COMUM DO POVO;Não;Não
123910204;(-) REDUÇÃO A VALOR RECUPERÁVEL DE BENS IMÓVEIS EM ANDAMENTO;Não;Não
123910205;(-) REDUÇÃO A VALOR RECUPERÁVEL DE INSTALAÇÕES;Não;Não
123910206;(-) REDUÇÃO A VALOR RECUPERÁVEL DE BENFEITORIAS EM PROPRIEDADE DE TERCEIROS;Não;Não
123910299;(-) REDUÇÃO A VALOR RECUPERÁVEL DE DEMAIS BENS IMÓVEIS;Não;Não
124000000;INTANGÍVEL;Não;Não
124100000;SOFTWARES;Não;Não
124110000;SOFTWARES- CONSOLIDAÇÃO;Não;Não
124110100;SOFTWARES;Não;Não
124110200;SOFTWARES EM DESENVOLVIMENTO;Não;Não
124200000;MARCAS, DIREITOS E PATENTES INDUSTRIAIS;Não;Não
124210000;MARCAS, DIREITOS E PATENTES INDUSTRIAIS - CONSOLIDAÇÃO;Não;Não
124210100;MARCAS E PATENTES INDUSTRIAIS;Não;Não
124210200;CONCESSÃO DE DIREITO DE USO DE COMUNICAÇÃO;Não;Não
124210300;DIREITOS AUTORAIS;Não;Não
124210400;DIREITOS SOBRE RECURSOS NATURAIS;Não;Não
124210500;ADIANTAMENTO PARA TRANFERÊNCIA DE TECNOLOGIA;Não;Não
124219900;OUTROS DIREITOS - BENS INTANGÍVEIS;Não;Não
124300000;DIREITO DE USO DE IMÓVEIS;Não;Não
124310000;DIREITO DE USO DE IMOVEIS- CONSOLIDAÇÃO;Não;Não
124400000;PATRIMÔNIO CULTURAL INTANGÍVEL;Não;Não
124410000;PATRIMÔNIO CULTURAL INTANGÍVEL - CONSOLIDAÇÃO;Não;Não
124800000;(-) AMORTIZAÇÃO ACUMULADA;Não;Não
124810000;(-) AMORTIZAÇÃO ACUMULADA- CONSOLIDAÇÃO;Não;Não
124810100;(-) AMORTIZAÇÃO ACUMULADA - SOFTWARES;Não;Não
124810200;(-) AMORTIZAÇÃO ACUMULADA - MARCAS, DIREITOS E PATENTES;Não;Não
124810300;(-) AMORTIZAÇÃO ACUMULADA - DIREITO DE USO DE IMÓVEIS;Não;Não
124810400;(-) AMORTIZAÇÃO ACUMULADA - PATRIMÔNIO CULTURAL INTANGÍVEL;Não;Não
124819900;(-) OUTRAS AMORTIZAÇÕES ACUMULADAS;Não;Não
124900000;(-) REDUÇÃO AO VALOR RECUPERÁVEL DE INTANGÍVEL;Não;Não
124910000;(-) REDUÇÃO AO VALOR RECUPERÁVEL DE INTANGÍVEL - CONSOLIDAÇÃO;Não;Não
124910100;(-) REDUÇÃO AO VALOR RECUPERÁVEL DE INTANGÍVEL - SOFTWARES;Não;Não
124910200;(-) REDUÇÃO AO VALOR RECUPERÁVEL DE INTANGÍVEL - MARCAS, DIREITOS E PATENTES;Não;Não
124910300;(-) REDUÇÃO AO VALOR RECUPERÁVEL DE INTANGÍVEL-DIREITO DE USO;Não;Não
124910400;(-) REDUÇÃO AO VALOR RECUPERÁVEL DE INTANGÍVEL-PATRIMÔNIO CULTURAL INTANGÍVEL;Não;Não
124919900;(-) OUTRAS REDUÇÕES AO VALOR RECUPERÁVEL DE INTANGÍVEL;Não;Não
125000000;DIFERIDO;Não;Não
125100000;GASTOS DE IMPLANTAÇÃO E PRÉ-OPERACIONAIS;Não;Não
125110000;GASTOS DE IMPLANTAÇÃO E PRÉ-OPERACIONAIS - CONSOLIDAÇÃO;Não;Não
125200000;GASTOS DE REORGANIZAÇÃO;Não;Não
125210000;GASTOS DE REORGANIZAÇÃO - CONSOLIDAÇÃO;Não;Não
125900000;(-) AMORTIZAÇÃO ACUMULADA;Não;Não
125910000;(-) AMORTIZAÇÃO ACUMULADA - CONSOLIDAÇÃO;Não;Não
125910100;(-) AMORTIZAÇÃO ACUMULADA - GASTOS DE IMPLANTAÇÃO E PRÉ-OPERACIONAIS;Não;Não
125910200;(-) AMORTIZAÇÃO ACUMULADA - GASTOS DE REORGANIZAÇÃO;Não;Não
200000000;PASSIVO E PATRIMÔNIO LIQUIDO;Não;Não
210000000;PASSIVO CIRCULANTE;Não;Não
211000000;OBRIGAÇÕES TRABALHISTAS, PREVIDENCIÁRIAS E ASSISTENCIAIS A PAGAR A CURTO PRAZO;Não;Não
211100000;PESSOAL A PAGAR;Não;Não
211110000;PESSOAL A PAGAR - CONSOLIDAÇÃO;Não;Não
211110100;PESSOAL A PAGAR;Não;Não
211110101;SALÁRIOS, REMUNERAÇÕES E BENEFÍCIOS;Não;Não
211110102;DÉCIMO TERCEIRO SALÁRIO;Não;Não
211110103;FÉRIAS;Não;Não
211110104;LICENÇA- PRÊMIO;Não;Não
211110105;PARTICIPAÇÕES A EMPREGADOS;Não;Não
211110199;DEMAIS PESSOAL A PAGAR;Não;Não
211110400;PRECATÓRIOS DE PESSOAL - REGIME ESPECIAL;Não;Não
211110401;PRECATÓRIOS DE PESSOAL - REGIME ESPECIAL - ANTES DE 05/05/2000;Não;Não
211110402;PRECATÓRIOS DE PESSOAL - REGIME ESPECIAL - A PARTIR DE 05/05/2000 - VENCIDOS E NÃO PAGOS;Não;Não
211110403;PRECATÓRIOS DE PESSOAL - REGIME ESPECIAL - A PARTIR DE 05/05/2000 - NÃO VENCIDOS;Não;Não
211110500;PRECATÓRIOS DE PESSOAL - REGIME ORDINÁRIO;Não;Não
211110501;PRECATÓRIOS DE PESSOAL - REGIME ORDINÁRIO - ANTES DE 05/05/2000;Não;Não
211110502;PRECATÓRIOS DE PESSOAL - REGIME ORDINÁRIO - A PARTIR DE 05/05/2000 - VENCIDOS E NÃO PAGOS;Não;Não
211110503;PRECATÓRIOS DE PESSOAL - REGIME ORDINÁRIO - A PARTIR DE 05/05/2000 - NÃO VENCIDOS;Não;Não
211110600;PESSOAL A PAGAR - SENTENÇAS JUDICIAIS - EXCETO PRECATÓRIOS;Não;Não
211110700;OUTROS PRECATÓRIOS DE PESSOAL;Não;Não
211200000;BENEFÍCIOS PREVIDENCIÁRIOS A PAGAR;Não;Não
211210000;BENEFÍCIOS PREVIDENCIÁRIOS A PAGAR- CONSOLIDAÇÃO;Não;Não
211210100;BENEFICIOS PREVIDENCIARIOS A PAGAR;Não;Não
211210400;PRECATÓRIOS DE BENEFÍCIOS PREVIDENCIÁRIOS - REGIME ESPECIAL;Não;Não
211210401;PRECATÓRIOS DE BENEFÍCIOS PREVIDENCIÁRIOS - REGIME ESPECIAL - ANTES DE 05/05/2000;Não;Não
211210402;PRECATÓRIOS DE BENEFÍCIOS PREVIDENCIÁRIOS - REGIME ESPECIAL - A PARTIR DE 05/05/2000 - VENCIDOS E NÃO PAGOS;Não;Não
211210403;PRECATÓRIOS DE BENEFÍCIOS PREVIDENCIÁRIOS - REGIME ESPECIAL - A PARTIR DE 05/05/2000 - NÃO VENCIDOS;Não;Não
211210500;PRECATÓRIOS DE BENEFÍCIOS PREVIDENCIÁRIOS - REGIME ORDINÁRIO;Não;Não
211210501;PRECATÓRIOS DE BENEFÍCIOS PREVIDENCIÁRIOS - REGIME ORDINÁRIO - ANTES DE 05/05/2000;Não;Não
211210502;PRECATÓRIOS DE BENEFÍCIOS PREVIDENCIÁRIOS - REGIME ORDINÁRIO - A PARTIR DE 05/05/2000 - VENCIDOS E NÃO PAGOS;Não;Não
211210503;PRECATÓRIOS DE BENEFÍCIOS PREVIDENCIÁRIOS - REGIME ORDINÁRIO - A PARTIR DE 05/05/2000 - NÃO VENCIDOS;Não;Não
211210600;BENEFÍCIOS PREVIDENCIÁRIOS A PAGAR - DECISÕES JUDICIAIS - EXCETO PRECATÓRIOS;Não;Não
211210700;OUTROS PRECATÓRIOS DE BENEFICIOS PREVIDENCIÁRIOS;Não;Não
211220000;BENEFÍCIOS PREVIDENCIÁRIOS A PAGAR- INTRA OFSS;Não;Não
211220500;COMPENSAÇÃO FINANCEIRA ENTRE REGIMES PREVIDENCIÁRIOS;Não;Não
211220501;OBRIGAÇÕES DO RPPS DA UNIÃO JUNTO AO RGPS;Não;Não
211220502;OBRIGAÇÕES DO RGPS JUNTO AO RPPS DA UNIÃO;Não;Não
211220600;APORTE PARA COBERTURA DE DÉFICIT FINANCEIRO A PAGAR;Não;Não
211220700;APORTE PARA COBERTURA DE DÉFICIT ATUARIAL A PAGAR;Não;Não
211229900;OUTROS BENEFÍCIOS PREVIDENCIÁRIOS A PAGAR;Não;Não
211230000;BENEFÍCIOS PREVIDENCIÁRIOS A PAGAR - INTER OFSS - UNIÃO;Não;Não
211230500;COMPENSAÇÃO FINANCEIRA ENTRE REGIMES PREVIDENCIÁRIOS;Não;Não
211230501;OBRIGAÇÕES DO RPPS JUNTO AO RGPS;Não;Não
211230502;OBRIGAÇÕES DO RPPS JUNTO AO RPPS DA UNIÃO;Não;Não
211239900;OUTROS BENEFÍCIOS PREVIDENCIÁRIOS A PAGAR;Não;Não
211240000;BENEFÍCIOS PREVIDENCIÁRIOS A PAGAR- INTER OFSS - ESTADO;Não;Não
211240500;COMPENSAÇÃO FINANCEIRA ENTRE REGIMES PREVIDENCIÁRIOS;Não;Não
211240501;OBRIGAÇÕES DO RPPS JUNTO AO RPPS DE ESTADO;Não;Não
211240502;OBRIGAÇÕES DO RGPS JUNTO AO RPPS DE ESTADO;Não;Não
211249900;OUTROS BENEFÍCIOS PREVIDENCIÁRIOS A PAGAR;Não;Não
211250000;BENEFÍCIOS PREVIDENCIÁRIOS A PAGAR- INTER OFSS - MUNICÍPIO;Não;Não
211250500;COMPENSAÇÃO FINANCEIRA ENTRE REGIMES PREVIDENCIÁRIOS;Não;Não
211250501;CRÉDITOS DO RPPS JUNTO AO RPPS DE MUNICÍPIO;Não;Não
211250502;CRÉDITOS DO RGPS JUNTO AO RPPS DE MUNICÍPIO;Não;Não
211259900;OUTROS BENEFÍCIOS PREVIDENCIÁRIOS A PAGAR;Não;Não
211300000;BENEFÍCIOS ASSISTENCIAIS A PAGAR;Não;Não
211310000;BENEFÍCIOS ASSISTENCIAIS A PAGAR - CONSOLIDAÇÃO;Não;Não
211310100;BENEFICIOS ASSISTENCIAIS A PAGAR;Não;Não
211310300;PRECATÓRIOS DE BENEFÍCIOS ASSISTENCIAIS - REGIME ESPECIAL;Não;Não
211310301;PRECATÓRIOS DE BENEFÍCIOS ASSISTENCIAIS - REGIME ESPECIAL - ANTES DE 05/05/2000;Não;Não
211310302;PRECATÓRIOS DE BENEFÍCIOS ASSISTENCIAIS - REGIME ESPECIAL - A PARTIR DE 05/05/2000 - VENCIDOS E NÃO PAGOS;Não;Não
211310303;PRECATÓRIOS DE BENEFÍCIOS ASSISTENCIAIS - REGIME ESPECIAL - A PARTIR DE 05/05/2000 - NÃO VENCIDOS;Não;Não
211310400;PRECATÓRIOS DE BENEFÍCIOS ASSISTENCIAIS - REGIME ORDINÁRIO;Não;Não
211310401;PRECATÓRIOS DE BENEFÍCIOS ASSISTENCIAIS - REGIME ORDINÁRIO - ANTES DE 05/05/2000;Não;Não
211310402;PRECATÓRIOS DE BENEFÍCIOS ASSISTENCIAIS - REGIME ORDINÁRIO - A PARTIR DE 05/05/2000 - VENCIDOS E NÃO PAGOS;Não;Não
211310403;PRECATÓRIOS DE BENEFÍCIOS ASSISTENCIAIS - REGIME ORDINÁRIO - A PARTIR DE 05/05/2000 - NÃO VENCIDOS;Não;Não
211310500;BENEFÍCIOS ASSISTENCIAIS A PAGAR - DECISÕES JUDICIAIS - EXCETO PRECATÓRIOS;Não;Não
211400000;ENCARGOS SOCIAIS A PAGAR;Não;Não
211410000;ENCARGOS SOCIAIS A PAGAR - CONSOLIDAÇÃO;Não;Não
211410100;CONTRIBUIÇÕES AO RGPS A PAGAR;Não;Não
211410101;CONTRIBUIÇÕES AO RGPS SOBRE SALÁRIOS E REMUNERAÇÕES;Não;Não
211410102;CONTRIBUIÇÕES AO RGPS - DEBITO PARCELADO;Não;Não
211410103;CONTRIBUIÇÕES AO RGPS - SERVIÇOS DE TERCEIROS OU CONTRIBUINTES AVULSOS;Não;Não
211410104;FUNDO DA PREVIDÊNCIA E ASSISTÊNCIA SOCIAL FPAS;Não;Não
211410400;PREVIDÊNCIA SOCIAL RURAL;Não;Não
211410500;FGTS;Não;Não
211410600;CONTRIBUIÇÕES PREVIDÊNCIÁRIAS - DÉBITO PARCELADO;Não;Não
211410700;CONTRIBUICÕES SOCIAIS - DÉBITOS PARCELADOS;Não;Não
211410800;CONTRIBUIÇÃO A ENTIDADE DE PREVIDÊNCIA COMPLEMENTAR;Não;Não
211410900;FGTS - DÉBITO PARCELADO;Não;Não
211419800;OUTROS ENCARGOS SOCIAIS;Não;Não
211420000;ENCARGOS SOCIAIS A PAGAR-INTRA OFSS;Não;Não
211420100;CONTRIBUIÇÃO A REGIME PRÓPRIO DE PREVIDÊNCIA (RPPS);Não;Não
211420200;CONTRIBUIÇÃO PREVIDENCIÁRIA - RPPS - DÉBITOS PARCELADOS;Não;Não
211420201;CONTRIBUIÇÃO PREVIDENCIÁRIA - RPPS - DÉBITOS PARCELADOS - PATRONAL - CIRCULANTE;Não;Não
211420202;CONTRIBUIÇÃO PREVIDENCIÁRIA - RPPS - DÉBITOS PARCELADOS - SERVIDOR, APOSENTADO E PENSIONISTA - CIRCULANTE;Não;Não
211429900;OUTROS ENCARGOS SOCIAIS;Não;Não
211430000;ENCARGOS SOCIAIS A PAGAR-INTER OFSS - UNIÃO;Não;Não
211430100;CONTRIBUIÇÕES AO RGPS A PAGAR;Não;Não
211430101;CONTRIBUIÇÕES AO RGPS SOBRE SALÁRIOS E REMUNERAÇÕES;Não;Não
211430102;CONTRIBUIÇÕES AO RGPS - DEBITO PARCELADO;Não;Não
211430103;CONTRIBUIÇÕES AO RGPS - SERVIÇOS DE TERCEIROS OU CONTRIBUINTES AVULSOS;Não;Não
211430104;FUNDO DA PREVIDÊNCIA E ASSISTÊNCIA SOCIAL FPAS;Não;Não
211430300;CONTRIBUIÇÃO A REGIME PROPRIO DE PREVIDENCIA (RPPS);Não;Não
211430301;CONTRIBUIÇÃO A REGIME PRÓPRIO DE PREVIDÊNCIA - PESSOAL REQUISITADO DE OUTROS ENTES;Não;Não
211430400;PREVIDÊNCIA SOCIAL RURAL;Não;Não
211430500;FGTS;Não;Não
211430600;CONTRIBUIÇÕES PREVIDENCIÁRIAS  - DÉBITO PARCELADO;Não;Não
211430700;CONTRIBUICÕES SOCIAIS - DÉBITOS PARCELADOS;Não;Não
211439800;OUTROS ENCARGOS SOCIAIS;Não;Não
211440000;ENCARGOS SOCIAIS A PAGAR-INTER OFSS - ESTADO;Não;Não
211440300;CONTRIBUIÇÃO A REGIME PROPRIO DE PREVIDENCIA (RPPS);Não;Não
211440301;CONTRIBUIÇÃO A REGIME PRÓPRIO DE PREVIDÊNCIA - PESSOAL REQUISITADO DE OUTROS ENTES;Não;Não
211440600;CONTRIBUIÇÕES PREVIDÊNCIÁRIAS - DÉBITO PARCELADO;Não;Não
211449800;OUTROS ENCARGOS SOCIAIS;Não;Não
211450000;ENCARGOS SOCIAIS A PAGAR-INTER OFSS - MUNICÍPIO;Não;Não
211450300;CONTRIBUIÇÃO A REGIME PROPRIO DE PREVIDENCIA (RPPS);Não;Não
211450301;CONTRIBUIÇÃO A REGIME PRÓPRIO DE PREVIDÊNCIA - PESSOAL REQUISITADO DE OUTROS ENTES;Não;Não
211450600;CONTRIBUIÇÕES PREVIDÊNCIÁRIAS - DÉBITO PARCELADO;Não;Não
211459800;OUTROS ENCARGOS SOCIAIS;Não;Não
212000000;EMPRÉSTIMOS E FINANCIAMENTOS A CURTO PRAZO;Não;Não
212100000;EMPRÉSTIMOS A CURTO PRAZO - INTERNO;Não;Não
212110000;EMPRÉSTIMOS A CURTO PRAZO - INTERNO - CONSOLIDAÇÃO;Não;Não
212110100;EMPRÉSTIMOS INTERNOS - EM TÍTULOS;Não;Não
212110101;DÍVIDA MOBILIÁRIA;Não;Não
212110102;(-) DESÁGIO DE TÍTULOS;Não;Não
212110198;OUTROS TÍTULOS - EMPRÉSTIMOS INTERNOS;Não;Não
212110200;EMPRÉSTIMOS INTERNOS - EM CONTRATOS;Não;Não
212110201;CONTRATOS DE EMPRÉSTIMOS INTERNOS;Não;Não
212110205;ANTECIPAÇÃO DA RECEITA ORÇAMENTÁRIA;Não;Não
212110298;OUTROS CONTRATOS - EMPRÉSTIMOS INTERNOS;Não;Não
212110300;OUTROS EMPRÉSTIMOS A CURTO PRAZO - INTERNO;Não;Não
212110400;FATURAS / DUPLICATAS DESCONTADAS;Não;Não
212120000;EMPRÉSTIMOS A CURTO PRAZO - INTERNO - INTRA OFSS;Não;Não
212120100;EMPRÉSTIMOS INTERNOS - EM TÍTULOS;Não;Não
212120200;EMPRÉSTIMOS INTERNOS - EM CONTRATOS;Não;Não
212120201;EMPRÉSTIMOS DO RPPS A PAGAR;Não;Não
212120299;OUTROS EMPRÉSTIMOS INTERNOS - EM CONTRATO;Não;Não
212129900;OUTROS EMPRÉSTIMOS A CURTO PRAZO - INTERNO;Não;Não
212130000;EMPRÉSTIMOS A CURTO PRAZO - INTERNO - INTER OFSS - UNIÃO;Não;Não
212130100;EMPRÉSTIMOS INTERNOS - EM TÍTULOS;Não;Não
212130101;DÍVIDA MOBILIÁRIA;Não;Não
212130102;(-) DESÁGIO DE TÍTULOS;Não;Não
212130198;OUTROS TÍTULOS - EMPRÉSTIMOS INTERNOS;Não;Não
212130200;EMPRÉSTIMOS INTERNOS - EM CONTRATOS;Não;Não
212130201;CONTRATOS DE EMPRÉSTIMOS INTERNOS;Não;Não
212130205;ANTECIPAÇÃO DA RECEITA ORÇAMENTÁRIA;Não;Não
212130298;OUTROS CONTRATOS - EMPRÉSTIMOS INTERNOS;Não;Não
212130400;PROGRAMA DE APOIO À REESTRUTURAÇÃO E AO AJUSTE FISCAL DOS ESTADOS;Não;Não
212130401;PROGRAMA DE APOIO À REESTRUTURAÇÃO E AO AJUSTE FISCAL DOS ESTADOS;Não;Não
212130500;PROGRAMA DE APOIO À REESTRUTURAÇÃO E AO AJUSTE FISCAL DOS MUNICÍPIOS;Não;Não
212130501;PROGRAMA DE APOIO À REESTRUTURAÇÃO E AO AJUSTE FISCAL DOS MUNICÍPIOS;Não;Não
212139900;OUTROS EMPRÉSTIMOS A CURTO PRAZO - INTERNO;Não;Não
212140000;EMPRÉSTIMOS A CURTO PRAZO - INTERNO - INTER OFSS - ESTADO;Não;Não
212140100;EMPRÉSTIMOS INTERNOS - EM TÍTULOS;Não;Não
212140101;DÍVIDA MOBILIÁRIA;Não;Não
212140102;(-) DESÁGIO DE TÍTULOS;Não;Não
212140198;OUTROS TÍTULOS - EMPRÉSTIMOS INTERNOS;Não;Não
212140200;EMPRÉSTIMOS INTERNOS - EM CONTRATOS;Não;Não
212140201;CONTRATOS DE EMPRÉSTIMOS INTERNOS;Não;Não
212140205;ANTECIPAÇÃO DA RECEITA ORÇAMENTÁRIA;Não;Não
212140298;OUTROS CONTRATOS - EMPRÉSTIMOS INTERNOS;Não;Não
212140300;OUTROS EMPRÉSTIMOS A CURTO PRAZO - INTERNO;Não;Não
212150000;EMPRÉSTIMOS A CURTO PRAZO - INTERNO-INTER OFSS - MUNICÍPIO;Não;Não
212150100;EMPRÉSTIMOS INTERNOS - EM TÍTULOS;Não;Não
212150101;DÍVIDA MOBILIÁRIA;Não;Não
212150102;(-) DESÁGIO DE TÍTULOS;Não;Não
212150198;OUTROS TÍTULOS - EMPRÉSTIMOS INTERNOS;Não;Não
212150200;EMPRÉSTIMOS INTERNOS - EM CONTRATOS;Não;Não
212150201;CONTRATOS DE EMPRÉSTIMOS INTERNOS;Não;Não
212150205;ANTECIPAÇÃO DA RECEITA ORÇAMENTÁRIA;Não;Não
212150298;OUTROS CONTRATOS - EMPRÉSTIMOS INTERNOS;Não;Não
212150300;OUTROS EMPRÉSTIMOS A CURTO PRAZO - INTERNO;Não;Não
212200000;EMPRÉSTIMOS A CURTO PRAZO - EXTERNO;Não;Não
212210000;EMPRÉSTIMOS A CURTO PRAZO- EXTERNO CONSOLIDAÇÃO;Não;Não
212210100;EMPRÉSTIMOS EXTERNOS - EM TÍTULOS;Não;Não
212210200;EMPRÉSTIMOS EXTERNOS - EM CONTRATOS;Não;Não
212210300;OUTROS EMPRÉSTIMOS A CURTO PRAZO - EXTERNO;Não;Não
212300000;FINANCIAMENTOS A CURTO PRAZO - INTERNO;Não;Não
212310000;FINANCIAMENTOS A CURTO PRAZO- INTERNO - CONSOLIDAÇÃO;Não;Não
212310100;FINANCIAMENTOS INTERNOS;Não;Não
212310101;FINANCIAMENTOS DO ATIVO PERMANENTE;Não;Não
212310102;FINANCIAMENTOS PARA CONSTRUÇÃO DE IMÓVEIS HABITACIONAIS;Não;Não
212310103;FINANCIAMENTO DE CAPITAL DE GIRO;Não;Não
212310198;OUTROS FINANCIAMENTOS INTERNOS;Não;Não
212310200;FINANCIAMENTOS INTERNOS POR ARRENDAMENTO FINANCEIRO A CURTO PRAZO;Não;Não
212320000;FINANCIAMENTOS A CURTO PRAZO- INTERNO - INTRA OFSS;Não;Não
212330000;FINANCIAMENTOS A CURTO PRAZO- INTERNO -INTER OFSS - UNIÃO;Não;Não
212330100;FINANCIAMENTOS INTERNOS;Não;Não
212330101;FINANCIAMENTOS DO ATIVO PERMANENTE;Não;Não
212330102;FINANCIAMENTOS PARA CONSTRUÇÃO DE IMÓVEIS HABITACIONAIS;Não;Não
212330103;FINANCIAMENTO DE CAPITAL DE GIRO;Não;Não
212330198;OUTROS FINANCIAMENTOS INTERNOS;Não;Não
212330200;FINANCIAMENTOS INTERNOS POR ARRENDAMENTO FINANCEIRO A CURTO PRAZO;Não;Não
212340000;FINANCIAMENTOS A CURTO PRAZO - INTERNO - INTER OFSS - ESTADO;Não;Não
212340100;FINANCIAMENTOS INTERNOS;Não;Não
212340101;FINANCIAMENTOS DO ATIVO PERMANENTE;Não;Não
212340102;FINANCIAMENTOS PARA CONSTRUÇÃO DE IMÓVEIS HABITACIONAIS;Não;Não
212340103;FINANCIAMENTO DE CAPITAL DE GIRO;Não;Não
212340198;OUTROS FINANCIAMENTOS INTERNOS;Não;Não
212340200;FINANCIAMENTOS INTERNOS POR ARRENDAMENTO FINANCEIRO A CURTO PRAZO;Não;Não
212350000;FINANCIAMENTOS A CURTO PRAZO - INTERNO - INTER OFSS - MUNICÍPIO;Não;Não
212400000;FINANCIAMENTO A CURTO PRAZO - EXTERNO;Não;Não
212410000;FINANCIAMENTO A CURTO PRAZO - EXTERNO - CONSOLIDAÇÃO;Não;Não
212410100;FINANCIAMENTOS EXTERNOS;Não;Não
212410101;FINANCIAMENTOS DO ATIVO PERMANENTE;Não;Não
212410102;FINANCIAMENTOS DE CAPITAL DE GIRO;Não;Não
212410198;OUTROS FINANCIAMENTOS EXTERNOS;Não;Não
212410200;FINANCIAMENTOS EXTERNOS POR ARRENDAMENTO FINANCEIRO A CURTO PRAZO;Não;Não
212500000;JUROS E ENCARGOS A PAGAR DE EMPRÉSTIMOS E FINANCIAMENTOS A CURTO PRAZO - INTERNO;Não;Não
212510000;JUROS E ENCARGOS A PAGAR DE EMPRÉSTIMOS E FINANCIAMENTOS A CURTO PRAZO - INTERNO - CONSOLIDAÇÃO;Não;Não
212510100;JUROS DE CONTRATOS - EMPRÉSTIMOS INTERNOS;Não;Não
212510200;ENCARGOS - EMPRÉSTIMOS INTERNOS;Não;Não
212510300;JUROS DE CONTRATOS - FINANCIAMENTOS INTERNOS;Não;Não
212510400;ENCARGOS - FINANCIAMENTOS INTERNOS;Não;Não
212520000;JUROS E ENCARGOS A PAGAR DE EMPRÉSTIMOS E FINANCIAMENTOS A CURTO PRAZO - INTERNO - INTRA OFSS;Não;Não
212520100;JUROS DE CONTRATOS - EMPRÉSTIMOS INTERNOS;Não;Não
212520200;ENCARGOS - EMPRÉSTIMOS INTERNOS;Não;Não
212520300;JUROS DE CONTRATOS - FINANCIAMENTOS INTERNOS;Não;Não
212520400;ENCARGOS - FINANCIAMENTOS INTERNOS;Não;Não
212530000;JUROS E ENCARGOS A PAGAR DE EMPRÉSTIMOS E FINANCIAMENTOS A CURTO PRAZO - INTERNO -INTER OFSS - UNIÃO;Não;Não
212530100;JUROS DE CONTRATOS - EMPRÉSTIMOS INTERNOS;Não;Não
212530200;ENCARGOS - EMPRÉSTIMOS INTERNOS;Não;Não
212530300;JUROS DE CONTRATOS - FINANCIAMENTOS INTERNOS;Não;Não
212530400;ENCARGOS - FINANCIAMENTOS INTERNOS;Não;Não
212540000;JUROS E ENCARGOS A PAGAR DE EMPRÉSTIMOS E FINANCIAMENTOS A CURTO PRAZO - INTERNO -INTER OFSS - ESTADO;Não;Não
212540100;JUROS DE CONTRATOS - EMPRÉSTIMOS INTERNOS;Não;Não
212540200;ENCARGOS - EMPRÉSTIMOS INTERNOS;Não;Não
212540300;JUROS DE CONTRATOS - FINANCIAMENTOS INTERNOS;Não;Não
212540400;ENCARGOS - FINANCIAMENTOS INTERNOS;Não;Não
212550000;JUROS E ENCARGOS A PAGAR DE EMPRÉSTIMOS E FINANCIAMENTOS A CURTO PRAZO - INTERNO -INTER OFSS - MUNICÍPIO;Não;Não
212550100;JUROS DE CONTRATOS - EMPRÉSTIMOS INTERNOS;Não;Não
212550200;ENCARGOS - EMPRÉSTIMOS INTERNOS;Não;Não
212550300;JUROS DE CONTRATOS - FINANCIAMENTOS INTERNOS;Não;Não
212550400;ENCARGOS - FINANCIAMENTOS INTERNOS;Não;Não
212600000;JUROS E ENCARGOS A PAGAR DE EMPRÉSTIMOS E FINANCIAMENTOS A CURTO PRAZO - EXTERNO;Não;Não
212610000;JUROS E ENCARGOS A PAGAR DE EMPRÉSTIMOS E FINANCIAMENTOS A CURTO PRAZO - EXTERNO - CONSOLIDAÇÃO;Não;Não
212610100;JUROS DE CONTRATOS - EMPRÉSTIMOS EXTERNOS;Não;Não
212610200;ENCARGOS - EMPRÉSTIMOS EXTERNOS;Não;Não
212610300;JUROS DE CONTRATOS - FINANCIAMENTOS EXTERNOS;Não;Não
212610400;ENCARGOS - FINANCIAMENTOS EXTERNOS;Não;Não
212800000;(-) ENCARGOS FINANCEIROS A APROPRIAR - INTERNO;Não;Não
212810000;(-) ENCARGOS FINANCEIROS A APROPRIAR - INTERNO - CONSOLIDAÇÃO;Não;Não
212810100;(-) ENCARGOS PREFIXADOS DE EMPRÉSTIMOS INTERNOS;Não;Não
212810200;(-) ENCARGOS PREFIXADOS DE FINANCIAMENTOS INTERNOS;Não;Não
212820000;(-) ENCARGOS FINANCEIROS A APROPRIAR - INTERNO - INTRA OFSS;Não;Não
212820100;(-) ENCARGOS PREFIXADOS DE EMPRÉSTIMOS INTERNOS;Não;Não
212820200;(-) ENCARGOS PREFIXADOS DE FINANCIAMENTOS INTERNOS;Não;Não
212830000;(-) ENCARGOS FINANCEIROS A APROPRIAR - INTERNO - INTER OFSS - UNIÃO;Não;Não
212830100;(-) ENCARGOS PREFIXADOS DE EMPRÉSTIMOS INTERNOS;Não;Não
212830200;(-) ENCARGOS PREFIXADOS DE FINANCIAMENTOS INTERNOS;Não;Não
212840000;(-) ENCARGOS FINANCEIROS A APROPRIAR - INTERNO - INTER OFSS - ESTADO;Não;Não
212840100;(-) ENCARGOS PREFIXADOS DE EMPRÉSTIMOS INTERNOS;Não;Não
212840200;(-) ENCARGOS PREFIXADOS DE FINANCIAMENTOS INTERNOS;Não;Não
212850000;(-) ENCARGOS FINANCEIROS A APROPRIAR - INTERNO - INTER OFSS - MUNICÍPIO;Não;Não
212900000;(-) ENCARGOS FINANCEIROS A APROPRIAR - EXTERNO;Não;Não
212910000;(-) ENCARGOS FINANCEIROS A APROPRIAR- CONSOLIDAÇÃO;Não;Não
212910100;(-) ENCARGOS PREFIXADOS DE EMPRÉSTIMOS EXTERNOS;Não;Não
212910200;(-) ENCARGOS PREFIXADOS DE FINANCIAMENTOS EXTERNOS;Não;Não
213000000;FORNECEDORES E CONTAS A PAGAR A CURTO PRAZO;Não;Não
213100000;FORNECEDORES E CONTAS A PAGAR NACIONAIS A CURTO PRAZO;Não;Não
213110000;FORNECEDORES E CONTAS A PAGAR NACIONAIS A CURTO PRAZO - CONSOLIDAÇÃO;Não;Não
213110100;FORNECEDORES NACIONAIS;Não;Não
213110101;FORNECEDORES NÃO PARCELADOS A PAGAR;Não;Não
213110102;FORNECEDORES PARCELADOS A PAGAR;Não;Não
213110103;RENEGOCIAÇÃO DE DÍVIDAS COM FORNECEDORES;Não;Não
213110199;DEMAIS FORNECEDORES A PAGAR;Não;Não
213110300;CONTAS A PAGAR CREDORES NACIONAIS;Não;Não
213110301;CONTAS NÃO PARCELADAS A PAGAR;Não;Não
213110302;CONTAS PARCELADAS A PAGAR;Não;Não
213110303;RENEGOCIAÇÃO DE CONTAS A PAGAR;Não;Não
213110399;DEMAIS CONTAS A PAGAR;Não;Não
213110500;PRECATÓRIOS DE FORNECEDORES NACIONAIS - REGIME ESPECIAL;Não;Não
213110501;PRECATÓRIOS DE FORNECEDORES NACIONAIS - REGIME ESPECIAL - ANTES DE 05/05/2000;Não;Não
213110502;PRECATÓRIOS DE FORNECEDORES NACIONAIS - REGIME ESPECIAL - A PARTIR DE 05/05/2000 - VENCIDOS E NÃO PAGOS;Não;Não
213110503;PRECATÓRIOS DE FORNECEDORES NACIONAIS - REGIME ESPECIAL - A PARTIR DE 05/05/2000 - NÃO VENCIDOS;Não;Não
213110600;PRECATÓRIOS DE FORNECEDORES NACIONAIS - REGIME ORDINÁRIO;Não;Não
213110601;PRECATÓRIOS DE FORNECEDORES NACIONAIS - REGIME ORDINÁRIO - ANTES DE 05/05/2000;Não;Não
213110602;PRECATÓRIOS DE FORNECEDORES NACIONAIS - REGIME ORDINÁRIO - A PARTIR DE 05/05/2000 - VENCIDOS E NÃO PAGOS;Não;Não
213110603;PRECATÓRIOS DE FORNECEDORES NACIONAIS - REGIME ORDINÁRIO - A PARTIR DE 05/05/2000 - NÃO VENCIDOS;Não;Não
213110700;PRECATÓRIOS DE CONTAS A PAGAR - CREDORES NACIONAIS- REGIME ESPECIAL;Não;Não
213110701;PRECATÓRIOS DE CONTAS A PAGAR - REGIME ESPECIAL - ANTES DE 05/05/2000;Não;Não
213110702;PRECATÓRIOS DE CONTAS A PAGAR - REGIME ESPECIAL - A PARTIR DE 05/05/2000 - VENCIDOS E NÃO PAGOS;Não;Não
213110703;PRECATÓRIOS DE CONTAS A PAGAR - REGIME ESPECIAL - A PARTIR DE 05/05/2000 - NÃO VENCIDOS;Não;Não
213110800;PRECATÓRIOS DE CONTAS A PAGAR - CREDORES NACIONAIS - REGIME ORDINÁRIO;Não;Não
213110801;PRECATÓRIOS DE CONTAS A PAGAR - REGIME ORDINÁRIO - ANTES DE 05/05/2000;Não;Não
213110802;PRECATÓRIOS DE CONTAS A PAGAR - REGIME ORDINÁRIO - A PARTIR DE 05/05/2000 - VENCIDOS E NÃO PAGOS;Não;Não
213110803;PRECATÓRIOS DE CONTAS A PAGAR - REGIME ORDINÁRIO - A PARTIR DE 05/05/2000 - NÃO VENCIDOS;Não;Não
213110900;FORNECEDORES NACIONAIS - DECISÕES JUDICIAIS - EXCETO PRECATÓRIOS;Não;Não
213111000;CONTAS A PAGAR NACIONAIS - DECISÕES JUDICIAIS - EXCETO PRECATÓRIOS;Não;Não
213111100;DEMAIS PRECATÓRIOS DE FORNECEDORES E CONTAS A PAGAR NACIONAIS;Não;Não
213120000;FORNECEDORES E CONTAS A PAGAR NACIONAIS A CURTO PRAZO - INTRA OFSS;Não;Não
213130000;FORNECEDORES E CONTAS A PAGAR NACIONAIS A CURTO PRAZO - INTER OFSS - UNIÃO;Não;Não
213140000;FORNECEDORES E CONTAS A PAGAR NACIONAIS A CURTO PRAZO - INTER OFSS - ESTADO;Não;Não
213150000;FORNECEDORES E CONTAS A PAGAR NACIONAIS A CURTO PRAZO - INTER OFSS - MUNICÍPIO;Não;Não
213200000;FORNECEDORES E CONTAS A PAGAR ESTRANGEIROS A CURTO PRAZO;Não;Não
213210000;FORNECEDORES E CONTAS A PAGAR ESTRANGEIROS A CURTO PRAZO - CONSOLIDAÇÃO;Não;Não
213210100;FORNECEDORES ESTRANGEIROS A CURTO PRAZO;Não;Não
213210101;FORNECEDORES NÃO PARCELADOS A PAGAR;Não;Não
213210102;FORNECEDORES PARCELADOS A PAGAR;Não;Não
213210103;RENEGOCIAÇÃO DE DÍVIDAS COM FORNECEDORES;Não;Não
213210199;DEMAIS FORNECEDORES A PAGAR;Não;Não
213210200;CONTAS A PAGAR - CREDORES ESTRANGEIROS A CURTO PRAZO;Não;Não
213210201;CONTAS NÃO PARCELADAS A PAGAR;Não;Não
213210202;CONTAS PARCELADAS A PAGAR;Não;Não
213210203;RENEGOCIAÇÃO DE CONTAS A PAGAR;Não;Não
213210299;DEMAIS CONTAS A PAGAR;Não;Não
214000000;OBRIGAÇÕES FISCAIS A CURTO PRAZO;Não;Não
214100000;OBRIGAÇÕES FISCAIS A CURTO PRAZO COM A UNIÃO;Não;Não
214110000;OBRIGAÇÕES FISCAIS A CURTO PRAZO COM A UNIÃO - CONSOLIDAÇÃO;Não;Não
214110100;IPI A RECOLHER;Não;Não
214110200;IRPJ A RECOLHER;Não;Não
214110300;PASSIVO FISCAL DIFERIDO;Não;Não
214110400;IMPOSTO DE IMPORTAÇÃO A RECOLHER;Não;Não
214110500;IOF A RECOLHER;Não;Não
214110600;ITR A RECOLHER;Não;Não
214110800;CIDE A RECOLHER;Não;Não
214110900;CSSL A RECOLHER;Não;Não
214111000;COFINS A RECOLHER;Não;Não
214111100;PIS/PASEP A RECOLHER;Não;Não
214111200;TRIBUTOS FEDERAIS RENEGOCIADOS;Não;Não
214111300;RECURSOS FISCAIS - DARF A EMITIR;Não;Não
214119900;OUTROS TRIBUTOS E CONTRIBUIÇÕES FEDERAIS A RECOLHER;Não;Não
214120000;OBRIGAÇÕES FISCAIS A CURTO PRAZO COM A UNIÃO - INTRA OFSS;Não;Não
214120100;IPI A RECOLHER;Não;Não
214120200;IRPJ A RECOLHER;Não;Não
214120300;PASSIVO FISCAL DIFERIDO;Não;Não
214120400;IMPOSTO DE IMPORTAÇÃO A RECOLHER;Não;Não
214120500;IOF A RECOLHER;Não;Não
214120600;ITR A RECOLHER;Não;Não
214120800;CIDE A RECOLHER;Não;Não
214120900;CSSL A RECOLHER;Não;Não
214121000;COFINS A RECOLHER;Não;Não
214121100;PIS/PASEP A RECOLHER;Não;Não
214121200;TRIBUTOS FEDERAIS RENEGOCIADOS;Não;Não
214121300;RECURSOS FISCAIS - DARF A EMITIR;Não;Não
214129900;OUTROS TRIBUTOS E CONTRIBUIÇÕES FEDERAIS A RECOLHER;Não;Não
214130000;OBRIGAÇÕES FISCAIS A CURTO PRAZO COM A UNIÃO - INTER OFSS - UNIÃO;Não;Não
214130100;IPI A RECOLHER;Não;Não
214130200;IRPJ A RECOLHER;Não;Não
214130300;PASSIVO FISCAL DIFERIDO;Não;Não
214130400;IMPOSTO DE IMPORTAÇÃO A RECOLHER;Não;Não
214130500;IOF A RECOLHER;Não;Não
214130600;ITR A RECOLHER;Não;Não
214130800;CIDE A RECOLHER;Não;Não
214130900;CSSL A RECOLHER;Não;Não
214131000;COFINS A RECOLHER;Não;Não
214131100;PIS/PASEP A RECOLHER;Não;Não
214131200;TRIBUTOS FEDERAIS RENEGOCIADOS;Não;Não
214131300;RECURSOS FISCAIS - DARF A EMITIR;Não;Não
214139900;OUTROS TRIBUTOS E CONTRIBUIÇÕES FEDERAIS A RECOLHER;Não;Não
214200000;OBRIGAÇÕES FISCAIS A CURTO PRAZO COM OS ESTADOS;Não;Não
214210000;OBRIGAÇÕES FISCAIS A CURTO PRAZO COM OS ESTADOS - CONSOLIDAÇÃO;Não;Não
214210100;ICMS A RECOLHER;Não;Não
214210101;ICMS A RECOLHER - SOBRE MERCADORIAS PARA REVENDA;Não;Não
214210102;ICMS A RECOLHER - SOBRE MERCADORIAS DE TERCEIROS PARA DEPÓSITO;Não;Não
214210200;IPVA A RECOLHER;Não;Não
214210300;TRIBUTOS ESTADUAIS RENEGOCIADOS;Não;Não
214210400;TAXA DE COOPERAÇÃO E DEFESA DA ORIZICULTURA - CDO;Não;Não
214210500;TAXA DE ATENDIMENTO CONTRA INCÊNDIO;Não;Não
214210600;TAXA DE LICENCIAMENTO ANUAL DE VEÍCULOS;Não;Não
214210700;RECURSOS FISCAIS ESTADUAIS;Não;Não
214210800;TAXA DE LICENCIAMENTO AMBIENTAL;Não;Não
214219900;OUTROS TRIBUTOS E CONTRIBUIÇÕES ESTADUAIS A RECOLHER;Não;Não
214220000;OBRIGAÇÕES FISCAIS A CURTO PRAZO COM OS ESTADOS - INTRA OFSS;Não;Não
214220100;ICMS A RECOLHER;Não;Não
214220101;ICMS A RECOLHER - SOBRE MERCADORIAS PARA REVENDA;Não;Não
214220102;ICMS A RECOLHER - SOBRE MERCADORIAS DE TERCEIROS PARA DEPÓSITO;Não;Não
214220200;IPVA A RECOLHER;Não;Não
214220300;TRIBUTOS ESTADUAIS RENEGOCIADOS;Não;Não
214220400;TAXA DE COOPERAÇÃO E DEFESA DA ORIZICULTURA - CDO;Não;Não
214220500;TAXA DE ATENDIMENTO CONTRA INCÊNDIO;Não;Não
214220600;TAXA DE LICENCIAMENTO ANUAL DE VEÍCULOS;Não;Não
214220700;RECURSOS FISCAIS ESTADUAIS;Não;Não
214220800;TAXA DE LICENCIAMENTO AMBIENTAL;Não;Não
214229900;OUTROS TRIBUTOS E CONTRIBUIÇÕES ESTADUAIS A RECOLHER;Não;Não
214240000;OBRIGAÇÕES FISCAIS A CURTO PRAZO COM OS ESTADOS - INTER OFSS - ESTADO;Não;Não
214240100;ICMS A RECOLHER;Não;Não
214240101;ICMS A RECOLHER - SOBRE MERCADORIAS PARA REVENDA;Não;Não
214240102;ICMS A RECOLHER - SOBRE MERCADORIAS DE TERCEIROS PARA DEPÓSITO;Não;Não
214240200;IPVA A RECOLHER;Não;Não
214240300;TRIBUTOS ESTADUAIS RENEGOCIADOS;Não;Não
214240400;TAXA DE COOPERAÇÃO E DEFESA DA ORIZICULTURA - CDO;Não;Não
214240500;TAXA DE ATENDIMENTO CONTRA INCÊNDIO;Não;Não
214240600;TAXA DE LICENCIAMENTO ANUAL DE VEÍCULOS;Não;Não
214240700;RECURSOS FISCAIS ESTADUAIS;Não;Não
214240800;TAXA DE LICENCIAMENTO AMBIENTAL;Não;Não
214249900;OUTROS TRIBUTOS E CONTRIBUIÇÕES ESTADUAIS A RECOLHER;Não;Não
214300000;OBRIGAÇÕES FISCAIS A CURTO PRAZO COM OS MUNICÍPIOS;Não;Não
214310000;OBRIGAÇÕES FISCAIS A CURTO PRAZO COM OS MUNICÍPIOS - CONSOLIDAÇÃO;Não;Não
214310100;ISS A RECOLHER;Não;Não
214310200;IPTU/TLP A RECOLHER;Não;Não
214310300;TRIBUTOS MUNICIPAIS RENEGOCIADOS;Não;Não
214310400;CONTRIBUIÇÃO P/CUSTEIO DE ILUM. PUBLICA A RECOLHER;Não;Não
214310600;RECURSOS FISCAIS MUNICIPAIS;Não;Não
214310700;TAXA DE LICENCIAMENTO AMBIENTAL;Não;Não
214310800;TAXA DE INSPEÇÃO VEICULAR;Não;Não
214319900;OUTROS TRIBUTOS E CONTRIBUIÇÕES MUNICIPAIS A RECOLHER;Não;Não
214320000;OBRIGAÇÕES FISCAIS A CURTO PRAZO COM OS MUNICÍPIOS - INTRA OFSS;Não;Não
214320100;ISS A RECOLHER;Não;Não
214320200;IPTU/TLP A RECOLHER;Não;Não
214320300;TRIBUTOS MUNICIPAIS RENEGOCIADOS;Não;Não
214320400;CONTRIBUIÇÃO P/CUSTEIO DE ILUM. PUBLICA A RECOLHER;Não;Não
214320600;RECURSOS FISCAIS MUNICIPAIS;Não;Não
214320700;TAXA DE LICENCIAMENTO AMBIENTAL;Não;Não
214320800;TAXA DE INSPEÇÃO VEICULAR;Não;Não
214329900;OUTROS TRIBUTOS E CONTRIBUIÇÕES MUNICIPAIS A RECOLHER;Não;Não
214350000;OBRIGAÇÕES FISCAIS A CURTO PRAZO COM OS MUNICÍPIOS - INTER OFSS - MUNICÍPIO;Não;Não
214350100;ISS A RECOLHER;Não;Não
214350200;IPTU/TLP A RECOLHER;Não;Não
214350300;TRIBUTOS MUNICIPAIS RENEGOCIADOS;Não;Não
214350400;CONTRIBUIÇÃO P/CUSTEIO DE ILUM. PUBLICA A RECOLHER;Não;Não
214350600;RECURSOS FISCAIS MUNICIPAIS;Não;Não
214350700;TAXA DE LICENCIAMENTO AMBIENTAL;Não;Não
214350800;TAXA DE INSPEÇÃO VEICULAR;Não;Não
214359900;OUTROS TRIBUTOS E CONTRIBUIÇÕES MUNICIPAIS A RECOLHER;Não;Não
215000000;TRANSFERÊNCIAS FISCAIS A CURTO PRAZO;Não;Não
215100000;TRANSFERÊNCIAS CONSTITUCIONAIS A PAGAR;Não;Não
215130000;TRANSFERÊNCIAS CONSTITUCIONAIS A PAGAR - INTER OFSS - UNIÃO;Não;Não
215140000;TRANSFERÊNCIAS CONSTITUCIONAIS A PAGAR - INTER OFSS - ESTADO;Não;Não
215150000;TRANSFERÊNCIAS CONSTITUCIONAIS A PAGAR - INTER OFSS - MUNICÍPIO;Não;Não
215150100;REPARTIÇÃO DA COTA DE ICMS;Não;Não
215150200;REPARTIÇÃO DA COTA DE IPVA;Não;Não
215150300;REPARTIÇÃO DA COTA-PARTE DO IPI;Não;Não
215159900;REPARTIÇÃO CONSTITUCIONAL DA COTA DE OUTROS TRIBUTOS/RECEITAS;Não;Não
215200000;TRANSFERÊNCIAS LEGAIS A PAGAR;Não;Não
215210000;TRANSFERÊNCIAS LEGAIS A PAGAR - CONSOLIDAÇÃO;Não;Não
215230000;TRANSFERÊNCIAS LEGAIS A PAGAR - INTER OFSS - UNIÃO;Não;Não
215240000;TRANSFERÊNCIAS LEGAIS A PAGAR - INTER OFSS - ESTADO;Não;Não
215250000;TRANSFERÊNCIAS LEGAIS A PAGAR - INTER OFSS - MUNICÍPIO;Não;Não
215300000;TRANSFERÊNCIAS DISCRICIONÁRIAS A PAGAR;Não;Não
215310000;TRANSFERÊNCIAS DISCRICIONÁRIAS A PAGAR - CONSOLIDAÇÃO;Não;Não
215310100;TRANSFERÊNCIAS VOLUNTÁRIAS A PAGAR;Não;Não
215310200;TRANSFERÊNCIAS PARA ORGANIZAÇÕES DA SOCIEDADE CIVIL A PAGAR;Não;Não
215310300;TRANSFERÊNCIAS POR DELEGAÇÃO A PAGAR;Não;Não
215310400;TRANSFERÊNCIAS ESPECÍFICAS A PAGAR;Não;Não
215310500;DOAÇÕES A REALIZAR A PAGAR;Não;Não
215310600;SALDO DE TRANSFERÊNCIAS VOLUNTÁRIAS NÃO UTILIZADOS A DEVOLVER;Não;Não
215319900;OUTRAS TRANSFERÊNCIAS DISCRICIONÁRIAS A PAGAR;Não;Não
215330000;TRANSFERÊNCIAS DISCRICIONÁRIAS A PAGAR - INTER OFSS - UNIÃO;Não;Não
215330100;TRANSFERÊNCIAS VOLUNTÁRIAS A PAGAR;Não;Não
215330300;TRANSFERÊNCIAS POR DELEGAÇÃO A PAGAR;Não;Não
215330400;TRANSFERÊNCIAS ESPECÍFICAS A PAGAR;Não;Não
215330500;DOAÇÕES A REALIZAR A PAGAR;Não;Não
215330600;SALDO DE TRANSFERÊNCIAS VOLUNTÁRIAS NÃO UTILIZADOS A DEVOLVER;Não;Não
215339900;OUTRAS TRANSFERÊNCIAS DISCRICIONÁRIAS A PAGAR;Não;Não
215340000;TRANSFERÊNCIAS DISCRICIONÁRIAS A PAGAR - INTER OFSS - ESTADO;Não;Não
215340100;TRANSFERÊNCIAS VOLUNTÁRIAS A PAGAR;Não;Não
215340300;TRANSFERÊNCIAS POR DELEGAÇÃO A PAGAR;Não;Não
215340400;TRANSFERÊNCIAS ESPECÍFICAS A PAGAR;Não;Não
215340500;DOAÇÕES A REALIZAR A PAGAR;Não;Não
215340600;SALDO DE TRANSFERÊNCIAS VOLUNTÁRIAS NÃO UTILIZADOS A DEVOLVER;Não;Não
215349900;OUTRAS TRANSFERÊNCIAS DISCRICIONÁRIAS A PAGAR;Não;Não
215350000;TRANSFERÊNCIAS DISCRICIONÁRIAS A PAGAR - INTER OFSS - MUNICÍPIO;Não;Não
215350100;TRANSFERÊNCIAS VOLUNTÁRIAS A PAGAR;Não;Não
215350300;TRANSFERÊNCIAS POR DELEGAÇÃO A PAGAR;Não;Não
215350400;TRANSFERÊNCIAS ESPECÍFICAS A PAGAR;Não;Não
215350500;DOAÇÕES A REALIZAR A PAGAR;Não;Não
215350600;SALDO DE TRANSFERÊNCIAS VOLUNTÁRIAS NÃO UTILIZADOS A DEVOLVER;Não;Não
215359900;OUTRAS TRANSFERÊNCIAS DISCRICIONÁRIAS A PAGAR;Não;Não
215400000;TRANSFERÊNCIAS DE RECURSOS PARA EXECUÇÃO ORÇAMENTÁRIA A PAGAR;Não;Não
215420000;TRANSFERÊNCIAS DE RECURSOS PARA EXECUÇÃO ORÇAMENTÁRIA A PAGAR - INTRA OFSS;Não;Não
215900000;DEMAIS TRANSFERÊNCIAS A PAGAR;Não;Não
215910000;DEMAIS TRANSFERÊNCIAS A PAGAR - CONSOLIDAÇÃO;Não;Não
215930000;DEMAIS TRANSFERÊNCIAS A PAGAR - INTER OFSS - UNIÃO;Não;Não
215940000;DEMAIS TRANSFERÊNCIAS A PAGAR - INTER OFSS - ESTADO;Não;Não
215950000;DEMAIS TRANSFERÊNCIAS A PAGAR - INTER OFSS - MUNICÍPIO;Não;Não
217000000;PROVISÕES A CURTO PRAZO;Não;Não
217100000;PROVISÃO PARA RISCOS TRABALHISTAS A CURTO PRAZO;Não;Não
217110000;PROVISÃO PARA RISCOS TRABALHISTAS A CURTO PRAZO - CONSOLIDAÇÃO;Não;Não
217110100;PROVISÃO PARA INDENIZAÇÕES TRABALHISTAS;Não;Não
217110200;PROVISÃO PARA PAGAMENTO DE DISSÍDIOS COLETIVOS;Não;Não
217300000;PROVISÕES PARA RISCOS FISCAIS A CURTO PRAZO;Não;Não
217310000;PROVISÕES PARA RISCOS FISCAIS A CURTO PRAZO - CONSOLIDAÇÃO;Não;Não
217310100;PROVISÃO PARA PAGAMENTOS REFERENTES A AUTOS DE INFRAÇÃO;Não;Não
217310101;PROVISÃO PARA PAGAMENTO DE AUTOS DE INFRAÇÃO NÃO RECORRIDOS;Não;Não
217310102;PROVISÃO PARA PAGAMENTO DE AUTOS DE INFRAÇÃO RECORRIDOS;Não;Não
217310200;PROVISÃO PARA PAGAMENTOS DE AUTUAÇÕES FISCAIS - ESFERA JUDICIAL;Não;Não
217310201;PROVISÃO PARA PAGAMENTOS DE AUTUAÇÕES FISCAIS NA ESFERA JUDICIAL NÃO RECORRIDAS;Não;Não
217310202;PROVISÃO PARA PAGAMENTOS DE AUTUAÇÕES FISCAIS NA ESFERA JUDICIAL RECORRIDAS;Não;Não
217319900;PROVISÃO PARA OUTROS RISCOS FISCAIS;Não;Não
217320000;PROVISÕES PARA RISCOS FISCAIS A CURTO PRAZO - INTRA OFSS;Não;Não
217330000;PROVISÕES PARA RISCOS FISCAIS A CURTO PRAZO - INTER OFSS - UNIÃO;Não;Não
217340000;PROVISÕES PARA RISCOS FISCAIS A CURTO PRAZO - INTER OFSS - ESTADO;Não;Não
217350000;PROVISÕES PARA RISCOS FISCAIS A CURTO PRAZO - INTER OFSS - MUNICÍPIO;Não;Não
217400000;PROVISÃO PARA RISCOS CÍVEIS A CURTO PRAZO;Não;Não
217410000;PROVISÃO PARA RISCOS CÍVEIS A CURTO PRAZO - CONSOLIDAÇÃO;Não;Não
217410100;PROVISÃO PARA INDENIZAÇÕES CÍVEIS;Não;Não
217410200;PROVISÃO PARA PAGAMENTO DE SEGUROS - SINISTROS A LIQUIDAR;Não;Não
217410300;PROVISÃO PARA PAGAMENTO DE SEGUROS - SINISTROS CIENTIFICADOS;Não;Não
217410400;PROVISÃO PARA PAGAMENTO DE SEGUROS - SINISTROS NÃO CIENTIFICADOS;Não;Não
217419900;PROVISÃO PARA OUTROS RISCOS CÍVEIS;Não;Não
217420000;PROVISÃO PARA RISCOS CÍVEIS A CURTO PRAZO - INTRA OFSS;Não;Não
217430000;PROVISÃO PARA RISCOS CÍVEIS A CURTO PRAZO - INTER OFSS - UNIÃO;Não;Não
217440000;PROVISÃO PARA RISCOS CÍVEIS A CURTO PRAZO - INTER OFSS - ESTADO;Não;Não
217450000;PROVISÃO PARA RISCOS CÍVEIS A CURTO PRAZO - INTER OFSS - MUNICÍPIO;Não;Não
217500000;PROVISÃO PARA REPARTIÇÃO DE CRÉDITOS A CURTO PRAZO;Não;Não
217510000;PROVISÃO PARA REPARTIÇÃO DE CRÉDITOS A CURTO PRAZO - CONSOLIDAÇÃO;Não;Não
217520000;PROVISÃO PARA REPARTIÇÃO DE CRÉDITOS A CURTO PRAZO - INTRA OFSS;Não;Não
217530000;PROVISÃO PARA REPARTIÇÃO DE CRÉDITOS A CURTO PRAZO - INTER OFSS - UNIÃO;Não;Não
217540000;PROVISÃO PARA REPARTIÇÃO DE CRÉDITOS A CURTO PRAZO - INTER OFSS - ESTADO;Não;Não
217550000;PROVISÃO PARA REPARTIÇÃO DE CRÉDITOS A CURTO PRAZO - INTER OFSS - MUNICÍPIO;Não;Não
217550100;PROVISÃO PARA REPARTIÇÃO DA COTA DE ICMS;Não;Não
217550200;PROVISÃO PARA REPARTIÇÃO DA COTA DE IPVA;Não;Não
217550300;PROVISÃO PARA REPARTIÇÃO DA COTA-PARTE DO IPI;Não;Não
217559900;PROVISÃO PARA REPARTIÇÃO DA COTA DE OUTROS TRIBUTOS/RECEITAS;Não;Não
217600000;PROVISÃO PARA RISCOS DECORRENTES DE CONTRATOS DE PPP A CURTO PRAZO;Não;Não
217610000;PROVISÃO PARA RISCOS DECORRENTES DE CONTRATOS DE PPP A CURTO PRAZO- CONSOLIDAÇÃO;Não;Não
217700000;PROVISÃO PARA OBRIGAÇÕES DECORRENTES DA ATUAÇÃO GOVERNAMENTAL A CURTO PRAZO;Não;Não
217710000;PROVISÃO PARA OBRIGAÇÕES DECORRENTES DA ATUAÇÃO GOVERNAMENTAL A CURTO PRAZO - CONSOLIDAÇÃO;Não;Não
217720000;PROVISÃO PARA OBRIGAÇÕES DECORRENTES DA ATUAÇÃO GOVERNAMENTAL A CURTO PRAZO - INTRA OFSS;Não;Não
217730000;PROVISÃO PARA OBRIGAÇÕES DECORRENTES DA ATUAÇÃO GOVERNAMENTAL A CURTO PRAZO - INTER OFSS - UNIÃO;Não;Não
217740000;PROVISÃO PARA OBRIGAÇÕES DECORRENTES DA ATUAÇÃO GOVERNAMENTAL A CURTO PRAZO - INTER OFSS - ESTADO;Não;Não
217750000;PROVISÃO PARA OBRIGAÇÕES DECORRENTES DA ATUAÇÃO GOVERNAMENTAL A CURTO PRAZO - INTER OFSS - MUNICÍPIO;Não;Não
217900000;OUTRAS PROVISÕES A CURTO PRAZO;Não;Não
217910000;OUTRAS PROVISÕES A CURTO PRAZO - CONSOLIDAÇÃO;Não;Não
217910100;PROVISÃO PARA GARANTIAS;Não;Não
217910200;PROVISÃO PARA REESTRUTURAÇÃO;Não;Não
217919900;OUTRAS PROVISÕES A CURTO PRAZO;Não;Não
217920000;OUTRAS PROVISÕES A CURTO PRAZO - INTRA OFSS;Não;Não
217930000;OUTRAS PROVISÕES A CURTO PRAZO - INTER OFSS - UNIÃO;Não;Não
217940000;OUTRAS PROVISÕES A CURTO PRAZO - INTER OFSS - ESTADO;Não;Não
217950000;OUTRAS PROVISÕES A CURTO PRAZO - INTER OFSS - MUNICÍPIO;Não;Não
218000000;DEMAIS OBRIGAÇÕES A CURTO PRAZO;Não;Não
218100000;ADIANTAMENTOS DE CLIENTES;Não;Não
218110000;ADIANTAMENTOS DE CLIENTES- CONSOLIDAÇÃO;Não;Não
218120000;ADIANTAMENTOS DE CLIENTES- INTRA OFSS;Não;Não
218130000;ADIANTAMENTOS DE CLIENTES- INTER OFSS - UNIÃO;Não;Não
218140000;ADIANTAMENTOS DE CLIENTES- INTER OFSS - ESTADO;Não;Não
218150000;ADIANTAMENTOS DE CLIENTES- INTER OFSS - MUNICÍPIO;Não;Não
218200000;OBRIGAÇÕES POR DANOS A TERCEIROS;Não;Não
218210000;OBRIGAÇÕES POR DANOS A TERCEIROS - CONSOLIDAÇÃO;Não;Não
218220000;OBRIGAÇÕES POR DANOS A TERCEIROS - INTRA OFSS;Não;Não
218230000;OBRIGAÇÕES POR DANOS A TERCEIROS - INTER OFSS - UNIÃO;Não;Não
218240000;OBRIGAÇÕES POR DANOS A TERCEIROS - INTER OFSS - ESTADO;Não;Não
218250000;OBRIGAÇÕES POR DANOS A TERCEIROS - INTER OFSS - MUNICÍPIO;Não;Não
218300000;ARRENDAMENTO OPERACIONAL A PAGAR;Não;Não
218310000;ARRENDAMENTO OPERACIONAL A PAGAR- CONSOLIDAÇÃO;Não;Não
218310100;ARRENDAMENTO OPERACIONAL A PAGAR;Não;Não
218320000;ARRENDAMENTO OPERACIONAL A PAGAR- INTRA OFSS;Não;Não
218330000;ARRENDAMENTO OPERACIONAL A PAGAR- INTER OFSS - UNIÃO;Não;Não
218340000;ARRENDAMENTO OPERACIONAL A PAGAR- INTER OFSS - ESTADO;Não;Não
218350000;ARRENDAMENTO OPERACIONAL A PAGAR- INTER OFSS - MUNICÍPIO;Não;Não
218400000;DEBÊNTURES E OUTROS TÍTULOS DE DÍVIDA A CURTO PRAZO;Não;Não
218410000;DEBÊNTURES E OUTROS TÍTULOS DE DÍVIDA A CURTO PRAZO- CONSOLIDAÇÃO;Não;Não
218410100;DEBENTURES CONVERSIVEIS EM AÇÕES NO CURTO PRAZO;Não;Não
218410200;DEBENTURES NAO-CONVERSIVEIS EM AÇÕES NO CURTO PRAZO;Não;Não
218419600;AGIO NA EMISSAO DE DEBENTURES;Não;Não
218419700;(-) DESAGIO NA EMISSAO DE DEBENTURES;Não;Não
218419800;(-) CUSTO DA TRANSAÇÃO A AMORTIZAR;Não;Não
218419900;OUTROS TITULOS;Não;Não
218420000;DEBÊNTURES E OUTROS TÍTULOS DE DÍVIDA A CURTO PRAZO- INTRA OFSS;Não;Não
218430000;DEBÊNTURES E OUTROS TÍTULOS DE DÍVIDA A CURTO PRAZO- INTER OFSS - UNIÃO;Não;Não
218440000;DEBÊNTURES E OUTROS TÍTULOS DE DÍVIDA A CURTO PRAZO- INTER OFSS - ESTADO;Não;Não
218450000;DEBÊNTURES E OUTROS TÍTULOS DE DÍVIDA A CURTO PRAZO- INTER OFSS - MUNICÍPIO;Não;Não
218500000;DIVIDENDOS E JUROS SOBRE CAPITAL PRÓPRIO A PAGAR;Não;Não
218510000;DIVIDENDOS E JUROS SOBRE CAPITAL PRÓPRIO A PAGAR - CONSOLIDAÇÃO;Não;Não
218510100;DIVIDENDOS A PAGAR - TESOURO ESTADUAL/MUNICIPAL;Não;Não
218510200;DIVIDENDOS A PAGAR - TERCEIROS;Não;Não
218510300;JUROS SOBRE CAPITAL PRÓPRIO A PAGAR;Não;Não
218520000;DIVIDENDOS E JUROS SOBRE CAPITAL PRÓPRIO A PAGAR - INTRA OFSS;Não;Não
218530000;DIVIDENDOS E JUROS SOBRE CAPITAL PRÓPRIO A PAGAR - INTER OFSS - UNIÃO;Não;Não
218540000;DIVIDENDOS E JUROS SOBRE CAPITAL PRÓPRIO A PAGAR - INTER OFSS - ESTADO;Não;Não
218550000;DIVIDENDOS E JUROS SOBRE CAPITAL PRÓPRIO A PAGAR - INTER OFSS - MUNICÍPIO;Não;Não
218600000;OBRIGAÇÕES DECORRENTES DE CONTRATOS DE PPP;Não;Não
218610000;OBRIGAÇÕES DECORRENTES DE CONTRATOS DE PPP - CONSOLIDAÇÃO;Não;Não
218610100;OBRIGAÇÕES DECORRENTES DE ATIVOS CONSTRUÍDOS PELA SPE;Não;Não
218610200;OBRIGAÇÕES DECORRENTES DA CONTRAPRESTAÇÃO DE SERVIÇOS EM CONTRATOS DE PPP;Não;Não
218610300;OBRIGAÇÕES DECORRENTES DA CONCRETIZAÇÃO DE RISCOS EM CONTRATOS DE PPP;Não;Não
218619900;OUTRAS OBRIGAÇÕES DECORRENTES DE CONTRATOS DE CONCESSÃO DE SERVIÇO PÚBLICO - COMUM E PPP;Não;Não
218700000;DEPÓSITOS DE INSTITUIÇÕES AUTORIZADAS A OPERAR PELO BACEN;Não;Não
218710000;DEPÓSITOS DE INSTITUIÇÕES AUTORIZADAS A OPERAR PELO BACEN - CONSOLIDAÇÃO;Não;Não
218800000;VALORES RESTITUÍVEIS;Não;Não
218810000;VALORES RESTITUÍVEIS - CONSOLIDAÇÃO;Não;Não
218810100;CONSIGNAÇÕES;Não;Não
218810103; ENCARGOS SOCIAIS - OUTRAS ENTIDADES;Sim;Sim
218810105;RESSARCIMENTOS E RESTITUIÇÕES;Sim;Sim
218810110;PENSAO ALIMENTICIA;Sim;Sim
218810111;PLANOS DE PREVIDENCIA E ASSISTENCIA MEDICA;Sim;Sim
218810113;RETENÇÕES - ENTIDADES REPRESENTATIVAS DE CLASSES;Sim;Sim
218810114;RETENÇÕES - PLANOS DE SEGUROS;Sim;Sim
218810115;RETENÇÕES - EMPRÉSTIMOS E FINANCIAMENTOS;Sim;Sim
218810116;RETENÇÃO RELATIVA A VALE TRANSPORTE;Sim;Sim
218810117;RETENÇÃO RELATIVA A VALE ALIMENTAÇÃO;Sim;Sim
218810199;OUTROS CONSIGNATARIOS;Sim;Sim
218810200;GARANTIAS;Não;Sim
218810300;DEPOSITOS JUDICIAIS;Não;Não
218810301;DEPOSITOS RECEBIDOS POR DETERMINAÇÃO JUDICIAL;Não;Sim
218810302;DEPOSITOS PARA RECURSOS JUDICIAIS;Não;Sim
218810400;DEPOSITOS NAO JUDICIAIS;Não;Não
218810401;DEPOSITOS E CAUÇÕES;Não;Sim
218810402;DEPOSITOS ESPECIAIS;Não;Sim
218810403;DEPOSITOS DE TERCEIROS;Não;Sim
218810404;DEPOSITOS DE VEICULOS ALIENAVEIS;Não;Sim
218810405;DEPOSITOS A TRANSFERIR;Não;Sim
218810499;OUTROS DEPOSITOS;Não;Sim
218810800;PRECATÓRIOS;Não;Não
218810801;CONTA ESPECIAL - PRECATÓRIOS;Não;Não
218819900;OUTROS VALORES RESTITUIVEIS;Não;Sim
218820000;VALORES RESTITUÍVEIS - INTRA OFSS;Não;Não
218820100;CONSIGNAÇÕES;Não;Não
218820101;RPPS - RETENÇÕES SOBRE VENCIMENTOS E VANTAGENS;Sim;Sim
218820102;CONTRIBUIÇÃO AO RGPS;Sim;Sim
218820104;IMPOSTO SOBRE A RENDA RETIDO NA FONTE - IRRF;Sim;Sim
218820106;OUTROS TRIBUTOS FEDERAIS;Sim;Sim
218820107;ICMS;Sim;Sim
218820108;ISS;Sim;Sim
218820109;OUTROS TRIBUTOS ESTADUAIS E MUNICIPAIS;Sim;Sim
218820112;ASSISTENCIA A SAUDE - ADMINISTRAÇÃO PROPRIA;Sim;Sim
218820199;OUTRAS CONSIGNAÇÕES;Sim;Sim
218820200;GARANTIAS;Não;Sim
218820300;DEPOSITOS JUDICIAIS;Não;Sim
218820400;DEPOSITOS NAO JUDICIAIS;Não;Sim
218820800;PRECATÓRIOS;Não;Não
218829900;OUTROS VALORES RESTITUIVEIS;Não;Sim
218830000;VALORES RESTITUÍVEIS - INTER OFSS - UNIÃO;Não;Não
218830100;CONSIGNAÇÕES;Não;Não
218830102;CONTRIBUIÇÃO AO RGPS;Sim;Sim
218830104;IMPOSTO SOBRE A RENDA RETIDO NA FONTE - IRRF;Sim;Sim
218830106;OUTROS TRIBUTOS FEDERAIS;Sim;Sim
218830199;OUTRAS CONSIGNAÇÕES;Sim;Sim
218830200;GARANTIAS;Não;Sim
218830300;DEPOSITOS JUDICIAIS;Não;Sim
218830400;DEPOSITOS NAO JUDICIAIS;Não;Não
218830800;PRECATÓRIOS;Não;Não
218839900;OUTROS VALORES RESTITUIVEIS;Não;Sim
218840000;VALORES RESTITUÍVEIS - INTER OFSS - ESTADO;Não;Não
218840100;CONSIGNAÇÕES;Não;Não
218840107;ICMS;Sim;Sim
218840109;OUTROS TRIBUTOS ESTADUAIS;Sim;Sim
218840199;OUTRAS CONSIGNAÇÕES;Sim;Sim
218840200;GARANTIAS;Não;Sim
218840300;DEPOSITOS JUDICIAIS;Não;Sim
218840400;DEPOSITOS NAO JUDICIAIS;Não;Sim
218840800;PRECATÓRIOS;Não;Sim
218849900;OUTROS VALORES RESTITUIVEIS;Não;Sim
218850000;VALORES RESTITUÍVEIS - INTER OFSS - MUNICÍPIO;Não;Não
218850100;CONSIGNAÇÕES;Não;Não
218850108;ISS;Sim;Sim
218850109;OUTROS TRIBUTOS MUNICIPAIS;Sim;Sim
218850199;OUTRAS CONSIGNAÇÕES;Sim;Sim
218850200;GARANTIAS;Não;Sim
218850300;DEPOSITOS JUDICIAIS;Não;Sim
218850400;DEPOSITOS NAO JUDICIAIS;Não;Sim
218850800;PRECATÓRIOS;Não;Sim
218859900;OUTROS VALORES RESTITUIVEIS;Não;Sim
218900000;OUTRAS OBRIGAÇÕES A CURTO PRAZO;Não;Não
218910000;OUTRAS OBRIGAÇÕES A CURTO PRAZO - CONSOLIDAÇÃO;Não;Não
218910100;INDENIZAÇÕES E RESTITUIÇÕES;Não;Não
218910101;INDENIZAÇÕES A SERVIDORES;Não;Não
218910102;INDENIZAÇÕES E RESTITUIÇÕES DIVERSAS;Não;Não
218910104;RESTITUIÇÕES DE CONTRIBUIÇÕES PREVIDENCIÁRIAS;Não;Não
218910105;RECOMPOSIÇÃO DO FUNDO DE RESERVA;Não;Não
218910106;DEPÓSITOS JUDICIAIS DE TERCEIROS;Não;Não
218910200;DIARIAS A PAGAR;Não;Não
218910300;SUPRIMENTOS DE FUNDOS A PAGAR;Não;Não
218911200;SUBVENÇÕES A PAGAR;Não;Não
218911300;TRANSFERÊNCIAS ORCAMENTARIAS A LIBERAR;Não;Não
218911400;CONSÓRCIOS A PAGAR;Não;Não
218911600;OBRIGAÇÕES DECORRENTES DE TRANSAÇÕES SEM CONTRAPRESTAÇÃO - BENS MÓVEIS;Não;Não
218911700;OBRIGAÇÕES DECORRENTES DE TRANSAÇÕES SEM CONTRAPRESTAÇÃO - BENS IMÓVEIS;Não;Não
218919800;DEMAIS OBRIGAÇÕES A CURTO PRAZO;Não;Não
218920000;OUTRAS OBRIGAÇÕES A CURTO PRAZO-INTRA OFSS;Não;Não
218920100;INDENIZAÇÕES E RESTITUIÇÕES - INTRA OFSS;Não;Não
218920105;RECOMPOSIÇÃO DO FUNDO DE RESERVA - INTRA OFSS;Não;Não
218920106;DEPÓSITOS JUDICIAIS DE TERCEIROS - INTRA OFSS;Não;Não
218930000;OUTRAS OBRIGAÇÕES A CURTO PRAZO- INTER OFSS - UNIÃO;Não;Não
218930100;INDENIZAÇÕES E RESTITUIÇÕES - INTER OFSS UNIÃO;Não;Não
218930105;RECOMPOSIÇÃO DO FUNDO DE RESERVA - INTER OFSS UNIÃO;Não;Não
218930106;DEPÓSITOS JUDICIAIS DE TERCEIROS - INTER OFSS UNIÃO;Não;Não
218940000;OUTRAS OBRIGAÇÕES A CURTO PRAZO- INTER OFSS - ESTADO;Não;Não
218940100;INDENIZAÇÕES E RESTITUIÇÕES - INTER OFSS ESTADO;Não;Não
218940105;RECOMPOSIÇÃO DO FUNDO DE RESERVA - INTER OFSS ESTADO;Não;Não
218940106;DEPÓSITOS JUDICIAIS DE TERCEIROS - INTER OFSS ESTADO;Não;Não
218950000;OUTRAS OBRIGAÇÕES A CURTO PRAZO - INTER OFSS - MUNICÍPIO;Não;Não
218950100;INDENIZAÇÕES E RESTITUIÇÕES - INTER OFSS MUNICÍPIO;Não;Não
218950105;RECOMPOSIÇÃO DO FUNDO DE RESERVA - INTER OFSS MUNICÍPIO;Não;Não
218950106;DEPÓSITOS JUDICIAIS DE TERCEIROS - INTER OFSS MUNICÍPIO;Não;Não
220000000;PASSIVO NAO-CIRCULANTE;Não;Não
221000000;OBRIGAÇÕES TRABALHISTAS, PREVIDENCIÁRIAS E ASSISTENCIAIS A PAGAR A LONGO PRAZO;Não;Não
221100000;PESSOAL A PAGAR;Não;Não
221110000;PESSOAL A PAGAR- CONSOLIDAÇÃO;Não;Não
221110100;PESSOAL A PAGAR;Não;Não
221110300;PRECATÓRIOS DE PESSOAL - REGIME ESPECIAL;Não;Não
221110301;PRECATÓRIOS DE PESSOAL - REGIME ESPECIAL - ANTES DE 05/05/2000;Não;Não
221110302;PRECATÓRIOS DE PESSOAL - REGIME ESPECIAL - A PARTIR DE 05/05/2000 - VENCIDOS E NÃO PAGOS;Não;Não
221110303;PRECATÓRIOS DE PESSOAL - REGIME ESPECIAL - A PARTIR DE 05/05/2000 - NÃO VENCIDOS;Não;Não
221110400;PRECATÓRIOS DE PESSOAL - REGIME ORDINÁRIO;Não;Não
221110401;PRECATÓRIOS DE PESSOAL - REGIME ORDINÁRIO - ANTES DE 05/05/2000;Não;Não
221110402;PRECATÓRIOS DE PESSOAL - REGIME ORDINÁRIO - A PARTIR DE 05/05/2000 - VENCIDOS E NÃO PAGOS;Não;Não
221110403;PRECATÓRIOS DE PESSOAL - REGIME ORDINÁRIO - A PARTIR DE 05/05/2000 - NÃO VENCIDOS;Não;Não
221110500;PESSOAL A PAGAR - DECISÕES JUDICIAIS - EXCETO PRECATÓRIOS;Não;Não
221110700;OUTROS PRECATÓRIOS DE PESSOAL;Não;Não
221200000;BENEFÍCIOS PREVIDENCIÁRIOS A PAGAR;Não;Não
221210000;BENEFÍCIOS PREVIDENCIÁRIOS A PAGAR - CONSOLIDAÇÃO;Não;Não
221210200;PRECATÓRIOS DE BENEFÍCIOS PREVIDENCIÁRIOS - REGIME ESPECIAL;Não;Não
221210201;PRECATÓRIOS DE BENEFÍCIOS PREVIDENCIÁRIOS - REGIME ESPECIAL - ANTES DE 05/05/2000;Não;Não
221210202;PRECATÓRIOS DE BENEFÍCIOS PREVIDENCIÁRIOS - REGIME ESPECIAL - A PARTIR DE 05/05/2000 - VENCIDOS E NÃO PAGOS;Não;Não
221210203;PRECATÓRIOS DE BENEFÍCIOS PREVIDENCIÁRIOS - REGIME ESPECIAL - A PARTIR DE 05/05/2000 - NÃO VENCIDOS;Não;Não
221210300;PRECATÓRIOS DE BENEFÍCIOS PREVIDENCIÁRIOS - REGIME ORDINÁRIO;Não;Não
221210301;PRECATÓRIOS DE BENEFÍCIOS PREVIDENCIÁRIOS - REGIME ORDINÁRIO - ANTES DE 05/05/2000;Não;Não
221210302;PRECATÓRIOS DE BENEFÍCIOS PREVIDENCIÁRIOS - REGIME ORDINÁRIO - A PARTIR DE 05/05/2000 - VENCIDOS E NÃO PAGOS;Não;Não
221210303;PRECATÓRIOS DE BENEFÍCIOS PREVIDENCIÁRIOS - REGIME ORDINÁRIO - A PARTIR DE 05/05/2000 - NÃO VENCIDOS;Não;Não
221210400;BENEFÍCIOS PREVIDENCIÁRIOS A PAGAR - DECISÕES JUDICIAIS - EXCETO PRECATÓRIOS;Não;Não
221219800;OUTROS PRECATÓRIOS DE BENEFÍCIOS PREVIDENCIÁRIOS;Não;Não
221219900;OUTROS BENEFÍCIOS PREVIDENCIÁRIOS A PAGAR;Não;Não
221220000;BENEFÍCIOS PREVIDENCIÁRIOS A PAGAR - INTRA OFSS;Não;Não
221230000;BENEFÍCIOS PREVIDENCIÁRIOS A PAGAR - INTER OFSS - UNIÃO;Não;Não
221240000;BENEFÍCIOS PREVIDENCIÁRIOS A PAGAR - INTER OFSS - ESTADO;Não;Não
221250000;BENEFÍCIOS PREVIDENCIÁRIOS A PAGAR - INTER OFSS - MUNICÍPIO;Não;Não
221300000;BENEFÍCIOS ASSISTENCIAIS A PAGAR;Não;Não
221310000;BENEFÍCIOS ASSISTENCIAIS A PAGAR - CONSOLIDAÇÃO;Não;Não
221310100;BENEFICIOS ASSISTENCIAIS A PAGAR;Não;Não
221310200;PRECATÓRIOS DE BENEFÍCIOS ASSISTENCIAIS - REGIME ESPECIAL;Não;Não
221310201;PRECATÓRIOS DE BENEFÍCIOS ASSISTENCIAIS - REGIME ESPECIAL - ANTES DE 05/05/2000;Não;Não
221310202;PRECATÓRIOS DE BENEFÍCIOS ASSISTENCIAIS - REGIME ESPECIAL - A PARTIR DE 05/05/2000 - VENCIDOS E NÃO PAGOS;Não;Não
221310203;PRECATÓRIOS DE BENEFÍCIOS ASSISTENCIAIS - REGIME ESPECIAL - A PARTIR DE 05/05/2000 - NÃO VENCIDOS;Não;Não
221310300;PRECATÓRIOS DE BENEFÍCIOS ASSISTENCIAIS - REGIME ORDINÁRIO;Não;Não
221310301;PRECATÓRIOS DE BENEFÍCIOS ASSISTENCIAIS - REGIME ORDINÁRIO - ANTES DE 05/05/2000;Não;Não
221310302;PRECATÓRIOS DE BENEFÍCIOS ASSISTENCIAIS - REGIME ORDINÁRIO - A PARTIR DE 05/05/2000 - VENCIDOS E NÃO PAGOS;Não;Não
221310303;PRECATÓRIOS DE BENEFÍCIOS ASSISTENCIAIS - REGIME ORDINÁRIO - A PARTIR DE 05/05/2000 - NÃO VENCIDOS;Não;Não
221310400;BENEFÍCIOS ASSISTENCIAIS A PAGAR - DECISÕES JUDICIAIS - EXCETO PRECATÓRIOS;Não;Não
221400000;ENCARGOS SOCIAIS A PAGAR;Não;Não
221410000;ENCARGOS SOCIAIS A PAGAR- CONSOLIDAÇÃO;Não;Não
221410100;CONTRIBUIÇÕES PREVIDÊNCIÁRIAS - DÉBITO PARCELADO;Não;Não
221410200;CONTRIBUICÕES SOCIAIS - DÉBITOS PARCELADOS;Não;Não
221410300;FGTS - DÉBITO PARCELADO;Não;Não
221419900;OUTROS ENCARGOS SOCIAIS;Não;Não
221420000;ENCARGOS SOCIAIS A PAGAR-INTRA OFSS;Não;Não
221420100;CONTRIBUIÇÃO A REGIME PRÓPRIO DE PREVIDÊNCIA (RPPS);Não;Não
221420200;CONTRIBUIÇÃO PREVIDENCIÁRIA - RPPS - DÉBITOS PARCELADOS;Não;Não
221420201;CONTRIBUIÇÃO PREVIDENCIÁRIA - RPPS - DÉBITOS PARCELADOS - PATRONAL - ANC;Não;Não
221420202;CONTRIBUIÇÃO PREVIDENCIÁRIA - RPPS - DÉBITOS PARCELADOS - SERVIDOR, APOSENTADO E PENSIONISTA - ANC;Não;Não
221429900;OUTROS ENCARGOS SOCIAIS;Não;Não
221430000;ENCARGOS SOCIAIS A PAGAR-INTER OFSS - UNIÃO;Não;Não
221430100;CONTRIBUIÇÃO AO RGPS;Não;Não
221430101;CONTRIBUIÇÕES AO RGPS - DEBITO PARCELADO;Não;Não
221430200;CONTRIBUICÕES SOCIAIS - DÉBITOS PARCELADOS;Não;Não
221439900;OUTROS ENCARGOS SOCIAIS;Não;Não
221440000;ENCARGOS SOCIAIS A PAGAR-INTER OFSS - ESTADO;Não;Não
221449900;OUTROS ENCARGOS SOCIAIS;Não;Não
221450000;ENCARGOS SOCIAIS A PAGAR-INTER OFSS - MUNICÍPIO;Não;Não
221459900;OUTROS ENCARGOS SOCIAIS;Não;Não
222000000;EMPRÉSTIMOS E FINANCIAMENTOS A LONGO PRAZO;Não;Não
222100000;EMPRÉSTIMOS A LONGO PRAZO - INTERNO;Não;Não
222110000;EMPRÉSTIMOS A LONGO PRAZO - INTERNO - CONSOLIDAÇÃO;Não;Não
222110100;EMPRÉSTIMOS INTERNOS - EM TÍTULOS;Não;Não
222110101;DÍVIDA MOBILIÁRIA;Não;Não
222110102;(-) DESÁGIO DE TÍTULOS;Não;Não
222110198;OUTROS TÍTULOS - EMPRÉSTIMOS INTERNOS;Não;Não
222110200;EMPRÉSTIMOS INTERNOS - EM CONTRATOS;Não;Não
222110298;OUTROS CONTRATOS - EMPRÉSTIMOS INTERNOS;Não;Não
222110300;OUTROS EMPRÉSTIMOS A LONGO PRAZO - INTERNO;Não;Não
222120000;EMPRÉSTIMOS A LONGO PRAZO - INTERNO - INTRA OFSS;Não;Não
222120100;EMPRÉSTIMOS INTERNOS - EM TÍTULOS;Não;Não
222120200;EMPRÉSTIMOS INTERNOS - EM CONTRATOS;Não;Não
222120201;EMPRÉSTIMOS DO RPPS A PAGAR;Não;Não
222129900;OUTROS EMPRÉSTIMOS A LONGO PRAZO - INTERNO;Não;Não
222130000;EMPRÉSTIMOS A LONGO PRAZO - INTERNO - INTER OFSS - UNIÃO;Não;Não
222130100;EMPRÉSTIMOS INTERNOS - EM TÍTULOS;Não;Não
222130101;DÍVIDA MOBILIÁRIA;Não;Não
222130102;(-) DESÁGIO DE TÍTULOS;Não;Não
222130198;OUTROS TÍTULOS - EMPRÉSTIMOS INTERNOS;Não;Não
222130200;EMPRÉSTIMOS INTERNOS - EM CONTRATOS;Não;Não
222130298;OUTROS CONTRATOS - EMPRÉSTIMOS INTERNOS;Não;Não
222130400;PROGRAMA DE APOIO À REESTRUTURAÇÃO E AO AJUSTE FISCAL DOS ESTADOS;Não;Não
222130401;PROGRAMA DE APOIO À REESTRUTURAÇÃO E AO AJUSTE FISCAL DOS ESTADOS;Não;Não
222130500;PROGRAMA DE APOIO À REESTRUTURAÇÃO E AO AJUSTE FISCAL DOS MUNICÍPIOS;Não;Não
222130501;PROGRAMA DE APOIO À REESTRUTURAÇÃO E AO AJUSTE FISCAL DOS MUNICÍPIOS;Não;Não
222139900;OUTROS EMPRÉSTIMOS A LONGO PRAZO - INTERNO;Não;Não
222140000;EMPRÉSTIMOS A LONGO PRAZO - INTERNO - INTER OFSS - ESTADO;Não;Não
222140100;EMPRÉSTIMOS INTERNOS - EM TÍTULOS;Não;Não
222140101;DÍVIDA MOBILIÁRIA;Não;Não
222140102;(-) DESÁGIO DE TÍTULOS;Não;Não
222140198;OUTROS TÍTULOS - EMPRÉSTIMOS INTERNOS;Não;Não
222140200;EMPRÉSTIMOS INTERNOS - EM CONTRATOS;Não;Não
222140298;OUTROS CONTRATOS - EMPRÉSTIMOS INTERNOS;Não;Não
222140300;OUTROS EMPRÉSTIMOS A LONGO PRAZO - INTERNO;Não;Não
222150000;EMPRÉSTIMOS A LONGO PRAZO - INTERNO-INTER OFSS - MUNICÍPIO;Não;Não
222150100;EMPRÉSTIMOS INTERNOS - EM TÍTULOS;Não;Não
222150101;DÍVIDA MOBILIÁRIA;Não;Não
222150102;(-) DESÁGIO DE TÍTULOS;Não;Não
222150198;OUTROS TÍTULOS - EMPRÉSTIMOS INTERNOS;Não;Não
222150200;EMPRÉSTIMOS INTERNOS - EM CONTRATOS;Não;Não
222150298;OUTROS CONTRATOS - EMPRÉSTIMOS INTERNOS;Não;Não
222150300;OUTROS EMPRÉSTIMOS A LONGO PRAZO - INTERNO;Não;Não
222200000;EMPRÉSTIMOS A LONGO PRAZO - EXTERNO;Não;Não
222210000;EMPRÉSTIMOS A LONGO PRAZO- EXTERNO CONSOLIDAÇÃO;Não;Não
222210100;EMPRÉSTIMOS EXTERNOS - EM TÍTULOS;Não;Não
222210200;EMPRÉSTIMOS EXTERNOS - EM CONTRATOS;Não;Não
222210300;OUTROS EMPRÉSTIMOS A CURTO PRAZO - EXTERNO;Não;Não
222300000;FINANCIAMENTOS A LONGO PRAZO - INTERNO;Não;Não
222310000;FINANCIAMENTOS A LONGO PRAZO- INTERNO - CONSOLIDAÇÃO;Não;Não
222310100;FINANCIAMENTOS INTERNOS;Não;Não
222310101;FINANCIAMENTOS DO ATIVO PERMANENTE;Não;Não
222310102;FINANCIAMENTOS PARA CONSTRUÇÃO DE IMÓVEIS HABITACIONAIS;Não;Não
222310103;FINANCIAMENTO DE CAPITAL DE GIRO;Não;Não
222310198;OUTROS FINANCIAMENTOS INTERNOS;Não;Não
222310200;FINANCIAMENTOS INTERNOS POR ARRENDAMENTO FINANCEIRO A LONGO PRAZO;Não;Não
222330000;FINANCIAMENTOS A LONGO PRAZO- INTERNO -INTER OFSS - UNIÃO;Não;Não
222340000;FINANCIAMENTOS A LONGO PRAZO - INTERNO - INTER OFSS - ESTADO;Não;Não
222350000;FINANCIAMENTOS A LONGO PRAZO - INTERNO - INTER OFSS - MUNICÍPIO;Não;Não
222400000;FINANCIAMENTO A LONGO PRAZO - EXTERNO;Não;Não
222410000;FINANCIAMENTO A LONGO PRAZO - EXTERNO - CONSOLIDAÇÃO;Não;Não
222410100;FINANCIAMENTOS EXTERNOS;Não;Não
222410101;FINANCIAMENTOS DO ATIVO PERMANENTE;Não;Não
222410102;FINANCIAMENTOS DE CAPITAL DE GIRO;Não;Não
222410200;FINANCIAMENTOS EXTERNOS POR ARRENDAMENTO FINANCEIRO A LONGO PRAZO;Não;Não
222419800;OUTROS FINANCIAMENTOS A LONGO PRAZO - EXTERNO;Não;Não
222500000;JUROS E ENCARGOS A PAGAR DE EMPRÉSTIMOS E FINANCIAMENTOS A LONGO PRAZO - INTERNO;Não;Não
222510000;JUROS E ENCARGOS A PAGAR DE EMPRÉSTIMOS E FINANCIAMENTOS A LONGO PRAZO - INTERNO - CONSOLIDAÇÃO;Não;Não
222510100;JUROS DE CONTRATOS - EMPRÉSTIMOS INTERNOS;Não;Não
222510101;JUROS DE CONTRATOS - EMPRÉSTIMOS INTERNOS DO EXERCÍCIO;Não;Não
222510102;JUROS DE CONTRATOS - EMPRÉSTIMOS INTERNOS DE EXERCÍCIOS ANTERIORES;Não;Não
222510200;ENCARGOS - EMPRÉSTIMOS INTERNOS;Não;Não
222510201;ENCARGOS DE CONTRATOS - EMPRÉSTIMOS INTERNOS DO EXERCÍCIO;Não;Não
222510202;ENCARGOS DE CONTRATOS - EMPRÉSTIMOS INTERNOS DE EXERCÍCIOS ANTERIORES;Não;Não
222510300;JUROS DE CONTRATOS - FINANCIAMENTOS INTERNOS;Não;Não
222510301;JUROS DE CONTRATOS - FINANCIAMENTOS INTERNOS DO EXERCÍCIO;Não;Não
222510302;JUROS DE CONTRATOS - FINANCIAMENTOS INTERNOS DE EXERCÍCIOS ANTERIORES;Não;Não
222510400;ENCARGOS - FINANCIAMENTOS INTERNOS;Não;Não
222510401;ENCARGOS DE CONTRATOS - FINANCIAMENTOS INTERNOS DO EXERCÍCIO;Não;Não
222510402;ENCARGOS DE CONTRATOS - FINANCIAMENTOS INTERNOS DE EXERCÍCIOS ANTERIORES;Não;Não
222520000;JUROS E ENCARGOS A PAGAR DE EMPRÉSTIMOS E FINANCIAMENTOS A LONGO PRAZO - INTERNO - INTRA OFSS;Não;Não
222530000;JUROS E ENCARGOS A PAGAR DE EMPRÉSTIMOS E FINANCIAMENTOS A LONGO PRAZO - INTERNO -INTER OFSS - UNIÃO;Não;Não
222540000;JUROS E ENCARGOS A PAGAR DE EMPRÉSTIMOS E FINANCIAMENTOS A LONGO PRAZO - INTERNO -INTER OFSS - ESTADO;Não;Não
222550000;JUROS E ENCARGOS A PAGAR DE EMPRÉSTIMOS E FINANCIAMENTOS A LONGO PRAZO - INTERNO -INTER OFSS - MUNICÍPIO;Não;Não
222600000;JUROS E ENCARGOS A PAGAR DE EMPRÉSTIMOS E FINANCIAMENTOS A LONGO PRAZO - EXTERNO;Não;Não
222610000;JUROS E ENCARGOS A PAGAR DE EMPRÉSTIMOS E FINANCIAMENTOS A LONGO PRAZO - EXTERNO - CONSOLIDAÇÃO;Não;Não
222610100;JUROS DE CONTRATOS - EMPRÉSTIMOS EXTERNOS;Não;Não
222610101;JUROS DE CONTRATOS - EMPRÉSTIMOS EXTERNOS DO EXERCÍCIO;Não;Não
222610102;JUROS DE CONTRATOS - EMPRÉSTIMOS EXTERNOS DE EXERCÍCIOS ANTERIORES;Não;Não
222610200;ENCARGOS - EMPRÉSTIMOS EXTERNOS;Não;Não
222610201;ENCARGOS DE CONTRATOS - EMPRÉSTIMOS EXTERNOS DO EXERCÍCIO;Não;Não
222610202;ENCARGOS DE CONTRATOS - EMPRÉSTIMOS EXTERNOS DE EXERCÍCIOS ANTERIORES;Não;Não
222610300;JUROS DE CONTRATOS - FINANCIAMENTOS EXTERNOS;Não;Não
222610301;JUROS DE CONTRATOS - FINANCIAMENTOS EXTERNOS DO EXERCÍCIO;Não;Não
222610302;JUROS DE CONTRATOS - FINANCIAMENTOS EXTERNOS DE EXERCÍCIOS ANTERIORES;Não;Não
222610400;ENCARGOS - FINANCIAMENTOS EXTERNOS;Não;Não
222610401;ENCARGOS DE CONTRATOS - FINANCIAMENTOS EXTERNOS DO EXERCÍCIO;Não;Não
222610402;ENCARGOS DE CONTRATOS - FINANCIAMENTOS EXTERNOS DE EXERCÍCIOS ANTERIORES;Não;Não
222800000;(-) ENCARGOS FINANCEIROS A APROPRIAR - INTERNO;Não;Não
222810000;(-) ENCARGOS FINANCEIROS A APROPRIAR - INTERNO - CONSOLIDAÇÃO;Não;Não
222810100;(-) ENCARGOS PREFIXADOS DE EMPRÉSTIMOS INTERNOS;Não;Não
222810200;(-) ENCARGOS PREFIXADOS DE FINANCIAMENTOS INTERNOS;Não;Não
222820000;(-) ENCARGOS FINANCEIROS A APROPRIAR - INTERNO - INTRA OFSS;Não;Não
222830000;(-) ENCARGOS FINANCEIROS A APROPRIAR - INTERNO - INTER OFSS - UNIÃO;Não;Não
222840000;(-) ENCARGOS FINANCEIROS A APROPRIAR - INTERNO - INTER OFSS - ESTADO;Não;Não
222850000;(-) ENCARGOS FINANCEIROS A APROPRIAR - INTERNO - INTER OFSS - MUNICÍPIO;Não;Não
222900000;(-) ENCARGOS FINANCEIROS A APROPRIAR - EXTERNO;Não;Não
222910000;(-) ENCARGOS FINANCEIROS A APROPRIAR - EXTERNO - CONSOLIDAÇÃO;Não;Não
222910100;(-) ENCARGOS PREFIXADOS DE EMPRÉSTIMOS EXTERNOS;Não;Não
222910200;(-) ENCARGOS PREFIXADOS DE FINANCIAMENTOS EXTERNOS;Não;Não
223000000;FORNECEDORES E CONTAS A PAGAR A LONGO PRAZO;Não;Não
223100000;FORNECEDORES E CONTAS A PAGAR NACIONAIS A LONGO PRAZO;Não;Não
223110000;FORNECEDORES E CONTAS A PAGAR NACIONAIS A LONGO PRAZO - CONSOLIDAÇÃO;Não;Não
223110100;FORNECEDORES NACIONAIS;Não;Não
223110101;FORNECEDORES NÃO PARCELADOS A PAGAR;Não;Não
223110102;FORNECEDORES PARCELADOS A PAGAR;Não;Não
223110103;RENEGOCIAÇÃO DE DÍVIDAS COM FORNECEDORES;Não;Não
223110199;DEMAIS FORNECEDORES A PAGAR;Não;Não
223110400;PRECATÓRIOS DE FORNECEDORES NACIONAIS - REGIME ESPECIAL;Não;Não
223110401;PRECATÓRIOS DE FORNECEDORES NACIONAIS - REGIME ESPECIAL - ANTES DE 05/05/2000;Não;Não
223110402;PRECATÓRIOS DE FORNECEDORES NACIONAIS - REGIME ESPECIAL - A PARTIR DE 05/05/2000 - VENCIDOS E NÃO PAGOS;Não;Não
223110403;PRECATÓRIOS DE FORNECEDORES NACIONAIS - REGIME ESPECIAL - A PARTIR DE 05/05/2000 - NÃO VENCIDOS;Não;Não
223110500;PRECATÓRIOS DE FORNECEDORES NACIONAIS - REGIME ORDINÁRIO;Não;Não
223110501;PRECATÓRIOS DE FORNECEDORES NACIONAIS - REGIME ORDINÁRIO - ANTES DE 05/05/2000;Não;Não
223110502;PRECATÓRIOS DE FORNECEDORES NACIONAIS - REGIME ORDINÁRIO - A PARTIR DE 05/05/2000 - VENCIDOS E NÃO PAGOS;Não;Não
223110503;PRECATÓRIOS DE FORNECEDORES NACIONAIS - REGIME ORDINÁRIO - A PARTIR DE 05/05/2000 - NÃO VENCIDOS;Não;Não
223110600;PRECATÓRIOS DE CONTAS A PAGAR - CREDORES NACIONAIS- REGIME ESPECIAL;Não;Não
223110601;PRECATÓRIOS DE CONTAS A PAGAR - REGIME ESPECIAL - ANTES DE 05/05/2000;Não;Não
223110602;PRECATÓRIOS DE CONTAS A PAGAR - REGIME ESPECIAL - A PARTIR DE 05/05/2000 - VENCIDOS E NÃO PAGOS;Não;Não
223110603;PRECATÓRIOS DE CONTAS A PAGAR - REGIME ESPECIAL - A PARTIR DE 05/05/2000 - NÃO VENCIDOS;Não;Não
223110700;PRECATÓRIOS DE CONTAS A PAGAR - CREDORES NACIONAIS - REGIME ORDINÁRIO;Não;Não
223110701;PRECATÓRIOS DE CONTAS A PAGAR - REGIME ORDINÁRIO - ANTES DE 05/05/2000;Não;Não
223110702;PRECATÓRIOS DE CONTAS A PAGAR - REGIME ORDINÁRIO - A PARTIR DE 05/05/2000 - VENCIDOS E NÃO PAGOS;Não;Não
223110703;PRECATÓRIOS DE CONTAS A PAGAR - REGIME ORDINÁRIO - A PARTIR DE 05/05/2000 - NÃO VENCIDOS;Não;Não
223110800;FORNECEDORES NACIONAIS A PAGAR - DECISÕES JUDICIAIS - EXCETO PRECATÓRIOS;Não;Não
223110900;CONTAS A PAGAR NACIONAIS - DECISÕES JUDICIAIS - EXCETO PRECATÓRIOS;Não;Não
223111000;CONTAS A PAGAR - CREDORES NACIONAIS A LONGO PRAZO;Não;Não
223111001;CONTAS NÃO PARCELADAS A PAGAR;Não;Não
223111002;CONTAS PARCELADAS A PAGAR;Não;Não
223111003;RENEGOCIAÇÃO DE CONTAS A PAGAR;Não;Não
223111099;DEMAIS CONTAS A PAGAR;Não;Não
223111100;DEMAIS PRECATÓRIOS DE FORNECEDORES E CONTAS A PAGAR NACIONAIS;Não;Não
223120000;FORNECEDORES E CONTAS A PAGAR NACIONAIS A LONGO PRAZO - INTRA OFSS;Não;Não
223130000;FORNECEDORES E CONTAS A PAGAR NACIONAIS A LONGO PRAZO - INTER OFSS - UNIÃO;Não;Não
223140000;FORNECEDORES E CONTAS A PAGAR NACIONAIS A LONGO PRAZO - INTER OFSS - ESTADO;Não;Não
223150000;FORNECEDORES E CONTAS A PAGAR NACIONAIS A LONGO PRAZO - INTER OFSS - MUNICÍPIO;Não;Não
223200000;FORNECEDORES E CONTAS A PAGAR ESTRANGEIROS A LONGO PRAZO;Não;Não
223210000;FORNECEDORES E CONTAS A PAGAR ESTRANGEIROS A LONGO PRAZO - CONSOLIDAÇÃO;Não;Não
223210100;FORNECEDORES ESTRANGEIROS A LONGO PRAZO;Não;Não
223210101;FORNECEDORES NÃO PARCELADOS A PAGAR;Não;Não
223210102;FORNECEDORES PARCELADOS A PAGAR;Não;Não
223210103;RENEGOCIAÇÃO DE DÍVIDAS COM FORNECEDORES;Não;Não
223210199;DEMAIS FORNECEDORES A PAGAR;Não;Não
223210200;CONTAS A PAGAR - CREDORES ESTRANGEIROS A LONGO PRAZO;Não;Não
223210201;CONTAS NÃO PARCELADAS A PAGAR;Não;Não
223210202;CONTAS PARCELADAS A PAGAR;Não;Não
223210203;RENEGOCIAÇÃO DE CONTAS A PAGAR;Não;Não
223210299;DEMAIS CONTAS A PAGAR;Não;Não
224000000;OBRIGAÇÕES FISCAIS A LONGO PRAZO;Não;Não
224100000;OBRIGAÇÕES FISCAIS A LONGO PRAZO COM A UNIÃO;Não;Não
224110000;OBRIGAÇÕES FISCAIS A LONGO PRAZO COM A UNIÃO - CONSOLIDAÇÃO;Não;Não
224110100;PASSIVO FISCAL DIFERIDO;Não;Não
224110200;TRIBUTOS FEDERAIS RENEGOCIADOS;Não;Não
224119900;OUTROS TRIBUTOS E CONTRIBUIÇÕES FEDERAIS A RECOLHER;Não;Não
224120000;OBRIGAÇÕES FISCAIS A LONGO PRAZO COM A UNIÃO - INTRA OFSS;Não;Não
224120100;PASSIVO FISCAL DIFERIDO;Não;Não
224120200;TRIBUTOS FEDERAIS RENEGOCIADOS;Não;Não
224129900;OUTROS TRIBUTOS E CONTRIBUIÇÕES FEDERAIS A RECOLHER;Não;Não
224130000;OBRIGAÇÕES FISCAIS A LONGO PRAZO COM A UNIÃO - INTER OFSS - UNIÃO;Não;Não
224130100;PASSIVO FISCAL DIFERIDO;Não;Não
224130200;TRIBUTOS FEDERAIS RENEGOCIADOS;Não;Não
224139900;OUTROS TRIBUTOS E CONTRIBUIÇÕES FEDERAIS A RECOLHER;Não;Não
224200000;OBRIGAÇÕES FISCAIS A LONGO PRAZO COM OS ESTADOS;Não;Não
224210000;OBRIGAÇÕES FISCAIS A LONGO PRAZO COM OS ESTADOS - CONSOLIDAÇÃO;Não;Não
224210100;TRIBUTOS ESTADUAIS RENEGOCIADOS;Não;Não
224219900;OUTROS TRIBUTOS E CONTRIBUIÇÕES ESTADUAIS A RECOLHER;Não;Não
224220000;OBRIGAÇÕES FISCAIS A LONGO PRAZO COM OS ESTADOS - INTRA OFSS;Não;Não
224220100;TRIBUTOS ESTADUAIS RENEGOCIADOS;Não;Não
224229900;OUTROS TRIBUTOS E CONTRIBUIÇÕES ESTADUAIS A RECOLHER;Não;Não
224240000;OBRIGAÇÕES FISCAIS A LONGO PRAZO COM OS ESTADOS - INTER OFSS - ESTADO;Não;Não
224240100;TRIBUTOS ESTADUAIS RENEGOCIADOS;Não;Não
224249900;OUTROS TRIBUTOS E CONTRIBUIÇÕES ESTADUAIS A RECOLHER;Não;Não
224300000;OBRIGAÇÕES FISCAIS A LONGO PRAZO COM OS MUNICÍPIOS;Não;Não
224310000;OBRIGAÇÕES FISCAIS A LONGO PRAZO COM OS MUNICÍPIOS - CONSOLIDAÇÃO;Não;Não
224310100;TRIBUTOS MUNICIPAIS RENEGOCIADOS;Não;Não
224319900;OUTROS TRIBUTOS E CONTRIBUIÇÕES MUNICIPAIS A RECOLHER;Não;Não
224320000;OBRIGAÇÕES FISCAIS A LONGO PRAZO COM OS MUNICÍPIOS-INTRA OFSS;Não;Não
224320100;TRIBUTOS MUNICIPAIS RENEGOCIADOS;Não;Não
224329900;OUTROS TRIBUTOS E CONTRIBUIÇÕES MUNICIPAIS A RECOLHER;Não;Não
224350000;OBRIGAÇÕES FISCAIS A LONGO PRAZO COM OS MUNICÍPIOS-INTER OFSS - MUNICÍPIO;Não;Não
224350100;TRIBUTOS MUNICIPAIS RENEGOCIADOS;Não;Não
224359900;OUTROS TRIBUTOS E CONTRIBUIÇÕES MUNICIPAIS A RECOLHER;Não;Não
225000000;TRANSFERÊNCIAS FISCAIS A LONGO PRAZO;Não;Não
225100000;TRANSFERÊNCIAS CONSTITUCIONAIS A PAGAR;Não;Não
225130000;TRANSFERÊNCIAS CONSTITUCIONAIS A PAGAR - INTER OFSS - UNIÃO;Não;Não
225140000;TRANSFERÊNCIAS CONSTITUCIONAIS A PAGAR - INTER OFSS - ESTADO;Não;Não
225150000;TRANSFERÊNCIAS CONSTITUCIONAIS A PAGAR - INTER OFSS - MUNICÍPIO;Não;Não
225150100;REPARTIÇÃO DA COTA DE ICMS;Não;Não
225150200;REPARTIÇÃO DA COTA DE IPVA;Não;Não
225150300;REPARTIÇÃO DA COTA-PARTE DO IPI;Não;Não
225159900;REPARTIÇÃO CONSTITUCIONAL DA COTA DE OUTROS TRIBUTOS/RECEITAS;Não;Não
225200000;TRANSFERÊNCIAS LEGAIS A PAGAR;Não;Não
225210000;TRANSFERÊNCIAS LEGAIS A PAGAR - CONSOLIDAÇÃO;Não;Não
225230000;TRANSFERÊNCIAS LEGAIS A PAGAR - INTER OFSS - UNIÃO;Não;Não
225240000;TRANSFERÊNCIAS LEGAIS A PAGAR - INTER OFSS - ESTADO;Não;Não
225250000;TRANSFERÊNCIAS LEGAIS A PAGAR - INTER OFSS - MUNICÍPIO;Não;Não
225300000;TRANSFERÊNCIAS DISCRICIONÁRIAS A PAGAR;Não;Não
225310000;TRANSFERÊNCIAS DISCRICIONÁRIAS A PAGAR - CONSOLIDAÇÃO;Não;Não
225310100;TRANSFERÊNCIAS VOLUNTÁRIAS A PAGAR;Não;Não
225310200;TRANSFERÊNCIAS PARA ORGANIZAÇÕES DA SOCIEDADE CIVIL A PAGAR;Não;Não
225310300;TRANSFERÊNCIAS POR DELEGAÇÃO A PAGAR;Não;Não
225310400;TRANSFERÊNCIAS ESPECÍFICAS A PAGAR;Não;Não
225310500;DOAÇÕES A REALIZAR A PAGAR;Não;Não
225310600;SALDO DE TRANSFERÊNCIAS VOLUNTÁRIAS NÃO UTILIZADOS A DEVOLVER;Não;Não
225319900;OUTRAS TRANSFERÊNCIAS DISCRICIONÁRIAS A PAGAR;Não;Não
225330000;TRANSFERÊNCIAS DISCRICIONÁRIAS A PAGAR - INTER OFSS - UNIÃO;Não;Não
225330100;TRANSFERÊNCIAS VOLUNTÁRIAS A PAGAR;Não;Não
225330300;TRANSFERÊNCIAS POR DELEGAÇÃO A PAGAR;Não;Não
225330400;TRANSFERÊNCIAS ESPECÍFICAS A PAGAR;Não;Não
225330500;DOAÇÕES A REALIZAR A PAGAR;Não;Não
225330600;SALDO DE TRANSFERÊNCIAS VOLUNTÁRIAS NÃO UTILIZADOS A DEVOLVER;Não;Não
225339900;OUTRAS TRANSFERÊNCIAS DISCRICIONÁRIAS A PAGAR;Não;Não
225340000;TRANSFERÊNCIAS DISCRICIONÁRIAS A PAGAR - INTER OFSS - ESTADO;Não;Não
225340100;TRANSFERÊNCIAS VOLUNTÁRIAS A PAGAR;Não;Não
225340300;TRANSFERÊNCIAS POR DELEGAÇÃO A PAGAR;Não;Não
225340400;TRANSFERÊNCIAS ESPECÍFICAS A PAGAR;Não;Não
225340500;DOAÇÕES A REALIZAR A PAGAR;Não;Não
225340600;SALDO DE TRANSFERÊNCIAS VOLUNTÁRIAS NÃO UTILIZADOS A DEVOLVER;Não;Não
225349900;OUTRAS TRANSFERÊNCIAS DISCRICIONÁRIAS A PAGAR;Não;Não
225350000;TRANSFERÊNCIAS DISCRICIONÁRIAS A PAGAR - INTER OFSS - MUNICÍPIO;Não;Não
225350100;TRANSFERÊNCIAS VOLUNTÁRIAS A PAGAR;Não;Não
225350300;TRANSFERÊNCIAS POR DELEGAÇÃO A PAGAR;Não;Não
225350400;TRANSFERÊNCIAS ESPECÍFICAS A PAGAR;Não;Não
225350500;DOAÇÕES A REALIZAR A PAGAR;Não;Não
225350600;SALDO DE TRANSFERÊNCIAS VOLUNTÁRIAS NÃO UTILIZADOS A DEVOLVER;Não;Não
225359900;OUTRAS TRANSFERÊNCIAS DISCRICIONÁRIAS A PAGAR;Não;Não
225400000;TRANSFERÊNCIAS DE RECURSOS PARA EXECUÇÃO ORÇAMENTÁRIA A PAGAR;Não;Não
225420000;TRANSFERÊNCIAS DE RECURSOS PARA EXECUÇÃO ORÇAMENTÁRIA A PAGAR - INTRA OFSS;Não;Não
225900000;DEMAIS TRANSFERÊNCIAS A PAGAR;Não;Não
225910000;DEMAIS TRANSFERÊNCIAS A PAGAR - CONSOLIDAÇÃO;Não;Não
225930000;DEMAIS TRANSFERÊNCIAS A PAGAR - INTER OFSS - UNIÃO;Não;Não
225940000;DEMAIS TRANSFERÊNCIAS A PAGAR - INTER OFSS - ESTADO;Não;Não
225950000;DEMAIS TRANSFERÊNCIAS A PAGAR - INTER OFSS - MUNICÍPIO;Não;Não
227000000;PROVISÕES A LONGO PRAZO;Não;Não
227100000;PROVISÃO PARA RISCOS TRABALHISTAS A LONGO PRAZO;Não;Não
227110000;PROVISÃO PARA RISCOS TRABALHISTAS A LONGO PRAZO - CONSOLIDAÇÃO;Não;Não
227110100;PROVISÃO PARA INDENIZAÇÕES TRABALHISTAS;Não;Não
227110200;PROVISÃO PARA PAGAMENTO DE DISSÍDIOS COLETIVOS;Não;Não
227200000;PROVISÕES MATEMÁTICAS PREVIDÊNCIÁRIAS A LONGO PRAZO;Não;Não
227210000;PROVISÕES MATEMÁTICAS PREVIDÊNCIÁRIAS A LONGO PRAZO - CONSOLIDAÇÃO;Não;Não
227210100;FUNDO EM REPARTIÇÃO - PROVISOES DE BENEFICIOS CONCEDIDOS;Não;Não
227210101;APOSENTADORIAS/PENSÕES/OUTROS BENEFÍCIOS CONCEDIDOS DO FUNDO EM REPARTIÇÃO DO RPPS;Não;Não
227210102;(-) CONTRIBUIÇÕES DO ENTE PARA O FUNDO EM REPARTIÇÃO DO RPPS;Não;Não
227210103;(-) CONTRIBUIÇÕES DO APOSENTADO PARA O FUNDO EM REPARTIÇÃO DO RPPS;Não;Não
227210104;(-) CONTRIBUIÇÕES DO PENSIONISTA PARA O FUNDO EM REPARTIÇÃO DO RPPS;Não;Não
227210105;(-) COMPENSAÇÃO PREVIDENCIÁRIA DO FUNDO EM REPARTIÇÃO DO RPPS;Não;Não
227210107;(-) COBERTURA DE INSUFICIÊNCIA FINANCEIRA;Não;Não
227210199;(-) OUTRAS DEDUÇÕES;Não;Não
227210200;FUNDO EM REPARTIÇÃO - PROVISOES DE BENEFICIOS A CONCEDER;Não;Não
227210201;APOSENTADORIAS/PENSÕES/OUTROS BENEFÍCIOS A CONCEDER DO FUNDO EM REPARTIÇÃO DO RPPS;Não;Não
227210202;(-) CONTRIBUIÇÕES DO ENTE PARA O FUNDO EM REPARTIÇÃO DO RPPS;Não;Não
227210203;(-) CONTRIBUIÇÕES DO ATIVO PARA O FUNDO EM REPARTIÇÃOO DO RPPS;Não;Não
227210204;(-) COMPENSAÇÃO PREVIDENCIÁRIA DO FUNDO EM REPARTIÇÃO DO RPPS;Não;Não
227210206;(-) COBERTURA DE INSUFICIÊNCIA FINANCEIRA;Não;Não
227210299;(-) OUTRAS DEDUÇÕES;Não;Não
227210300;FUNDO EM CAPITALIZAÇÃO - PROVISOES DE BENEFICIOS CONCEDIDOS;Não;Não
227210301;APOSENTADORIAS/PENSÕES/OUTROS BENEFÍCIOS CONCEDIDOS DO FUNDO EM CAPITALIZAÇÃO DO RPPS;Não;Não
227210302;(-) CONTRIBUIÇÕES DO ENTE PARA O FUNDO EM CAPITALIZAÇÃO DO RPPS;Não;Não
227210303;(-) CONTRIBUIÇÕES DO APOSENTADO PARA O FUNDO EM CAPITALIZAÇÃO DO RPPS;Não;Não
227210304;(-) CONTRIBUIÇÕES DO PENSIONISTA PARA O FUNDO EM CAPITALIZAÇÃOO DO RPPS;Não;Não
227210305;(-) COMPENSAÇÃO PREVIDENCIÁRIA DO FUNDO EM CAPITALIZAÇÃO DO RPPS;Não;Não
227210307;(-) APORTES FINANCEIROS PARA COBERTURA DO DÉFICIT ATUARIAL - PLANO DE AMORTIZAÇÃO;Não;Não
227210399;(-) OUTRAS DEDUÇÕES;Não;Não
227210400;FUNDO EM CAPITALIZAÇÃO - PROVISOES DE BENEFICIOS A CONCEDER;Não;Não
227210401;APOSENTADORIAS/PENSÕES/OUTROS BENEFÍCIOS A CONCEDER DO FUNDO EM CAPITALIZAÇÃO DO RPPS;Não;Não
227210402;(-) CONTRIBUIÇÕES DO ENTE PARA O FUNDO EM CAPITALIZAÇÃO DO RPPS;Não;Não
227210403;(-) CONTRIBUIÇÕES DO ATIVO PARA O FUNDO EM CAPITALIZAÇÃO DO RPPS;Não;Não
227210404;(-) COMPENSAÇÃO PREVIDENCIÁRIA DO FUNDO EM CAPITALIZAÇÃO DO RPPS;Não;Não
227210406;(-) APORTES PARA COBERTURA DO DÉFICIT ATUARIAL - PLANO DE AMORTIZAÇÃO;Não;Não
227210499;(-) OUTRAS DEDUÇÕES;Não;Não
227210500;FUNDO EM CAPITALIZAÇÃO - PLANO DE AMORTIZAÇÃO;Não;Não
227210598;(-) OUTROS CRÉDITOS DO PLANO DE AMORTIZAÇÃO;Não;Não
227210600;PROVISOES ATUARIAIS PARA AJUSTES DO FUNDO EM REPARTIÇÃO;Não;Não
227210601;PROVISÃO ATUARIAL PARA OSCILAÇÃO DE RISCOS;Não;Não
227210700;PROVISOES ATUARIAIS PARA AJUSTES DO FUNDO EM CAPITALIZAÇÃO;Não;Não
227210701;AJUSTE DE RESULTADO ATUARIAL SUPERAVITÁRIO;Não;Não
227210702;PROVISÃO ATUARIAL PARA OSCILAÇÃO DE RISCOS;Não;Não
227210703;PROVISÃO ATUARIAL PARA BENEFÍCIOS A REGULARIZAR;Não;Não
227210704;PROVISÃO ATUARIAL PARA CONTINGÊNCIAS DE BENEFÍCIOS;Não;Não
227210798;OUTRAS PROVISÕES ATUARIAIS PARA AJUSTES DO PLANO;Não;Não
227300000;PROVISÃO PARA RISCOS FISCAIS A LONGO PRAZO;Não;Não
227310000;PROVISÃO PARA RISCOS FISCAIS A LONGO PRAZO - CONSOLIDAÇÃO;Não;Não
227310100;PROVISÃO PARA PAGAMENTOS REFERENTES A AUTOS DE INFRAÇÃO;Não;Não
227310101;PROVISÃO PARA PAGAMENTO DE AUTOS DE INFRAÇÃO NÃO RECORRIDOS;Não;Não
227310102;PROVISÃO PARA PAGAMENTO DE AUTOS DE INFRAÇÃO RECORRIDOS;Não;Não
227310200;PROVISÃO PARA PAGAMENTOS DE AUTUAÇÕES FISCAIS - ESFERA JUDICIAL;Não;Não
227310201;PROVISÃO PARA PAGAMENTOS DE AUTUAÇÕES FISCAIS NA ESFERA JUDICIAL NÃO RECORRIDAS;Não;Não
227310202;PROVISÃO PARA PAGAMENTOS DE AUTUAÇÕES FISCAIS NA ESFERA JUDICIAL RECORRIDAS;Não;Não
227319900;OUTRAS PROVISÕES PARA RISCOS FISCAIS A LONGO PRAZO;Não;Não
227320000;PROVISÃO PARA RISCOS FISCAIS A LONGO PRAZO - INTRA OFSS;Não;Não
227330000;PROVISÃO PARA RISCOS FISCAIS A LONGO PRAZO - INTER OFSS - UNIÃO;Não;Não
227340000;PROVISÃO PARA RISCOS FISCAIS A LONGO PRAZO - INTER OFSS - ESTADO;Não;Não
227350000;PROVISÃO PARA RISCOS FISCAIS A LONGO PRAZO - INTER OFSS - MUNICÍPIO;Não;Não
227400000;PROVISÃO PARA RISCOS CÍVEIS A LONGO PRAZO;Não;Não
227410000;PROVISÃO PARA RISCOS CÍVEIS A LONGO PRAZO - CONSOLIDAÇÃO;Não;Não
227410100;PROVISÃO PARA INDENIZAÇÕES CÍVEIS;Não;Não
227410200;PROVISÃO PARA PAGAMENTO DE SEGUROS - SINISTROS A LIQUIDAR;Não;Não
227410300;PROVISÃO PARA PAGAMENTO DE SEGUROS - SINISTROS CIENTIFICADOS;Não;Não
227410400;PROVISÃO PARA PAGAMENTO DE SEGUROS - SINISTROS NÃO CIENTIFICADOS;Não;Não
227419900;OUTRAS PROVISÕES PARA RISCOS CÍVEIS A LONGO PRAZO;Não;Não
227420000;PROVISÃO PARA RISCOS CÍVEIS A LONGO PRAZO - INTRA OFSS;Não;Não
227430000;PROVISÃO PARA RISCOS CÍVEIS A LONGO PRAZO - INTER OFSS - UNIÃO;Não;Não
227440000;PROVISÃO PARA RISCOS CÍVEIS A LONGO PRAZO - INTER OFSS - ESTADO;Não;Não
227450000;PROVISÃO PARA RISCOS CÍVEIS A LONGO PRAZO - INTER OFSS - MUNICÍPIO;Não;Não
227500000;PROVISÃO PARA REPARTIÇÃO DE CRÉDITOS A LONGO PRAZO;Não;Não
227510000;PROVISÃO PARA REPARTIÇÃO DE CRÉDITOS A LONGO PRAZO - CONSOLIDAÇÃO;Não;Não
227520000;PROVISÃO PARA REPARTIÇÃO DE CRÉDITOS A LONGO PRAZO - INTRA OFSS;Não;Não
227530000;PROVISÃO PARA REPARTIÇÃO DE CRÉDITOS A LONGO PRAZO - INTER OFSS - UNIÃO;Não;Não
227540000;PROVISÃO PARA REPARTIÇÃO DE CRÉDITOS A LONGO PRAZO - INTER OFSS - ESTADO;Não;Não
227550000;PROVISÃO PARA REPARTIÇÃO DE CRÉDITOS A LONGO PRAZO - INTER OFSS - MUNICÍPIO;Não;Não
227600000;PROVISÃO PARA RISCOS DECORRENTES DE CONTRATOS DE PPP A LONGO PRAZO;Não;Não
227610000;PROVISÃO PARA RISCOS DECORRENTES DE CONTRATOS DE PPP A LONGO PRAZO - CONSOLIDAÇÃO;Não;Não
227700000;PROVISÃO PARA OBRIGAÇÕES DECORRENTES DA ATUAÇÃO GOVERNAMENTAL A LONGO PRAZO;Não;Não
227710000;PROVISÃO PARA OBRIGAÇÕES DECORRENTES DA ATUAÇÃO GOVERNAMENTAL A LONGO PRAZO - CONSOLIDAÇÃO;Não;Não
227720000;PROVISÃO PARA OBRIGAÇÕES DECORRENTES DA ATUAÇÃO GOVERNAMENTAL A LONGO PRAZO - INTRA OFSS;Não;Não
227730000;PROVISÃO PARA OBRIGAÇÕES DECORRENTES DA ATUAÇÃO GOVERNAMENTAL A LONGO PRAZO - INTER OFSS - UNIÃO;Não;Não
227740000;PROVISÃO PARA OBRIGAÇÕES DECORRENTES DA ATUAÇÃO GOVERNAMENTAL A LONGO PRAZO - INTER OFSS - ESTADO;Não;Não
227750000;PROVISÃO PARA OBRIGAÇÕES DECORRENTES DA ATUAÇÃO GOVERNAMENTAL A LONGO PRAZO - INTER OFSS - MUNICÍPIO;Não;Não
227900000;OUTRAS PROVISÕES A LONGO PRAZO;Não;Não
227910000;OUTRAS PROVISÕES A LONGO PRAZO - CONSOLIDAÇÃO;Não;Não
227910100;PROVISÃO PARA GARANTIAS;Não;Não
227910200;PROVISÃO PARA REESTRUTURAÇÃO;Não;Não
227910300;PROVISÕES DO FCVS;Não;Não
227910301;PROVISÕES DO FCVS - RISCOS EXPIRADOS;Não;Não
227910302;PROVISÕES DO FCVS - RISCOS NÃO EXPIRADOS;Não;Não
227919900;OUTRAS PROVISÕES A LONGO PRAZO;Não;Não
227920000;OUTRAS PROVISÕES A LONGO PRAZO - INTRA OFSS;Não;Não
227930000;OUTRAS PROVISÕES A LONGO PRAZO - INTER OFSS - UNIÃO;Não;Não
227940000;OUTRAS PROVISÕES A LONGO PRAZO - INTER OFSS - ESTADO;Não;Não
227950000;OUTRAS PROVISÕES A LONGO PRAZO - INTER OFSS - MUNICÍPIO;Não;Não
228000000;DEMAIS OBRIGAÇÕES A LONGO PRAZO;Não;Não
228100000;ADIANTAMENTOS DE CLIENTES A LONGO PRAZO;Não;Não
228110000;ADIANTAMENTOS DE CLIENTES A LONGO PRAZO- CONSOLIDAÇÃO;Não;Não
228120000;ADIANTAMENTOS DE CLIENTES A LONGO PRAZO- INTRA OFSS;Não;Não
228130000;ADIANTAMENTOS DE CLIENTES A LONGO PRAZO- INTER OFSS - UNIÃO;Não;Não
228140000;ADIANTAMENTOS DE CLIENTES A LONGO PRAZO- INTER OFSS - ESTADO;Não;Não
228150000;ADIANTAMENTOS DE CLIENTES A LONGO PRAZO- INTER OFSS - MUNICÍPIO;Não;Não
228200000;OBRIGAÇÕES POR DANOS A TERCEIROS A LONGO PRAZO;Não;Não
228210000;OBRIGAÇÕES POR DANOS A TERCEIROS A LONGO PRAZO - CONSOLIDAÇÃO;Não;Não
228220000;OBRIGAÇÕES POR DANOS A TERCEIROS A LONGO PRAZO - INTRA OFSS;Não;Não
228230000;OBRIGAÇÕES POR DANOS A TERCEIROS A LONGO PRAZO - INTER OFSS - UNIÃO;Não;Não
228240000;OBRIGAÇÕES POR DANOS A TERCEIROS A LONGO PRAZO - INTER OFSS - ESTADO;Não;Não
228250000;OBRIGAÇÕES POR DANOS A TERCEIROS A LONGO PRAZO - INTER OFSS - MUNICÍPIO;Não;Não
228300000;DEBÊNTURES E OUTROS TÍTULOS DE DÍVIDA A LONGO PRAZO;Não;Não
228310000;DEBÊNTURES E OUTROS TÍTULOS DE DÍVIDA A LONGO PRAZO - CONSOLIDAÇÃO;Não;Não
228320000;DEBÊNTURES E OUTROS TÍTULOS DE DÍVIDA A LONGO PRAZO- INTRA OFSS;Não;Não
228330000;DEBÊNTURES E OUTROS TÍTULOS DE DÍVIDA A LONGO PRAZO- INTER OFSS - UNIÃO;Não;Não
228340000;DEBÊNTURES E OUTROS TÍTULOS DE DÍVIDA A LONGO PRAZO- INTER OFSS - ESTADO;Não;Não
228350000;DEBÊNTURES E OUTROS TÍTULOS DE DÍVIDA A LONGO PRAZO- INTER OFSS - MUNICÍPIO;Não;Não
228400000;ADIANTAMENTO PARA FUTURO AUMENTO DE CAPITAL;Não;Não
228410000;ADIANTAMENTO PARA FUTURO AUMENTO DE CAPITAL - CONSOLIDAÇÃO;Não;Não
228420000;ADIANTAMENTO PARA FUTURO AUMENTO DE CAPITAL - INTRA OFSS;Não;Não
228430000;ADIANTAMENTO PARA FUTURO AUMENTO DE CAPITAL - INTER OFSS - UNIÃO;Não;Não
228440000;ADIANTAMENTO PARA FUTURO AUMENTO DE CAPITAL - INTER OFSS - ESTADO;Não;Não
228450000;ADIANTAMENTO PARA FUTURO AUMENTO DE CAPITAL - INTER OFSS - MUNICÍPIO;Não;Não
228600000;OOBRIGAÇÕES DECORRENTES DE CONTRATOS DE PPP- LONGO PRAZO;Não;Não
228610000;OBRIGAÇÕES DECORRENTES DE CONTRATOS DE PPP - CONSOLIDAÇÃO - LONGO PRAZO;Não;Não
228610100;OBRIGAÇÕES DECORRENTES DE ATIVOS CONSTRUÍDOS PELA SPE - LONGO PRAZO;Não;Não
228610200;OBRIGAÇÕES DECORRENTES DA CONTRAPRESTAÇÃO DE SERVIÇOS EM CONTRATOS DE PPP;Não;Não
228610300;OBRIGAÇÕES DECORRENTES DA CONCRETIZAÇÃO DE RISCOS EM CONTRATOS DE PPP;Não;Não
228619900;OUTRAS OBRIGAÇÕES DECORRENTES DE CONTRATOS DE PPP;Não;Não
228800000;VALORES RESTITUÍVEIS;Não;Não
228810000;VALORES RESTITUÍVEIS - CONSOLIDAÇÃO;Não;Não
228810100;CONSIGNAÇÕES;Não;Não
228810103; ENCARGOS SOCIAIS - OUTRAS ENTIDADES;Não;Não
228810105;RESSARCIMENTOS E RESTITUIÇÕES;Não;Não
228810110;PENSAO ALIMENTICIA;Não;Não
228810111;PLANOS DE PREVIDENCIA E ASSISTENCIA MEDICA;Não;Não
228810113;RETENÇÕES - ENTIDADES REPRESENTATIVAS DE CLASSES;Não;Não
228810114;RETENÇÕES - PLANOS DE SEGUROS;Não;Não
228810115;RETENÇÕES - EMPRÉSTIMOS E FINANCIAMENTOS;Não;Não
228810116;RETENÇÃO RELATIVA A VALE TRANSPORTE;Não;Não
228810117;RETENÇÃO RELATIVA A VALE ALIMENTAÇÃO;Não;Não
228810199;OUTROS CONSIGNATARIOS;Não;Não
228810200;GARANTIAS;Não;Não
228810300;DEPOSITOS JUDICIAIS;Não;Não
228810301;DEPOSITOS RECEBIDOS POR DETERMINAÇÃO JUDICIAL;Não;Não
228810302;DEPOSITOS PARA RECURSOS JUDICIAIS;Não;Não
228810400;DEPOSITOS NAO JUDICIAIS;Não;Não
228810401;DEPOSITOS E CAUÇÕES;Não;Não
228810402;DEPOSITOS ESPECIAIS;Não;Não
228810403;DEPOSITOS DE TERCEIROS;Não;Não
228810404;DEPOSITOS DE VEICULOS ALIENAVEIS;Não;Não
228810405;DEPOSITOS A TRANSFERIR;Não;Não
228810499;OUTROS DEPOSITOS;Não;Não
228810800;PRECATÓRIOS;Não;Não
228810801;CONTA ESPECIAL - PRECATÓRIOS;Não;Não
228819900;OUTROS VALORES RESTITUIVEIS;Não;Não
228820000;VALORES RESTITUÍVEIS - INTRA OFSS;Não;Não
228820100;CONSIGNAÇÕES;Não;Não
228820101;RPPS - RETENÇÕES SOBRE VENCIMENTOS E VANTAGENS;Não;Não
228820102;CONTRIBUIÇÃO AO RGPS;Não;Não
228820104;IMPOSTO SOBRE A RENDA RETIDO NA FONTE - IRRF;Não;Não
228820106;OUTROS TRIBUTOS FEDERAIS;Não;Não
228820107;ICMS;Não;Não
228820108;ISS;Não;Não
228820109;OUTROS TRIBUTOS ESTADUAIS E MUNICIPAIS;Não;Não
228820112;ASSISTENCIA A SAUDE - ADMINISTRAÇÃO PROPRIA;Não;Não
228820199;OUTRAS CONSIGNAÇÕES;Não;Não
228820200;GARANTIAS;Não;Não
228820300;DEPOSITOS JUDICIAIS;Não;Não
228820400;DEPOSITOS NAO JUDICIAIS;Não;Não
228820800;PRECATÓRIOS;Não;Não
228829900;OUTROS VALORES RESTITUIVEIS;Não;Não
228830000;VALORES RESTITUÍVEIS - INTER OFSS - UNIÃO;Não;Não
228830100;CONSIGNAÇÕES;Não;Não
228830102;CONTRIBUIÇÃO AO RGPS;Não;Não
228830104;IMPOSTO SOBRE A RENDA RETIDO NA FONTE - IRRF;Não;Não
228830106;OUTROS TRIBUTOS FEDERAIS;Não;Não
228830199;OUTRAS CONSIGNAÇÕES;Não;Não
228830200;GARANTIAS;Não;Não
228830300;DEPOSITOS JUDICIAIS;Não;Não
228830400;DEPOSITOS NAO JUDICIAIS;Não;Não
228830800;PRECATORIOS;Não;Não
228839900;OUTROS VALORES RESTITUIVEIS;Não;Não
228840000;VALORES RESTITUÍVEIS - INTER OFSS - ESTADO;Não;Não
228840100;CONSIGNAÇÕES;Não;Não
228840107;ICMS;Não;Não
228840199;OUTROS TRIBUTOS ESTADUAIS;Não;Não
228840200;GARANTIAS;Não;Não
228840300;DEPOSITOS JUDICIAIS;Não;Não
228840400;DEPOSITOS NAO JUDICIAIS;Não;Não
228840800;PRECATÓRIOS;Não;Não
228849900;OUTROS VALORES RESTITUIVEIS;Não;Não
228850000;VALORES RESTITUÍVEIS - INTER OFSS - MUNICÍPIO;Não;Não
228850100;CONSIGNAÇÕES;Não;Não
228850108;ISS;Não;Não
228850109;OUTROS TRIBUTOS MUNICIPAIS;Não;Não
228850199;OUTRAS CONSIGNAÇÕES;Não;Não
228850200;GARANTIAS;Não;Não
228850300;DEPOSITOS JUDICIAIS;Não;Não
228850400;DEPOSITOS NAO JUDICIAIS;Não;Não
228850800;PRECATÓRIOS;Não;Não
228859900;OUTROS VALORES RESTITUIVEIS;Não;Não
228900000;OUTRAS OBRIGAÇÕES A LONGO PRAZO;Não;Não
228910000;OUTRAS OBRIGAÇÕES A LONGO PRAZO- CONSOLIDAÇÃO;Não;Não
228910100;INDENIZAÇÕES E RESTITUIÇÕES;Não;Não
228910101;INDENIZAÇÕES A SERVIDORES;Não;Não
228910102;INDENIZAÇÕES E RESTITUIÇÕES DIVERSAS;Não;Não
228910104;RESTITUIÇÕES DE CONTRIBUIÇÕES PREVIDENCIÁRIAS;Não;Não
228910200;DIARIAS A PAGAR;Não;Não
228910300;SUPRIMENTOS DE FUNDOS A PAGAR;Não;Não
228911200;SUBVENÇÕES A PAGAR;Não;Não
228911300;TRANSFERÊNCIAS ORCAMENTARIAS A LIBERAR;Não;Não
228911400;CONSÓRCIOS A PAGAR;Não;Não
228911600;OBRIGAÇÕES DECORRENTES DE TRANSAÇÕES SEM CONTRAPRESTAÇÃO - BENS MÓVEIS;Não;Não
228911700;OBRIGAÇÕES DECORRENTES DE TRANSAÇÕES SEM CONTRAPRESTAÇÃO - BENS IMÓVEIS;Não;Não
228919800;DEMAIS OBRIGAÇÕES A LONGO PRAZO;Não;Não
228920000;OUTRAS OBRIGAÇÕES A LONGO PRAZO- INTRA OFSS;Não;Não
228930000;OUTRAS OBRIGAÇÕES A LONGO PRAZO- INTER OFSS - UNIÃO;Não;Não
228940000;OUTRAS OBRIGAÇÕES A LONGO PRAZO- INTER OFSS - ESTADO;Não;Não
228950000;OUTRAS OBRIGAÇÕES A LONGO PRAZO - INTER OFSS - MUNICÍPIO;Não;Não
229000000;RESULTADO DIFERIDO;Não;Não
229100000;VARIAÇÃO PATRIMONIAL AUMENTATIVA (VPA) DIFERIDA;Não;Não
229110000;VARIAÇÃO PATRIMONIAL AUMENTATIVA DIFERIDA - CONSOLIDAÇÃO;Não;Não
229120000;VARIAÇÃO PATRIMONIAL AUMENTATIVA DIFERIDA - INTRA OFSS;Não;Não
229130000;VARIAÇÃO PATRIMONIAL AUMENTATIVA DIFERIDA - INTER OFSS - UNIÃO;Não;Não
229140000;VARIAÇÃO PATRIMONIAL AUMENTATIVA DIFERIDA - INTER OFSS - ESTADO;Não;Não
229150000;VARIAÇÃO PATRIMONIAL AUMENTATIVA DIFERIDA - INTER OFSS - MUNICÍPIO;Não;Não
229200000;(-) CUSTO DIFERIDO;Não;Não
229210000;(-) CUSTO DIFERIDO - CONSOLIDAÇÃO;Não;Não
229220000;(-) CUSTO DIFERIDO - INTRA OFSS;Não;Não
229230000;(-) CUSTO DIFERIDO - INTER OFSS - UNIÃO;Não;Não
229240000;(-) CUSTO DIFERIDO - INTER OFSS - ESTADO;Não;Não
229250000;(-) CUSTO DIFERIDO - INTER OFSS - MUNICÍPIO;Não;Não
230000000;PATRIMÔNIO LIQUIDO;Não;Não
231000000;PATRIMÔNIO SOCIAL E CAPITAL SOCIAL;Não;Não
231100000;PATRIMÔNIO SOCIAL;Não;Não
231110000;PATRIMÔNIO SOCIAL - CONSOLIDAÇÃO;Não;Não
231120000;PATRIMÔNIO SOCIAL - INTRA OFSS;Não;Não
231130000;PATRIMÔNIO SOCIAL - INTER OFSS - UNIÃO;Não;Não
231140000;PATRIMÔNIO SOCIAL - INTER OFSS - ESTADO;Não;Não
231150000;PATRIMÔNIO SOCIAL - INTER OFSS - MUNICÍPIO;Não;Não
231200000;CAPITAL SOCIAL REALIZADO;Não;Não
231210000;CAPITAL SOCIAL REALIZADO - CONSOLIDAÇÃO;Não;Não
231220000;CAPITAL SOCIAL REALIZADO - INTRA OFSS;Não;Não
231230000;CAPITAL SOCIAL REALIZADO - INTER OFSS - UNIÃO;Não;Não
231240000;CAPITAL SOCIAL REALIZADO - INTER OFSS - ESTADO;Não;Não
231250000;CAPITAL SOCIAL REALIZADO - INTER OFSS - MUNICÍPIO;Não;Não
232000000;ADIANTAMENTO PARA FUTURO AUMENTO DE CAPITAL;Não;Não
232100000;ADIANTAMENTO PARA FUTURO AUMENTO DE CAPITAL;Não;Não
232110000;ADIANTAMENTO PARA FUTURO AUMENTO DE CAPITAL - CONSOLIDAÇÃO;Não;Não
232120000;ADIANTAMENTO PARA FUTURO AUMENTO DE CAPITAL - INTRA OFSS;Não;Não
232130000;ADIANTAMENTO PARA FUTURO AUMENTO DE CAPITAL - INTER OFSS - UNIÃO;Não;Não
232140000;ADIANTAMENTO PARA FUTURO AUMENTO DE CAPITAL - INTER OFSS - ESTADO;Não;Não
232150000;ADIANTAMENTO PARA FUTURO AUMENTO DE CAPITAL - INTER OFSS - MUNICÍPIO.;Não;Não
233000000;RESERVAS DE CAPITAL;Não;Não
233100000;ÁGIO NA EMISSÃO DE AÇÕES;Não;Não
233110000;ÁGIO NA EMISSÃO DE AÇÕES - CONSOLIDAÇÃO;Não;Não
233120000;ÁGIO NA EMISSÃO DE AÇÕES - INTRA OFSS;Não;Não
233130000;ÁGIO NA EMISSÃO DE AÇÕES - INTER OFSS - UNIÃO;Não;Não
233140000;ÁGIO NA EMISSÃO DE AÇÕES - INTER OFSS - ESTADO;Não;Não
233150000;ÁGIO NA EMISSÃO DE AÇÕES - INTER OFSS - MUNICÍPIO;Não;Não
233200000;ALIENAÇÃO DE PARTES BENEFICIARIAS;Não;Não
233210000;ALIENAÇÃO DE PARTES BENEFICIARIAS - CONSOLIDAÇÃO;Não;Não
233220000;ALIENAÇÃO DE PARTES BENEFICIARIAS - INTRA OFSS;Não;Não
233230000;ALIENAÇÃO DE PARTES BENEFICIARIAS - INTER OFSS - UNIÃO;Não;Não
233240000;ALIENAÇÃO DE PARTES BENEFICIARIAS - INTER OFSS - ESTADO;Não;Não
233250000;ALIENAÇÃO DE PARTES BENEFICIARIAS - INTER OFSS - MUNICÍPIO;Não;Não
233300000;ALIENAÇÃO DE BÔNUS DE SUBSCRIÇÃO;Não;Não
233310000;ALIENAÇÃO DE BÔNUS DE SUBSCRIÇÃO - CONSOLIDAÇÃO;Não;Não
233320000;ALIENAÇÃO DE BÔNUS DE SUBSCRIÇÃO - INTRA OFSS;Não;Não
233330000;ALIENAÇÃO DE BÔNUS DE SUBSCRIÇÃO - INTER OFSS - UNIÃO;Não;Não
233340000;ALIENAÇÃO DE BÔNUS DE SUBSCRIÇÃO - INTER OFSS - ESTADO;Não;Não
233350000;ALIENAÇÃO DE BÔNUS DE SUBSCRIÇÃO - INTER OFSS - MUNICÍPIO;Não;Não
233400000;CORREÇÃO MONETÁRIA DO CAPITAL REALIZADO;Não;Não
233410000;CORREÇÃO MONETÁRIA DO CAPITAL REALIZADO - CONSOLIDAÇÃO;Não;Não
233420000;CORREÇÃO MONETÁRIA DO CAPITAL REALIZADO - INTRA OFSS;Não;Não
233430000;CORREÇÃO MONETÁRIA DO CAPITAL REALIZADO - INTER OFSS - UNIÃO;Não;Não
233440000;CORREÇÃO MONETÁRIA DO CAPITAL REALIZADO - INTER OFSS - ESTADO;Não;Não
233450000;CORREÇÃO MONETÁRIA DO CAPITAL REALIZADO - INTER OFSS - MUNICÍPIO;Não;Não
233900000;OUTRAS RESERVAS DE CAPITAL;Não;Não
233910000;OUTRAS RESERVAS DE CAPITAL - CONSOLIDAÇÃO;Não;Não
233910100;PRÊMIO NA EMISSÃO DE DEBÊNTURES;Não;Não
233910200;RESERVAS DE DOAÇÕES E SUBVENÇÕES PARA INVESTIMENTOS;Não;Não
233910300;RESERVA DE CORREÇÃO MONETÁRIA ESPECIAL DEC. LEI 1.598/77;Não;Não
233919900;DEMAIS RESERVAS DE CAPITAL;Não;Não
233920000;OUTRAS RESERVAS DE CAPITAL - INTRA OFSS;Não;Não
233920100;PRÊMIO NA EMISSÃO DE DEBÊNTURES;Não;Não
233920200;RESERVAS DE DOAÇÕES E SUBVENÇÕES PARA INVESTIMENTOS;Não;Não
233920300;RESERVA DE CORREÇÃO MONETÁRIA ESPECIAL DEC. LEI 1.598/77;Não;Não
233929900;DEMAIS RESERVAS DE CAPITAL;Não;Não
233930000;OUTRAS RESERVAS DE CAPITAL - INTER OFSS - UNIÃO;Não;Não
233940000;OUTRAS RESERVAS DE CAPITAL - INTER OFSS - ESTADO;Não;Não
233950000;OUTRAS RESERVAS DE CAPITAL - INTER OFSS - MUNICÍPIO;Não;Não
234000000;AJUSTES DE AVALIAÇÃO PATRIMONIAL;Não;Não
234100000;AJUSTES DE AVALIAÇÃO PATRIMONIAL DE ATIVOS;Não;Não
234110000;AJUSTES DE AVALIAÇÃO PATRIMONIAL DE ATIVOS - CONSOLIDAÇÃO;Não;Não
234120000;AJUSTES DE AVALIAÇÃO PATRIMONIAL DE ATIVOS - INTRA OFSS;Não;Não
234130000;AJUSTES DE AVALIAÇÃO PATRIMONIAL DE ATIVOS - INTER OFSS - UNIÃO;Não;Não
234140000;AJUSTES DE AVALIAÇÃO PATRIMONIAL DE ATIVOS - INTER OFSS - ESTADO;Não;Não
234150000;AJUSTES DE AVALIAÇÃO PATRIMONIAL DE ATIVOS - INTER OFSS - MUNICÍPIO;Não;Não
234200000;AJUSTES DE AVALIAÇÃO PATRIMONIAL DE PASSIVOS;Não;Não
234210000;AJUSTES DE AVALIAÇÃO PATRIMONIAL DE PASSIVOS - CONSOLIDAÇÃO;Não;Não
234220000;AJUSTES DE AVALIAÇÃO PATRIMONIAL DE PASSIVOS - INTRA OFSS;Não;Não
234230000;AJUSTES DE AVALIAÇÃO PATRIMONIAL DE PASSIVOS - INTER OFSS - UNIÃO;Não;Não
234240000;AJUSTES DE AVALIAÇÃO PATRIMONIAL DE PASSIVOS - INTER OFSS - ESTADO;Não;Não
234250000;AJUSTES DE AVALIAÇÃO PATRIMONIAL DE PASSIVOS - INTER OFSS - MUNICÍPIO;Não;Não
235000000;RESERVAS DE LUCROS;Não;Não
235100000;RESERVA LEGAL;Não;Não
235110000;RESERVA LEGAL- CONSOLIDAÇÃO;Não;Não
235120000;RESERVA LEGAL- INTRA OFSS;Não;Não
235130000;RESERVA LEGAL- INTER OFSS - UNIÃO;Não;Não
235140000;RESERVA LEGAL- INTER OFSS - ESTADO;Não;Não
235150000;RESERVA LEGAL- INTER OFSS - MUNICÍPIO;Não;Não
235200000;RESERVAS ESTATUTÁRIAS;Não;Não
235210000;RESERVAS ESTATUTÁRIAS - CONSOLIDAÇÃO;Não;Não
235220000;RESERVAS ESTATUTÁRIAS - INTRA OFSS;Não;Não
235230000;RESERVAS ESTATUTÁRIAS - INTER OFSS - UNIÃO;Não;Não
235240000;RESERVAS ESTATUTÁRIAS - INTER OFSS - ESTADO;Não;Não
235250000;RESERVAS ESTATUTÁRIAS - INTER OFSS - MUNICÍPIO;Não;Não
235300000;RESERVA PARA CONTINGENCIAS;Não;Não
235310000;RESERVA PARA CONTINGENCIAS - CONSOLIDAÇÃO;Não;Não
235320000;RESERVA PARA CONTINGENCIAS - INTRA OFSS;Não;Não
235330000;RESERVA PARA CONTINGENCIAS - INTER OFSS - UNIÃO;Não;Não
235340000;RESERVA PARA CONTINGENCIAS - INTER OFSS - ESTADO;Não;Não
235350000;RESERVA PARA CONTINGENCIAS - INTER OFSS - MUNICÍPIO;Não;Não
235400000;RESERVA DE INCENTIVOS FISCAIS;Não;Não
235410000;RESERVA DE INCENTIVOS FISCAIS - CONSOLIDAÇÃO;Não;Não
235420000;RESERVA DE INCENTIVOS FISCAIS - INTRA OFSS;Não;Não
235430000;RESERVA DE INCENTIVOS FISCAIS - INTER OFSS - UNIÃO;Não;Não
235440000;RESERVA DE INCENTIVOS FISCAIS - INTER OFSS - ESTADO;Não;Não
235450000;RESERVA DE INCENTIVOS FISCAIS - INTER OFSS - MUNICÍPIO;Não;Não
235500000;RESERVAS DE LUCROS PARA EXPANSÃO;Não;Não
235510000;RESERVAS DE LUCROS PARA EXPANSÃO - CONSOLIDAÇÃO;Não;Não
235520000;RESERVAS DE LUCROS PARA EXPANSÃO - INTRA OFSS;Não;Não
235530000;RESERVAS DE LUCROS PARA EXPANSÃO - INTER OFSS - UNIÃO;Não;Não
235540000;RESERVAS DE LUCROS PARA EXPANSÃO - INTER OFSS -ESTADO;Não;Não
235550000;RESERVAS DE LUCROS PARA EXPANSÃO - INTER OFSS - MUNICÍPIO;Não;Não
235600000;RESERVA DE LUCROS A REALIZAR;Não;Não
235610000;RESERVA DE LUCROS A REALIZAR- CONSOLIDAÇÃO;Não;Não
235620000;RESERVA DE LUCROS A REALIZAR- INTRA OFSS;Não;Não
235630000;RESERVA DE LUCROS A REALIZAR- INTER OFSS - UNIÃO;Não;Não
235640000;RESERVA DE LUCROS A REALIZAR- INTER OFSS - ESTADO;Não;Não
235650000;RESERVA DE LUCROS A REALIZAR- INTER OFSS - MUNICÍPIO;Não;Não
235700000;RESERVA DE RETENÇÃO DE PREMIO NA EMISSÃO DE DEBÊNTURES;Não;Não
235710000;RESERVA DE RETENÇÃO DE PREMIO NA EMISSÃO DE DEBÊNTURES- CONSOLIDAÇÃO;Não;Não
235720000;RESERVA DE RETENÇÃO DE PREMIO NA EMISSÃO DE DEBÊNTURES- INTRA OFSS;Não;Não
235730000;RESERVA DE RETENÇÃO DE PREMIO NA EMISSÃO DE DEBÊNTURES- INTER OFSS - UNIÃO;Não;Não
235740000;RESERVA DE RETENÇÃO DE PREMIO NA EMISSÃO DE DEBÊNTURES- INTER OFSS - ESTADO;Não;Não
235750000;RESERVA DE RETENÇÃO DE PREMIO NA EMISSÃO DE DEBÊNTURES- INTER OFSS - MUNICÍPIO;Não;Não
235800000;RESERVA ESPECIAL PARA DIVIDENDO OBRIGATÓRIO NÃO DISTRIBUÍDO;Não;Não
235810000;RESERVA ESPECIAL PARA DIVIDENDO OBRIGATÓRIO NÃO DISTRIBUÍDO - CONSOLIDAÇÃO;Não;Não
235820000;RESERVA ESPECIAL PARA DIVIDENDO OBRIGATÓRIO NÃO DISTRIBUÍDO - INTRA OFSS;Não;Não
235830000;RESERVA ESPECIAL PARA DIVIDENDO OBRIGATÓRIO NÃO DISTRIBUÍDO - INTER OFSS - UNIÃO;Não;Não
235840000;RESERVA ESPECIAL PARA DIVIDENDO OBRIGATÓRIO NÃO DISTRIBUÍDO - INTER OFSS - ESTADO;Não;Não
235850000;RESERVA ESPECIAL PARA DIVIDENDO OBRIGATÓRIO NÃO DISTRIBUÍDO - INTER OFSS - MUNICÍPIO;Não;Não
235900000;OUTRAS RESERVAS DE LUCRO;Não;Não
235910000;OUTRAS RESERVAS DE LUCRO - CONSOLIDAÇÃO;Não;Não
235920000;OUTRAS RESERVAS DE LUCRO - INTRA OFSS;Não;Não
235930000;OUTRAS RESERVAS DE LUCRO - INTER OFSS - UNIÃO;Não;Não
235940000;OUTRAS RESERVAS DE LUCRO - INTER OFSS - ESTADO;Não;Não
235950000;OUTRAS RESERVAS DE LUCRO - INTER OFSS - MUNICÍPIO;Não;Não
236000000;DEMAIS RESERVAS;Não;Não
236100000;RESERVA DE REAVALIAÇÃO;Não;Não
236110000;RESERVA DE REAVALIAÇÃO - CONSOLIDAÇÃO;Não;Não
236120000;RESERVA DE REAVALIAÇÃO - INTRA OFSS;Não;Não
236130000;RESERVA DE REAVALIAÇÃO - INTER OFSS - UNIÃO;Não;Não
236140000;RESERVA DE REAVALIAÇÃO - INTER OFSS - ESTADO;Não;Não
236150000;RESERVA DE REAVALIAÇÃO - INTER OFSS - MUNICÍPIO;Não;Não
236900000;OUTRAS RESERVAS;Não;Não
236910000;OUTRAS RESERVAS - CONSOLIDAÇÃO;Não;Não
236920000;OUTRAS RESERVAS - INTRA OFSS;Não;Não
236930000;OUTRAS RESERVAS - INTER OFSS - UNIÃO;Não;Não
236940000;OUTRAS RESERVAS - INTER OFSS - ESTADO;Não;Não
236950000;OUTRAS RESERVAS - INTER OFSS - MUNICÍPIO;Não;Não
237000000;RESULTADOS ACUMULADOS;Não;Não
237100000;SUPERÁVITS OU DÉFICITS ACUMULADOS;Não;Não
237110000;SUPERÁVITS OU DÉFICITS ACUMULADOS - CONSOLIDAÇÃO;Não;Não
237110100;SUPERÁVITS OU DÉFICITS DO EXERCÍCIO;Não;Não
237110200;SUPERAVITS OU DEFICITS DE EXERCÍCIOS ANTERIORES;Não;Não
237110300;AJUSTES DE EXERCÍCIOS ANTERIORES;Não;Não
237110400;SUPERÁVITS OU DÉFICITS RESULTANTES DE EXTINÇÃO, FUSÃO E CISÃO;Não;Não
237120000;SUPERÁVITS OU DÉFICITS ACUMULADOS - INTRA OFSS;Não;Não
237120100;SUPERÁVITS OU DÉFICITS DO EXERCÍCIO;Não;Não
237120200;SUPERAVITS OU DEFICITS DE EXERCÍCIOS ANTERIORES;Não;Não
237120300;AJUSTES DE EXERCÍCIOS ANTERIORES;Não;Não
237120400;SUPERÁVITS OU DÉFICITS RESULTANTES DE EXTINÇÃO, FUSÃO E CISÃO;Não;Não
237130000;SUPERÁVITS OU DÉFICITS ACUMULADOS - INTER OFSS - UNIÃO;Não;Não
237130100;SUPERÁVITS OU DÉFICITS DO EXERCÍCIO;Não;Não
237130200;SUPERAVITS OU DEFICITS DE EXERCÍCIOS ANTERIORES;Não;Não
237130300;AJUSTES DE EXERCÍCIOS ANTERIORES;Não;Não
237130400;SUPERÁVITS OU DÉFICITS RESULTANTES DE EXTINÇÃO, FUSÃO E CISÃO;Não;Não
237140000;SUPERÁVITS OU DÉFICITS ACUMULADOS - INTER OFSS - ESTADO;Não;Não
237140100;SUPERÁVITS OU DÉFICITS DO EXERCÍCIO;Não;Não
237140200;SUPERAVITS OU DEFICITS DE EXERCÍCIOS ANTERIORES;Não;Não
237140300;AJUSTES DE EXERCÍCIOS ANTERIORES;Não;Não
237140400;SUPERÁVITS OU DÉFICITS RESULTANTES DE EXTINÇÃO, FUSÃO E CISÃO;Não;Não
237150000;SUPERÁVITS OU DÉFICITS ACUMULADOS - INTER OFSS - MUNICÍPIO;Não;Não
237150100;SUPERÁVITS OU DÉFICITS DO EXERCÍCIO;Não;Não
237150200;SUPERAVITS OU DEFICITS DE EXERCÍCIOS ANTERIORES;Não;Não
237150300;AJUSTES DE EXERCÍCIOS ANTERIORES;Não;Não
237150400;SUPERÁVITS OU DÉFICITS RESULTANTES DE EXTINÇÃO, FUSÃO E CISÃO;Não;Não
237200000;LUCROS E PREJUÍZOS ACUMULADOS;Não;Não
237210000;LUCROS E PREJUÍZOS ACUMULADOS - CONSOLIDAÇÃO;Não;Não
237210100;LUCROS E PREJUÍZOS DO EXERCÍCIO;Não;Não
237210200;LUCROS E PREJUÍZOS ACUMULADOS DE EXERCÍCIOS ANTERIORES;Não;Não
237210300;AJUSTES DE EXERCÍCIOS ANTERIORES;Não;Não
237210400;LUCROS A DESTINAR DO EXERCÍCIO;Não;Não
237210500;LUCROS A DESTINAR DE EXERCÍCIOS ANTERIORES;Não;Não
237210600;RESULTADOS APURADOS POR EXTINÇÃO, FUSÃO E CISÃO;Não;Não
237220000;LUCROS E PREJUÍZOS ACUMULADOS - INTRA OFSS;Não;Não
237220100;LUCROS E PREJUÍZOS DO EXERCÍCIO;Não;Não
237220200;LUCROS EPREJUIZOS ACUMULADOS DE EXERCÍCIOS ANTERIORES;Não;Não
237220300;AJUSTES DE EXERCÍCIOS ANTERIORES;Não;Não
237220400;LUCROS A DESTINAR DO EXERCÍCIO;Não;Não
237220500;LUCROS A DESTINAR DE EXERCÍCIOS ANTERIORES;Não;Não
237220600;RESULTADOS APURADOS POR EXTINÇÃO, FUSÃO E CISÃO;Não;Não
237230000;LUCROS E PREJUÍZOS ACUMULADOS - INTER OFSS - UNIÃO;Não;Não
237230100;LUCROS E PREJUÍZOS DO EXERCÍCIO;Não;Não
237230200;LUCROS E PREJUIZOS ACUMULADOS DE EXERCÍCIOS ANTERIORES;Não;Não
237230300;AJUSTES DE EXERCÍCIOS ANTERIORES;Não;Não
237230400;LUCROS A DESTINAR DO EXERCÍCIO;Não;Não
237230500;LUCROS A DESTINAR DE EXERCÍCIOS ANTERIORES;Não;Não
237230600;RESULTADOS APURADOS POR EXTINÇÃO, FUSÃO E CISÃO;Não;Não
237240000;LUCROS E PREJUÍZOS ACUMULADOS - INTER OFSS - ESTADO;Não;Não
237240100;LUCROS E PREJUÍZOS DO EXERCÍCIO;Não;Não
237240200;LUCROS E PREJUIZOS ACUMULADOS DE EXERCÍCIOS ANTERIORES;Não;Não
237240300;AJUSTES DE EXERCÍCIOS ANTERIORES;Não;Não
237240400;LUCROS A DESTINAR DO EXERCÍCIO;Não;Não
237240500;LUCROS A DESTINAR DE EXERCÍCIOS ANTERIORES;Não;Não
237240600;RESULTADOS APURADOS POR EXTINÇÃO, FUSÃO E CISÃO;Não;Não
237250000;LUCROS E PREJUÍZOS ACUMULADOS - INTER OFSS - MUNICÍPIO;Não;Não
237250100;LUCROS E PREJUÍZOS DO EXERCÍCIO;Não;Não
237250200;LUCROS E PREJUIZOS ACUMULADOS DE EXERCÍCIOS ANTERIORES;Não;Não
237250300;AJUSTES DE EXERCÍCIOS ANTERIORES;Não;Não
237250400;LUCROS A DESTINAR DO EXERCÍCIO;Não;Não
237250500;LUCROS A DESTINAR DE EXERCÍCIOS ANTERIORES;Não;Não
237250600;RESULTADOS APURADOS POR EXTINÇÃO, FUSÃO E CISÃO;Não;Não
239000000;(-) AÇÕES/COTAS EM TESOURARIA;Não;Não
239100000;(-) AÇÕES EM TESOURARIA;Não;Não
239110000;(-) AÇÕES EM TESOURARIA - CONSOLIDAÇÃO;Não;Não
239120000;(-) AÇÕES EM TESOURARIA - INTRA OFSS;Não;Não
239130000;(-) AÇÕES EM TESOURARIA - INTER OFSS - UNIÃO;Não;Não
239140000;(-) AÇÕES EM TESOURARIA - INTER OFSS - ESTADO;Não;Não
239150000;(-) AÇÕES EM TESOURARIA - INTER OFSS - MUNICÍPIO;Não;Não
239200000;(-) COTAS EM TESOURARIA;Não;Não
239210000;(-) COTAS EM TESOURARIA - CONSOLIDAÇÃO;Não;Não
239220000;(-) COTAS EM TESOURARIA - INTRA OFSS;Não;Não
239230000;(-) COTAS EM TESOURARIA - INTER OFSS - UNIÃO;Não;Não
239240000;(-) COTAS EM TESOURARIA - INTER OFSS - ESTADO;Não;Não
239250000;(-) COTAS EM TESOURARIA - INTER OFSS - MUNICÍPIO;Não;Não
300000000;VARIAÇÃO PATRIMONIAL DIMINUTIVA;Não;Não
310000000;PESSOAL E ENCARGOS;Não;Não
311000000;REMUNERAÇÃO A PESSOAL;Não;Não
311100000;REMUNERAÇÃO A PESSOAL ATIVO CIVIL - ABRANGIDOS PELO RPPS;Não;Não
311110000;REMUNERAÇÃO A PESSOAL ATIVO CIVIL - ABRANGIDOS PELO RPPS - CONSOLIDAÇÃO;Não;Não
311110100;VENCIMENTOS E VANTAGENS FIXAS - PESSOAL CIVIL - RPPS;Não;Não
311110101;VENCIMENTOS E SALÁRIOS;Não;Não
311110102;ADICIONAL NOTURNO;Não;Não
311110103;INCORPORAÇÕES;Não;Não
311110104;ABONO DE PERMANÊNCIA;Não;Não
311110105;ADICIONAL DE PERICULOSIDADE;Não;Não
311110106;ADICIONAL DE INSALUBRIDADE;Não;Não
311110107;ADICIONAL DE ATIVIDADES PENOSAS;Não;Não
311110108;INCENTIVO Á QUALIFICAÇÃO;Não;Não
311110109;REMUNERAÇÃO DE PESSOAL EM DISPONIBILIDADE;Não;Não
311110110;RETRIBUIÇÃO ADICIONAL VARIÁVEL E PRÓ-LABORE (LEI 7711/88);Não;Não
311110112;VANTAGEM PECUNIÁRIA INDIVIDUAL;Não;Não
311110113;ABONO PROVISÓRIO - PESSOAL CIVIL;Não;Não
311110114;GRATIFICAÇÃO POR EXERCÍCIO DE CARGOS;Não;Não
311110115;INCREMENTO PLANO DE CARGOS E SALÁRIOS DO PODER JUDICIÁRIO;Não;Não
311110116;GRATIFICAÇÃO POR EXERCÍCIO DE FUNÇÕES;Não;Não
311110117;INDENIZAÇÃO DE LOCALIZAÇÃO;Não;Não
311110118;GRATIFICAÇÃO DE TEMPO DE SERVIÇO;Não;Não
311110119;GRATIFICAÇÕES ESPECIAIS;Não;Não
311110120;GRATIFICAÇÃO POR ATIVIDADES EXPOSTAS;Não;Não
311110121;FÉRIAS VENCIDAS E PROPORCIONAIS;Não;Não
311110122;13. SALÁRIO;Não;Não
311110123;FÉRIAS - ABONO PECUNIÁRIO;Não;Não
311110124;FÉRIAS - ABONO CONSTITUCIONAL;Não;Não
311110125;LICENÇA-PRÊMIO;Não;Não
311110126;LICENÇA CAPACITAÇÃO;Não;Não
311110127;ADIANTAMENTO PECUNIÁRIO;Não;Não
311110128;REPRESENTAÇÃO MENSAL;Não;Não
311110129;COMPLEMENTAÇÃO SALARIAL;Não;Não
311110130;ADICIONAL - TETO PARLAMENTAR;Não;Não
311110131;SUBSÍDIOS;Não;Não
311110132;GRATIFICAÇÃO POR EXERCÍCIO DE CARGO EM COMISSÃO;Não;Não
311110133;VENCIMENTOS E SALÁRIOS PRORROGAÇÃO SALÁRIO MATERNIDADE;Não;Não
311110135;FÉRIAS - PAGAMENTO ANTECIPADO;Não;Não
311110136;REMUN. PARTICIP. ÓRGÃOS DELIBERAÇÃO COLETIVA;Não;Não
311110199;OUTROS VENCIMENTOS E VANTAGENS FIXAS - PESSOAL CIVIL RPPS;Não;Não
311110200;OUTRAS DESPESAS VARIAVEIS - PESSOAL CIVIL - RPPS;Não;Não
311110201;SUBSTITUIÇÕES;Não;Não
311110202;ADICIONAL VARIÁVEL;Não;Não
311110203;SERVIÇOS EXTRAORDINÁRIOS;Não;Não
311110204;GRATIFICAÇÃO POR EMBARQUE FLUVIAL;Não;Não
311110205;GRATIFICAÇÃO ELEITORAL;Não;Não
311110206;LICENÇA SEM REMUNERAÇÃO INCENTIVADA;Não;Não
311110207;ADICIONAL POR PLANTÃO HOSPITALAR;Não;Não
311110208;CONVOCAÇÃO EXTRAORDINARIA LEGISLATIVA;Não;Não
311110209;PARTICIPAÇÃO A EMPREGADOS E ADMINISTRADORES;Não;Não
311110210;AUXILIO MORADIA;Não;Não
311110211;INDENIZAÇÕES E RESTITUIÇÕES TRABALHISTAS;Não;Não
311110212;INDENIZ. E RESTIT. DECORR. DE PLANOS DE DEMISSÃO VOLUNTÁRIA;Não;Não
311110213;RESSARCIMENTO DE DESP. DE PESSOAL REQUISITADO;Não;Não
311110299;OUTROS VENCIMENTOS E VANTAGENS VARIÁVEIS - PESSOAL CIVIL RPPS;Não;Não
311110300;SENTENCAS JUDICIAIS;Não;Não
311119900;OUTRAS REMUNERAÇÕES A PESSOAL ATIVO CIVIL - ABRANGIDOS PELO RPPS;Não;Não
311120000;REMUNERAÇÃO A PESSOAL ATIVO CIVIL - ABRANGIDOS PELO RPPS - INTRA OFSS;Não;Não
311200000;REMUNERAÇÃO A PESSOAL ATIVO CIVIL - ABRANGIDOS PELO RGPS;Não;Não
311210000;REMUNERAÇÃO A PESSOAL ATIVO CIVIL - ABRANGIDOS PELO RGPS - CONSOLIDAÇÃO;Não;Não
311210100;VENCIMENTOS E VANTAGENS FIXAS - PESSOAL CIVIL - RGPS;Não;Não
311210101;VENCIMENTOS E SALARIOS;Não;Não
311210102;ADICIONAL NOTURNO;Não;Não
311210103;INCORPORAÇÕES;Não;Não
311210104;ABONO DE PERMANENCIA;Não;Não
311210105;ADICIONAL DE PERICULOSIDADE;Não;Não
311210106;ADICIONAL DE INSALUBRIDADE;Não;Não
311210107;REMUNERAÇÃO PARTICIPANTES DE ORGAO DE DELIBERAÇÃO COLETIVA;Não;Não
311210108;INCENTIVO A QUALIFICAÇÃO;Não;Não
311210109;ADICIONAL DE TRANSFERÊNCIA - ART. 469/CLT;Não;Não
311210110;RETR.ADIC.VARIAVEL E PRO-LABORE(LEI 7711/88);Não;Não
311210111;REMUNERAÇÃO DE DIRETORES;Não;Não
311210112;VANTAGEM PECUNIARIA INDIVIDUAL;Não;Não
311210113;ABONO PROVISORIO - PESSOAL CIVIL;Não;Não
311210114;GRATIFICAÇÃO POR EXERCÍCIO DE CARGOS;Não;Não
311210115;INDENIZAÇÃO A ANISTIADO POLITICO;Não;Não
311210116;GRATIFICAÇÃO POR EXERCÍCIO DE FUNÇÕES;Não;Não
311210117;INDENIZAÇÃO DE LOCALIZAÇÃO;Não;Não
311210118;GRATIFICAÇÃO DE TEMPO DE SERVICO;Não;Não
311210119;GRATIFICAÇÕES ESPECIAIS;Não;Não
311210120;GRATIFICAÇÃO POR ATIVIDADES EXPOSTAS;Não;Não
311210121;FERIAS VENCIDAS E PROPORCIONAIS;Não;Não
311210122;13. SALARIO;Não;Não
311210123;FERIAS - ABONO PECUNIARIO;Não;Não
311210124;FERIAS - ABONO CONSTITUCIONAL;Não;Não
311210125;LICENCA-PREMIO;Não;Não
311210126;LICENCA CAPACITAÇÃO;Não;Não
311210127;ADIANTAMENTO PECUNIARIO;Não;Não
311210128;REPRESENTAÇÃO MENSAL;Não;Não
311210129;COMPLEMENTAÇÃO SALARIAL;Não;Não
311210130;ADICIONAL - TETO PARLAMENTAR;Não;Não
311210131;SUBSÍDIOS;Não;Não
311210132;GRATIFICAÇÃO POR EXERCÍCIO DE CARGO EM COMISSÃO;Não;Não
311210133;VENCIMENTOS E SALÁRIOS PRORROGAÇÃO SALÁRIO MATERNIDADE;Não;Não
311210135;FÉRIAS - PAGAMENTO ANTECIPADO;Não;Não
311210199;OUTROS VENCIMENTOS E VANTAGENS FIXAS - PESSOAL CIVIL - RGPS;Não;Não
311210200;OUTRAS VPD VARIAVEIS - PESSOAL CIVIL - RGPS;Não;Não
311210201;SUBSTITUIÇÕES;Não;Não
311210202;ADICIONAL VARIAVEL;Não;Não
311210203;SERVICOS EXTRAORDINARIOS;Não;Não
311210204;GRATIFICAÇÃO POR EMBARQUE FLUVIAL;Não;Não
311210205;AVISO PREVIO;Não;Não
311210206;PARTICIPAÇÃO A EMPREGADOS E ADMINISTRADORES;Não;Não
311210207;GRATIFICAÇÃO ELEITORAL (RGPS);Não;Não
311210208;LICENCA SEM REMUNERAÇÃO INCENTIVADA (RGPS);Não;Não
311210209;CONVOCAÇÃO EXTRAORDINARIA LEGISLATIVA (RGPS);Não;Não
311210210;AUXILIO MORADIA (RGPS);Não;Não
311210299;OUTRAS DESPESAS VARIAVEIS - PESSOAL CIVIL;Não;Não
311210300;SENTENCAS JUDICIAIS;Não;Não
311210400;CONTRATAÇÃO POR TEMPO DETERMINADO;Não;Não
311210401;SALARIO CONTRATO TEMPORARIO - LEI 8.745/93;Não;Não
311210402;ADICIONAL NOTURNO DE CONTRATO TEMPORARIO;Não;Não
311210403;ADICIONAL DE PERICULOSIDADE CONTR. TEMPORARIO;Não;Não
311210404; ADICIONAL DE INSALUBRIDADE CONTRATO TEMPORARIO;Não;Não
311210405;ADICIONAL DE ATIVIDADES PENOSAS - CONTR. TEMPORARIO;Não;Não
311210406;SERVICOS EVENTUAIS DE MEDICOS RESIDENTES;Não;Não
311210408;ADICIONAL DE IRRADIAÇÃO IONIZANTE CONT. TEMP.;Não;Não
311210409;GRATIFICAÇÃO DE RAIO-X CONTRATO TEMPORARIO;Não;Não
311210410;SERVICOS EXTRAORDINARIOS CONTRATO TEMPORARIO;Não;Não
311210411;SERVICOS EXTRAORDINARIOS NOTURNO CONT. TEMP.;Não;Não
311210412;FERIAS VENCIDAS/PROPORCIONAIS CONT.TEMPORARIO;Não;Não
311210413;13º SALARIO CONTRATO TEMPORARIO;Não;Não
311210414;FERIAS - ABONO CONSTITUCIONAL;Não;Não
311210415;FERIAS - PAGAMENTO ANTECIPADO;Não;Não
311210416;SERVICOS EVENTUAIS DE AUXILIARES CIVIS NO EXT;Não;Não
311210417;SERVICOS EVENTUAIS DE PROFESSORES;Não;Não
311210418;SERVICOS EVENTUAIS DE ASSISTENCIA SOCIAL;Não;Não
311210419;SERV EVENT ENFERMAG FISIOT TERAPIA OCUPAC;Não;Não
311210420;SERVICOS EVENTUAIS DE NATUREZA INDUSTRIAL;Não;Não
311210421;SERVICOS EVENTUAIS DE AGENTES DE SAUDE;Não;Não
311210422;SERVICOS EVENTUAIS DE DENTISTAS E PSICOLOGOS;Não;Não
311210423;SERVICOS EVENTUAIS DE MAO-DE-OBRA;Não;Não
311210424;SERVIÇOS TEMPORÁRIOS DE AGENTES PRISIONAIS;Não;Não
311210427;FGTS;Não;Não
311210499;OUTRAS CONTRATAÇÕES POR TEMPO DETERMINADO;Não;Não
311219900;OUTRAS REMUNERAÇÕES A PESSOAL ATIVO CIVIL - ABRANGIDOS PELO RGPS;Não;Não
311300000;REMUNERAÇÃO A PESSOAL ATIVO MILITAR;Não;Não
311310000;REMUNERAÇÃO A PESSOAL ATIVO MILITAR - CONSOLIDAÇÃO;Não;Não
311310100;VENCIMENTOS E VANTAGENS FIXAS - PES. MILITAR;Não;Não
311310101;SOLDO;Não;Não
311310102;ADICIONAL DE PERMANENCIA;Não;Não
311310103;ADICIONAL DE TEMPO DE SERVICO;Não;Não
311310104;ADICIONAL MILITAR;Não;Não
311310105;ADICIONAL DE COMPENSAÇÃO ORGANICA;Não;Não
311310106;ADICIONAL DE HABITAÇÃO;Não;Não
311310107;GRATIFICAÇÃO DE LOCALIDADE ESPECIAL;Não;Não
311310108;GRATIFICAÇÃO DE REPRESENTAÇÃO;Não;Não
311310109;GRATIFICAÇÃO DE FUNÇÃO DE NATUREZA ESPECIAL;Não;Não
311310110;GRATIFICAÇÃO DE SERVICO VOLUNTARIO;Não;Não
311310111;VANTAGEM PECUNIARIA ESPECIAL - VPE;Não;Não
311310112;INDENIZAÇÃO DE REPRESENTAÇÃO;Não;Não
311310113;GRATIFICAÇÃO DE EXERCÍCIOS DE CARGOS;Não;Não
311310114;FERIAS VENCIDAS E PROPORCIONAIS;Não;Não
311310115;ADICIONAL NATALINO;Não;Não
311310116;FERIAS - ABONO CONSTITUCIONAL;Não;Não
311310117;COMPLEMENTAÇÃO SALARIAL - PESSOAL MILITAR;Não;Não
311310199;OUTRAS VPD FIXAS - PESSOAL MILITAR;Não;Não
311310200;OUTRAS DESPESAS VARIAVEIS - PESSOAL MILITAR;Não;Não
311310201;INDENIZAÇÕES/MILITAR;Não;Não
311310202;ADICIONAL TAREFA TEMPO CERTO(ART. 23 MP 2131);Não;Não
311310203;ADICIONAL NOTURNO - MILITAR;Não;Não
311310204;HORA-EXTRA, HORAS DE SOBREAVISO E PLANTÃO - MILITAR;Não;Não
311310299;DEMAIS DESPESAS VARIAVEIS - PESSOAL MILITAR;Não;Não
311310300;SENTENCAS JUDICIAIS;Não;Não
311319900;OUTRAS REMUNERAÇÕES A PESSOAL ATIVO MILITAR - ABRANGIDOS PELO RPPS;Não;Não
312000000;ENCARGOS PATRONAIS;Não;Não
312100000;ENCARGOS PATRONAIS - RPPS;Não;Não
312120000;ENCARGOS PATRONAIS - RPPS - INTRA OFSS;Não;Não
312120100;CONTRIBUIÇÃO PATRONAL PARA O RPPS;Não;Não
312120200;ENCARGOS DE PESSOAL REQUISITADO DE OUTROS ENTES;Não;Não
312129900;OUTROS ENCARGOS PATRONAIS - RPPS;Não;Não
312130000;ENCARGOS PATRONAIS - RPPS - INTER OFSS - UNIÃO;Não;Não
312130200;ENCARGOS DE PESSOAL REQUISITADO DE OUTROS ENTES;Não;Não
312139900;OUTROS ENCARGOS PATRONAIS - RPPS;Não;Não
312140000;ENCARGOS PATRONAIS - RPPS - INTER OFSS - ESTADO;Não;Não
312140200;ENCARGOS DE PESSOAL REQUISITADO DE OUTROS ENTES;Não;Não
312149900;OUTROS ENCARGOS PATRONAIS - RPPS;Não;Não
312150000;ENCARGOS PATRONAIS - RPPS - INTER OFSS - MUNICÍPIO;Não;Não
312150200;ENCARGOS DE PESSOAL REQUISITADO DE OUTROS ENTES;Não;Não
312159900;OUTROS ENCARGOS PATRONAIS - RPPS;Não;Não
312200000;ENCARGOS PATRONAIS - RGPS;Não;Não
312210000;ENCARGOS PATRONAIS - RGPS - CONSOLIDAÇÃO;Não;Não
312210100;CONTRIBUIÇÕES PREVIDENCIÁRIAS - RGPS;Não;Não
312210300;SEGURO DE ACIDENTE NO TRABALHO;Não;Não
312210400;ENCARGOS DE PESSOAL REQUISITADO DE OUTROS ENTES;Não;Não
312210500;CONTRIBUIÇÃO PREVIDENCIÁRIA RGPS PRORROGAÇÃO SALÁRIO MATERNIDADE;Não;Não
312210600;CONTRIBUIÇÃO PARA O PIS SOBRE FOLHA DE PAGAMENTO;Não;Não
312219900;OUTROS ENCARGOS PATRONAIS - RGPS;Não;Não
312220000;ENCARGOS PATRONAIS - RGPS - INTRA OFSS;Não;Não
312220100;CONTRIBUIÇÕES PREVIDENCIÁRIAS - RGPS;Não;Não
312220300;SEGURO DE ACIDENTE NO TRABALHO;Não;Não
312220400;ENCARGOS DE PESSOAL REQUISITADO DE OUTROS ENTES;Não;Não
312220500;CONTRIBUIÇÃO PREVIDENCIÁRIA RGPS PRORROGAÇÃO SALÁRIO MATERNIDADE;Não;Não
312220600;CONTRIBUIÇÃO PARA O PIS SOBRE FOLHA DE PAGAMENTO;Não;Não
312229900;OUTROS ENCARGOS PATRONAIS - RGPS;Não;Não
312230000;ENCARGOS PATRONAIS - RGPS - INTER OFSS - UNIÃO;Não;Não
312230100;CONTRIBUIÇÕES PREVIDENCIÁRIAS - RGPS;Não;Não
312230300;SEGURO DE ACIDENTE NO TRABALHO;Não;Não
312230400;ENCARGOS DE PESSOAL REQUISITADO DE OUTROS ENTES;Não;Não
312230500;CONTRIBUIÇÃO PREVIDENCIÁRIA RGPS PRORROGAÇÃO SALÁRIO MATERNIDADE;Não;Não
312230600;CONTRIBUIÇÃO PARA O PIS SOBRE FOLHA DE PAGAMENTO;Não;Não
312239900;OUTROS ENCARGOS PATRONAIS - RGPS;Não;Não
312300000;ENCARGOS PATRONAIS - FGTS;Não;Não
312310000;ENCARGOS PATRONAIS - FGTS - CONSOLIDAÇÃO;Não;Não
312310100;FGTS;Não;Não
312310200;FGTS - PDV;Não;Não
312310300;FGTS - PRORROGAÇÃO SALÁRIO MATERNIDADE;Não;Não
312400000;CONTRIBUIÇÕES SOCIAIS GERAIS;Não;Não
312410000;CONTRIBUIÇÕES SOCIAIS GERAIS - CONSOLIDAÇÃO;Não;Não
312410100;SISTEMAS SOCIAIS AUTÔNOMOS - ATIVO CIVIL;Não;Não
312410200;CONTRIBUIÇÃO DE SALÁRIO EDUCAÇÃO;Não;Não
312410300;CONTRIBUIÇÃO DE SALÁRIO EDUCAÇÃO REFERENTE A PRORROGAÇÃO DE SALÁRIO MATERNIDADE;Não;Não
312419900;OUTRAS CONSTRIBUIÇÕES SOCIAIS GERAIS;Não;Não
312420000;CONTRIBUIÇÕES SOCIAIS GERAIS - INTRA OFSS;Não;Não
312430000;CONTRIBUIÇÕES SOCIAIS GERAIS - INTER OFSS - UNIÃO;Não;Não
312440000;CONTRIBUIÇÕES SOCIAIS GERAIS - INTER OFSS - ESTADO;Não;Não
312450000;CONTRIBUIÇÕES SOCIAIS GERAIS - INTER OFSS - MUNICÍPIO;Não;Não
312500000;CONTRIBUIÇÕES A ENTIDADES FECHADAS DE PREVIDÊNCIA;Não;Não
312510000;CONTRIBUIÇÕES A ENTIDADES FECHADAS DE PREVIDÊNCIA - CONSOLIDAÇÃO;Não;Não
312510100;COMPLEMENTAÇÃO DE PREVIDÊNCIA;Não;Não
312510200;SEGUROS;Não;Não
312510300;CONTRIBUIÇÃO PATRONAL PREVIDÊNCIA PRIVADA;Não;Não
312510400; COMPLEMENTAÇÃO PREVIDENCIÁRIA REFERENTE A PRORROGAÇÃO SALÁRIO MATERNIDADE;Não;Não
312519900;OUTRAS CONTRIBUIÇÕES A ENTIDADES FECHADAS DE PREVIDÊNCIA;Não;Não
312540000;CONTRIBUIÇÕES A ENTIDADES FECHADAS DE PREVIDÊNCIA - INTER OFSS - ESTADO;Não;Não
312900000;OUTROS ENCARGOS PATRONAIS;Não;Não
312910000;OUTROS ENCARGOS PATRONAIS - CONSOLIDAÇÃO;Não;Não
312910100;CONTRIBUIÇÃO PATRONAL PARA O ATENDIMENTO A SAÚDE DO SERVIDOR ATIVO;Não;Não
312910200;CONTRIBUIÇÃO PATRONAL PARA A ASSISTÊNCIA SOCIAL DO SERVIDOR ATIVO;Não;Não
312910300;CONTRIBUIÇÃO PATRONAL PARA O ATENDIMENTO A SAÚDE DO SERVIDOR INATIVO;Não;Não
312910400;CONTRIBUIÇÃO PATRONAL PARA A ASSISTÊNCIA SOCIAL DO SERVIDOR INATIVO;Não;Não
312910500;CONTRIBUIÇÃO PATRONAL PARA O ATENDIMENTO A SAÚDE DO PENSIONISTA;Não;Não
312910600;CONTRIBUIÇÃO PATRONAL PARA A ASSISTÊNCIA SOCIAL DO PENSIONISTA;Não;Não
312919900;DEMAIS ENCARGOS PATRONAIS;Não;Não
312920000;OUTROS ENCARGOS PATRONAIS - INTRA OFSS;Não;Não
312920100;CONTRIBUIÇÃO PATRONAL PARA O ATENDIMENTO A SAÚDE DO SERVIDOR ATIVO;Não;Não
312920200;CONTRIBUIÇÃO PATRONAL PARA A ASSISTÊNCIA SOCIAL DO SERVIDOR ATIVO;Não;Não
312920300;CONTRIBUIÇÃO PATRONAL PARA O ATENDIMENTO A SAÚDE DO SERVIDOR INATIVO;Não;Não
312920400;CONTRIBUIÇÃO PATRONAL PARA A ASSISTÊNCIA SOCIAL DO SERVIDOR INATIVO;Não;Não
312920500;CONTRIBUIÇÃO PATRONAL PARA O ATENDIMENTO A SAÚDE DO PENSIONISTA;Não;Não
312920600;CONTRIBUIÇÃO PATRONAL PARA A ASSISTÊNCIA SOCIAL DO PENSIONISTA;Não;Não
312929900;DEMAIS ENCARGOS PATRONAIS;Não;Não
312930000;OUTROS ENCARGOS PATRONAIS - INTER OFSS - UNIÃO;Não;Não
312940000;OUTROS ENCARGOS PATRONAIS - INTER OFSS - ESTADO;Não;Não
312940100;CONTRIBUIÇÃO PATRONAL PARA O ATENDIMENTO A SAÚDE DO SERVIDOR ATIVO;Não;Não
312940200;CONTRIBUIÇÃO PATRONAL PARA A ASSISTÊNCIA SOCIAL DO SERVIDOR ATIVO;Não;Não
312940300;CONTRIBUIÇÃO PATRONAL PARA O ATENDIMENTO A SAÚDE DO SERVIDOR INATIVO;Não;Não
312940400;CONTRIBUIÇÃO PATRONAL PARA A ASSISTÊNCIA SOCIAL DO SERVIDOR INATIVO;Não;Não
312940500;CONTRIBUIÇÃO PATRONAL PARA O ATENDIMENTO A SAÚDE DO PENSIONISTA;Não;Não
312940600;CONTRIBUIÇÃO PATRONAL PARA A ASSISTÊNCIA SOCIAL DO PENSIONISTA;Não;Não
312949900;DEMAIS ENCARGOS PATRONAIS;Não;Não
312950000;OUTROS ENCARGOS PATRONAIS - INTER OFSS - MUNICÍPIO;Não;Não
313000000;BENEFÍCIOS A PESSOAL;Não;Não
313100000;BENEFÍCIOS A PESSOAL - RPPS;Não;Não
313110000;BENEFÍCIOS A PESSOAL - RPPS - CONSOLIDAÇÃO;Não;Não
313200000;BENEFÍCIOS A PESSOAL - RGPS;Não;Não
313210000;BENEFÍCIOS A PESSOAL - RGPS - CONSOLIDAÇÃO;Não;Não
313300000;BENEFÍCIOS A PESSOAL - MILITAR;Não;Não
313310000;BENEFÍCIOS A PESSOAL - MILITAR - CONSOLIDAÇÃO;Não;Não
319000000;OUTRAS VARIAÇÕES PATRIMONIAIS DIMINUTIVAS - PESSOAL E ENCARGOS;Não;Não
319100000;INDENIZAÇÕES E RESTITUIÇÕES TRABALHISTAS;Não;Não
319110000;INDENIZAÇÕES E RESTITUIÇÕES TRABALHISTAS - CONSOLIDAÇÃO;Não;Não
319200000;PESSOAL REQUISITADO DE OUTROS ORGAOS E ENTES;Não;Não
319210000;PESSOAL REQUISITADO DE OUTROS ORGAOS E ENTES - CONSOLIDAÇÃO;Não;Não
319220000;PESSOAL REQUISITADO DE OUTROS ORGAOS E ENTES - INTRA OFSS;Não;Não
319230000;PESSOAL REQUISITADO DE OUTROS ORGAOS E ENTES - INTER OFSS - UNIÃO;Não;Não
319240000;PESSOAL REQUISITADO DE OUTROS ORGAOS E ENTES - INTER OFSS - ESTADO;Não;Não
319250000;PESSOAL REQUISITADO DE OUTROS ORGAOS E ENTES - INTER OFSS - MUNICÍPIO;Não;Não
319900000;OUTRAS VPD DE PESSOAL E ENCARGOS;Não;Não
319910000;OUTRAS VPD DE PESSOAL E ENCARGOS - CONSOLIDAÇÃO;Não;Não
319910100;OUTRAS VARIAÇÕES PATRIMONIAIS DIMINUTIVAS - PESSOAL;Não;Não
319910200;OUTRAS VARIAÇÕES PATRIMONIAIS DIMINUTIVAS - ENCARGOS;Não;Não
319920000;OUTRAS VPD DE PESSOAL E ENCARGOS - INTRA OFSS;Não;Não
319930000;OUTRAS VPD DE PESSOAL E ENCARGOS - INTER OFSS - UNIÃO;Não;Não
319940000;OUTRAS VPD DE PESSOAL E ENCARGOS - INTER OFSS - ESTADO;Não;Não
319950000;OUTRAS VPD DE PESSOAL E ENCARGOS - INTER OFSS - MUNICÍPIO;Não;Não
320000000;BENEFÍCIOS PREVIDENCIÁRIOS E ASSISTENCIAIS;Não;Não
321000000;APOSENTADORIAS E REFORMAS;Não;Não
321100000;APOSENTADORIAS - RPPS;Não;Não
321110000;APOSENTADORIAS - RPPS - CONSOLIDAÇÃO;Não;Não
321110100;PROVENTOS - PESSOAL CIVIL;Não;Não
321110101;APOSENTADORIAS POR TEMPO DE CONTRIBUIÇÃO;Não;Não
321110102;APOSENTADORIAS COMPULSÓRIAS;Não;Não
321110103;APOSENTADORIAS POR INVALIDEZ;Não;Não
321110104;APOSENTADORIAS ESPECIAIS - ATIVIDADES DE RISCO;Não;Não
321110105;APOSENTADORIAS ESPECIAIS - AGENTES NOCIVOS;Não;Não
321110106;APOSENTADORIAS ESPECIAIS - DEFICIÊNCIA;Não;Não
321110107;APOSENTADORIAS PROFESSOR;Não;Não
321110199;OUTRAS APOSENTADORIAS ESPECIAIS;Não;Não
321110200;APOSENTADORIAS PENDENTES DE APROVAÇÃO;Não;Não
321117000;SENTENÇAS JUDICIAIS - APOSENTADORIAS;Não;Não
321119900;OUTRAS APOSENTADORIAS;Não;Não
321200000;APOSENTADORIAS - RGPS;Não;Não
321210000;APOSENTADORIAS - RGPS - CONSOLIDAÇÃO;Não;Não
321300000;RESERVA REMUNERADA - PESSOAL MILITAR;Não;Não
321310000;RESERVA REMUNERADA - PESSOAL MILITAR - CONSOLIDAÇÃO;Não;Não
321310100;PROVENTOS RESERVA- PESSOAL MILITAR;Não;Não
321310101;RESERVA POR TEMPO DE SERVIÇO;Não;Não
321317000;SENTENÇAS JUDICIAIS RESERVA PESSOAL MILITAR - RPPS;Não;Não
321319900;OUTRAS RESERVAS REMUNERADAS - PESSOAL MILITAR;Não;Não
321400000;REFORMA - PESSOAL MILITAR;Não;Não
321410000;REFORMA - PESSOAL MILITAR - CONSOLIDAÇÃO;Não;Não
321410100;PROVENTOS REFORMA - PESSOAL MILITAR;Não;Não
321410101;REFORMA POR TEMPO DE SERVIÇO;Não;Não
321410102;REFORMA POR INVALIDEZ;Não;Não
321417000;SENTENÇAS JUDICIAIS REFORMA PESSOAL MILITAR - RPPS;Não;Não
321419900;OUTRAS REFORMAS - PESSOAL MILITAR;Não;Não
321900000;OUTRAS APOSENTADORIAS;Não;Não
321910000;OUTRAS APOSENTADORIAS - CONSOLIDAÇÃO;Não;Não
322000000;PENSÕES;Não;Não
322100000;PENSÕES - RPPS;Não;Não
322110000;PENSÕES - RPPS - CONSOLIDAÇÃO;Não;Não
322110100;PROVENTOS DE PENSÕES;Não;Não
322117000;SENTENÇAS JUDICIAIS - PENSÕES;Não;Não
322119900;OUTRAS PENSÕES;Não;Não
322200000;PENSÕES - RGPS;Não;Não
322210000;PENSÕES - RGPS - CONSOLIDAÇÃO;Não;Não
322300000;PENSÕES - PESSOAL MILITAR;Não;Não
322310000;PENSÕES - PESSOAL MILITAR - CONSOLIDAÇÃO;Não;Não
322310100;PROVENTOS DE PENSÕES - PESSOAL MILITAR;Não;Não
322317000;SENTENÇAS JUDICIAIS - PENSÕES - PESSOAL MILITAR;Não;Não
322319900;OUTRAS PENSÕES - PESSOAL MILITAR;Não;Não
322900000;OUTRAS PENSÕES;Não;Não
322910000;OUTRAS PENSÕES - CONSOLIDAÇÃO;Não;Não
323000000;BENEFÍCIOS DE PRESTAÇÃO CONTINUADA;Não;Não
323100000;BENEFÍCIOS DE PRESTAÇÃO CONTINUADA AO IDOSO;Não;Não
323110000;BENEFÍCIOS DE PRESTAÇÃO CONTINUADA AO IDOSO - CONSOLIDAÇÃO;Não;Não
323110100;BENEFÍCIOS DE PRESTAÇÃO CONTINUADA AO IDOSO;Não;Não
323200000;BENEFÍCIOS DE PRESTAÇÃO CONTINUADA AO PORTADOR DE DEFICIÊNCIA;Não;Não
323210000;BENEFÍCIOS DE PRESTAÇÃO CONTINUADA AO PORTADOR DE DEFICIÊNCIA - CONSOLIDAÇÃO;Não;Não
323210100;BENEFÍCIOS DE PRESTAÇÃO CONTINUADA AO PORTADOR DE DEFICIÊNCIA;Não;Não
323900000;OUTROS BENEFÍCIOS DE PRESTAÇÃO CONTINUADA;Não;Não
323910000;OUTROS BENEFÍCIOS DE PRESTAÇÃO CONTINUADA - CONSOLIDAÇÃO;Não;Não
324000000;BENEFÍCIOS EVENTUAIS;Não;Não
324100000;AUXÍLIO POR NATALIDADE;Não;Não
324110000;AUXÍLIO POR NATALIDADE - CONSOLIDAÇÃO;Não;Não
324200000;AUXÍLIO POR MORTE;Não;Não
324210000;AUXÍLIO POR MORTE - CONSOLIDAÇÃO;Não;Não
324300000;BENEFÍCIOS EVENTUAIS POR SITUAÇÕES DE VULNERABILIDADE TEMPORÁRIA;Não;Não
324310000;BENEFÍCIOS EVENTUAIS POR SITUAÇÕES DE VULNERABILIDADE TEMPORÁRIA - CONSOLIDAÇÃO;Não;Não
324400000;BENEFÍCIOS EVENTUAIS EM CASO DE CALAMIDADE PÚBLICA;Não;Não
324410000;BENEFÍCIOS EVENTUAIS EM CASO DE CALAMIDADE PÚBLICA - CONSOLIDAÇÃO;Não;Não
325000000;POLÍTICAS PÚBLICAS DE TRANSFERÊNCIA DE RENDA;Não;Não
325100000;POLÍTICAS PÚBLICAS DE TRANSFERÊNCIA DE RENDA;Não;Não
325110000;POLÍTICAS PÚBLICAS DE TRANSFERÊNCIA DE RENDA - CONSOLIDAÇÃO;Não;Não
329000000;OUTROS BENEFÍCIOS ASSISTENCIAIS;Não;Não
329100000;OUTROS BENEFÍCIOS ASSISTENCIAIS - SERVIDOR CIVIL;Não;Não
329110000;OUTROS BENEFÍCIOS ASSISTENCIAIS - SERVIDOR CIVIL - CONSOLIDAÇÃO;Não;Não
329110100;AUXILIO FUNERAL ATIVO CIVIL;Não;Não
329110200;AUXILIO FUNERAL INATIVO CIVIL;Não;Não
329110300;AUXILIO NATALIDADE ATIVO CIVIL;Não;Não
329110400;AUXILIO NATALIDADE INATIVO CIVIL;Não;Não
329110500;AUXILIO RECLUSAO ATIVO CIVIL;Não;Não
329110600;AUXILIO RECLUSAO INATIVO CIVIL;Não;Não
329110700;AUXILIO FUNERAL PENSIONISTA CIVIL;Não;Não
329110800;AUXILIO RECLUSAO PENSIONISTA CIVIL;Não;Não
329110900;AUXILIO NATALIDADE PENSIONISTA CIVIL;Não;Não
329111000;AUXILIO-DOENCA;Não;Não
329111100;SALARIO MATERNIDADE;Não;Não
329111200;SALARIO-FAMILIA;Não;Não
329111201;SALARIO FAMILIA - ATIVO PESSOAL CIVIL;Não;Não
329111202;SALARIO FAMILIA-INATIVO PESSOAL CIVIL;Não;Não
329111203;SALARIO FAMILIA-PENSIONISTA PESSOAL CIVIL;Não;Não
329119900;DEMAIS BENEFÍCIOS ASSISTENCIAIS - SERVIDOR CIVIL;Não;Não
329120000;OUTROS BENEFÍCIOS ASSISTENCIAIS - SERVIDOR CIVIL - INTRA - OFSS;Não;Não
329200000;OUTROS BENEFÍCIOS ASSISTENCIAIS - RGPS;Não;Não
329210000;OUTROS BENEFÍCIOS ASSISTENCIAIS - RGPS - CONSOLIDAÇÃO;Não;Não
329300000;OUTROS BENEFÍCIOS ASSISTENCIAIS - MILITAR;Não;Não
329310000;OUTROS BENEFÍCIOS ASSISTENCIAIS - MILITAR - CONSOLIDAÇÃO;Não;Não
329310100;AUXILIO FUNERAL ATIVO MILITAR;Não;Não
329310200;AUXILIO FUNERAL INATIVO MILITAR;Não;Não
329310300;AUXILIO NATALIDADE ATIVO MILITAR;Não;Não
329310400;AUXILIO NATALIDADE INATIVO MILITAR;Não;Não
329310500;AUXILIO RECLUSAO ATIVO MILITAR;Não;Não
329310600;AUXILIO RECLUSAO INATIVO MILITAR;Não;Não
329310700;AUXILIO RECLUSAO PENSIONISTA MILITAR;Não;Não
329310800;AUXILIO FUNERAL PENSIONISTA MILITAR;Não;Não
329310900;AUXILIO NATALIDADE PENSIONISTA MILITAR;Não;Não
329311000;SALARIO-FAMILIA;Não;Não
329311001;SALARIO FAMILIA-ATIVO PESSOAL MILITAR;Não;Não
329311002;SALARIO FAMILIA - INATIVO PESSOAL MILITAR;Não;Não
329311003;SALARIO FAMILIA - PENSIONIOSTA PESS. MILITAR;Não;Não
329319900;DEMAIS BENEFÍCIOS ASSISTENCIAIS - MILITAR;Não;Não
329900000;OUTROS BENEFÍCIOS ASSISTENCIAIS;Não;Não
329910000;OUTROS BENEFÍCIOS ASSISTENCIAIS - CONSOLIDAÇÃO;Não;Não
329920000;OUTROS BENEFÍCIOS ASSISTENCIAIS - INTRA OFSS;Não;Não
330000000;USO DE BENS, SERVIÇOS E CONSUMO DE CAPITAL FIXO;Não;Não
331000000;USO DE MATERIAL DE CONSUMO;Não;Não
331100000;CONSUMO DE MATERIAL;Não;Não
331110000;CONSUMO DE MATERIAL - CONSOLIDAÇÃO;Não;Não
331110100;COMBUSTIVEIS E LUBRIFICANTES AUTOMOTIVOS;Não;Não
331110300;GAS E OUTROS MATERIAIS ENGARRAFADOS;Não;Não
331110400;EXPLOSIVOS E MUNIÇÕES;Não;Não
331110500;ALIMENTOS PARA ANIMAIS;Não;Não
331110600;GENEROS ALIMENTAÇÃO;Não;Não
331110700;ANIMAIS PARA PESQUISA E ABATE;Não;Não
331110800;MATERIAL FARMACOLÓGICO;Não;Não
331110900;MATERIAL ODONTOLÓGICO;Não;Não
331111000;MATERIAL QUIMÍCO;Não;Não
331111100;MATERIAL DE COUDELARIA OU DE USO ZOOTÉCNICO;Não;Não
331111300;MATERIAL DE CAÇA E PESCA;Não;Não
331111400;MATERIAL EDUCATIVO E ESPORTIVO;Não;Não
331111500;MATERIAL PARA FESTIVIDADESE HOMENAGENS;Não;Não
331111600;MATERIAL DE EXPEDIENTE;Não;Não
331111700;MATERIAL DE PROCESSAMENTO DE DADOS;Não;Não
331111800;MATERIAIS E MEDICAMENTOS P/USO VETERINÁRIO;Não;Não
331111900;MATERIAL DE ACONDICIONAMENTO E EMBALAGEM;Não;Não
331112000;MATERIAL DE CAMA, MESA E BANHO;Não;Não
331112100;MATERIAL DE COPA E COZINHA;Não;Não
331112200;MATERIAL DE LIMPEZA E PRODUTOS DE HIGIENIZAÇÃO;Não;Não
331112300;UNIFORMES, TECIDOS E AVIAMENTOS;Não;Não
331112400;MATERIAL PARA MANUTENÇÃO DE BENS IMÓVEIS E INSTALAÇÕES;Não;Não
331112500;MATERIAL PARA MANUTENÇÃO DE BENS;Não;Não
331112600;MATERIAL ELETRICO E ELETRONICO;Não;Não
331112700; MATERIAL DE MANOBRA E PATRULHAMENTO;Não;Não
331112800;MATERIAL DE PROTEÇÃO E SEGURANCA;Não;Não
331112900;MATERIAL PARA AUDIO, VIDEO E FOTO;Não;Não
331113000;MATERIAL PARA COMUNICAÇÕES;Não;Não
331113100;SEMENTES, MUDAS DE PLANTAS E INSUMOS;Não;Não
331113200;SUPRIMENTO DE AVIAÇÃO;Não;Não
331113300;MATERIAL PARA PRODUÇÃO INDUSTRIAL;Não;Não
331113400;SUPRIMENTOS PARA MAQ. E MOTORES NAVIOS E EMBARCAÇÕES;Não;Não
331113500;MATERIAL LABORATORIAL;Não;Não
331113600;MATERIAL HOSPITALAR;Não;Não
331113700;SUPRIMENTOS DE ARMAMENTO;Não;Não
331113800;SUPRIMENTO DE PROTEÇÃO AO VOO;Não;Não
331113900;MATERIAL PARA MANUTENÇÃO DE VEICULOS;Não;Não
331114000;MATERIAL BIOLÓGICO;Não;Não
331114100;MATERIAL PARA UTILIZAÇÃO EM GRÁFICA;Não;Não
331114200;FERRAMENTAS;Não;Não
331114300;MATERIAL PARA REABILITAÇÃO PROFISSIONAL;Não;Não
331114400;MATERIAL DE SINALIZAÇÃO VISUAL E OUTROS;Não;Não
331114500;MATERIAL TÉCNICO PARA SELEÇÃO E TREINAMENTO;Não;Não
331114600;MATERIAL BIBLIOGRAFICO;Não;Não
331114800;BENS MÓVEIS NÃO ATIVÁVEIS;Não;Não
331114900;BILHETES DE PASSAGEM;Não;Não
331115000;BANDEIRAS, FLÂMULAS E INSIGNIAS;Não;Não
331115100;DISCOTECAS E FILMOTECAS NÃO IMOBILIZÁVEL;Não;Não
331115200;MATERIAL DE CARÁTER SECRETO OU RESERVADO;Não;Não
331115300;MATERIAL METEOROLÓGICO;Não;Não
331115400;MATERIAL P/MANUT.CON SERV.DE ESTRADAS E VIAS;Não;Não
331115500;SELOS PARA CONTROLE FISCAL;Não;Não
331115600;MATERIAL DE MARCAÇÃO DA FAUNA SILVESTRE;Não;Não
331115700;MATERIAL DE CONSUMO - REPARTIÇÕES NO EXTERIOR;Não;Não
331115800;SOBRESSALENTES PARA MÁQUINAS E EQUP. PARA PRODUÇÃO INDUSTRIAL;Não;Não
331117000;AQUISIÇÃO DE SOFTWARES DE BASE;Não;Não
331117100;MATERIAIS PARA CONSERVAÇÃO E MANUTENÇÃO DE BENS DE USO COMUM DO POVO;Não;Não
331119800;SENTENÇAS JUDICIAIS DE FORNECEDORES DE MATERIAIS;Não;Não
331119900;OUTROS MATERIAIS DE CONSUMO;Não;Não
331200000;DISTRIBUIÇÃO DE MATERIAL GRATUITO;Não;Não
331210000;DISTRIBUIÇÃO DE MATERIAL GRATUITO - CONSOLIDAÇÃO;Não;Não
331210100;MERCADORIAS DOADAS;Não;Não
331210200;MATERIAL DESTINADO À ASSISTÊNCIA SOCIAL;Não;Não
331210300;MATERIAL EDUCACIONAL E CULTURAL;Não;Não
331210400;MATERIAL DE ACONDICIONAMENTO E EMBALAGEM;Não;Não
331210500;MATERIAL PARA CERIMONIAL;Não;Não
331210600;MATERIAL PARA DIVULGAÇÃO;Não;Não
331210700;MATERIAL DESTINADO A CONTRIBUINTE;Não;Não
331210800;MATERIAL P/ IDENTIFICAÇÃO DE BENEFICIARIOS;Não;Não
331219900;OUTROS MATERIAIS DE DISTRIBUIÇÃO GRATUITA;Não;Não
331220000;DISTRIBUIÇÃO DE MATERIAL GRATUITO - INTRA OFSS;Não;Não
331230000;DISTRIBUIÇÃO DE MATERIAL GRATUITO - INTER OFSS - UNIÃO;Não;Não
331240000;DISTRIBUIÇÃO DE MATERIAL GRATUITO - INTER OFSS - ESTADO;Não;Não
331250000;DISTRIBUIÇÃO DE MATERIAL GRATUITO - INTER OFSS - MUNICÍPIO;Não;Não
332000000;SERVIÇOS;Não;Não
332100000;DIÁRIAS;Não;Não
332110000;DIÁRIAS - CONSOLIDAÇÃO;Não;Não
332110100; DIARIAS PESSOAL CIVIL;Não;Não
332110200; DIARIAS - PESSOAL MILITAR;Não;Não
332110300; DIARIAS - COLABORADORES EVENTUAIS;Não;Não
332110400;DIARIAS A CONSELHEIROS;Não;Não
332119900;OUTRAS DIÁRIAS;Não;Não
332200000;SERVIÇOS TERCEIROS - PF;Não;Não
332210000;SERVIÇOS TERCEIROS - PF - CONSOLIDAÇÃO;Não;Não
332210100;CONSULTORIA E ASSESSORIA;Não;Não
332210200;PERICIAS;Não;Não
332210300;AUDITORIA EXTERNA;Não;Não
332210400;HONORARIOS ADVOCATICIOS - ONUS DE SUCUMBENCIA;Não;Não
332210500;SERVICOS MEDICOS E ODONTOLOGICOS;Não;Não
332210600;SELEÇÃO E TREINAMENTO;Não;Não
332210700;COMUNICAÇÃO EM GERAL;Não;Não
332210800;LIMPEZA E CONSERVAÇÃO;Não;Não
332210900;SERVICOS DOMESTICOS;Não;Não
332211000;VIGILANCIA OSTENSIVA;Não;Não
332211100;MANUTENÇÃO E CONSERVAÇÃO;Não;Não
332211200;CONDOMINIOS;Não;Não
332211300;COMISSOES E CORRETAGENS;Não;Não
332211400;DIREITOS AUTORAIS;Não;Não
332211500;SERVICOS TECNICOS PROFISSIONAIS;Não;Não
332211600;ESTAGIARIOS;Não;Não
332211800;CAPATAZIA, ESTIVA E PESAGEM;Não;Não
332211900;CONFERENCIAS, EXPOSIÇÕES E ESPETACULOS;Não;Não
332212000;ARMAZENAGEM;Não;Não
332212100;LOCAÇÕES;Não;Não
332212200;FORNECIMENTO DE ALIMENTAÇÃO;Não;Não
332212300;SERVICOS DE CARATER SECRETO OU RESERVADO;Não;Não
332212400;SERVICOS DE REABILITAÇÃO PROFISSIONAL;Não;Não
332212500;SERVICOS DE ASSISTENCIA SOCIAL;Não;Não
332212600;SERV. DE APOIO ADMIN., TECNICO E OPERACIONAL;Não;Não
332212700;SERV. DE CONSERV. E REBENEFIC. DE MERCADORIAS;Não;Não
332212800;CONFECÇÃO DE MATERIAL DE ACONDIC. E EMBALAGEM;Não;Não
332212900;CONFECÇÃO DE UNIFORMES, BANDEIRAS E FLAMULAS;Não;Não
332213000;FRETES E TRANSPORTES DE ENCOMENDAS;Não;Não
332213100;JETONS E GRATIFICAÇÕES A CONSELHEIROS;Não;Não
332213400;SERVICOS DE AUDIO, VIDEO E FOTO;Não;Não
332213500;SERVICOS JUDICIARIOS;Não;Não
332213600;SEGUROS EM GERAL;Não;Não
332213700;HOSPEDAGENS;Não;Não
332213800;DESPESAS COM LOCOMOÇÃO;Não;Não
332213900;SERVICOS GRAFICOS E EDITORIAIS;Não;Não
332219800;SENTENÇAS JUDICIAIS;Não;Não
332219900;OUTROS SERVICOS PRESTADOS POR PESSOA FISICA;Não;Não
332300000;SERVIÇOS TERCEIROS - PJ;Não;Não
332310000;SERVIÇOS TERCEIROS - PJ - CONSOLIDAÇÃO;Não;Não
332310100;CONSULTORIA E ASSESSORIA;Não;Não
332310200;PERICIAS;Não;Não
332310300;AUDITORIA EXTERNA;Não;Não
332310400;COMUNICAÇÃO;Não;Não
332310500;PUBLICIDADE;Não;Não
332310600;MANUTENÇÃO E CONSERVAÇÃO;Não;Não
332310700;SERVIÇOS DE APOIO;Não;Não
332310800;SERVIÇOS DE AGUA E ESGOTO, ENERGIA ELETRICA, GAS E OUTROS.;Não;Não
332310900;SERVIÇOS DE ALIMENTAÇÃO;Não;Não
332311000;LOCAÇÕES;Não;Não
332311100;SERVIÇOS RELACIONADOS A TECNOLOGIA DA INFORMAÇÃO;Não;Não
332311200;SERVIÇOS DE TRANSPORTE;Não;Não
332311300;ARMAZENAGEM;Não;Não
332311400;ASSINATURAS DE PERIODICOS E ANUIDADES;Não;Não
332311500;CAPATAZIA, ESTIVA E PESAGEM;Não;Não
332311600;CLASSIFICAÇÃO DE PRODUTOS;Não;Não
332311700;COMISSOES E CORRETAGENS;Não;Não
332311800;CONDOMINIOS;Não;Não
332311900;CONFECÇÃO DE MATERIAL DE ACONDIC. E EMBALAGEM;Não;Não
332312000;CONFECÇÃO DE UNIFORMES, BANDEIRAS E FLAMULAS;Não;Não
332312100;DIREITOS AUTORAIS;Não;Não
332312200;EXPOSIÇÕES, CONGRESSOS, CONFERENCIAS E OUTROS;Não;Não
332312300;FESTIVIDADES E HOMENAGENS;Não;Não
332312400;HONORARIOS ADVOCATICIOS - ONUS DE SUCUMBENCIA;Não;Não
332312500;HOSPEDAGENS;Não;Não
332312600;PATROCINIO;Não;Não
332312700;PRODUÇÕES JORNALISTICAS;Não;Não
332312800;PROMOÇÃO;Não;Não
332312900;SEGUROS EM GERAL;Não;Não
332313000;SELEÇÃO E TREINAMENTO;Não;Não
332313100;SERV.MEDICO-HOSPITALAR,ODONTOL.E LABORATORIAIS;Não;Não
332313200;SERVIÇOS BANCARIOS;Não;Não
332313300;SERVIÇOS DE ANALISES E PESQUISA CIENTIFICAS;Não;Não
332313400;SERVIÇOS DE APOIO DO ENSINO;Não;Não
332313500;SERVIÇOS DE ASSISTENCIA SOCIAL;Não;Não
332313600;SERVIÇOS DE AUDIO VIDEO E FOTO;Não;Não
332313700;SERVIÇOS DE CONFECÇÃO SELOS CONTROLE FISCAL;Não;Não
332313800;SERVIÇOS DE CONSERV. E REBENEF. DE MERCADORIAS;Não;Não
332313900;SERVIÇOS DE CONTROLE AMBIENTAL;Não;Não
332314000;SERVIÇOS DE COPIAS E REPRODUÇÃO DE DOCUMENTOS;Não;Não
332314100;SERVIÇOS DE CRECHE E ASSISTENCIA PRE ESCOLAR;Não;Não
332314200;SERVIÇOS DE INCINERAÇÃO/DESTRUIÇÃO DE MATERIAL;Não;Não
332314300;SERVIÇOS DE PRODUÇÃO INDUSTRIAL;Não;Não
332314400;SERVIÇOS DE REABILITAÇÃO PROFISSIONAL;Não;Não
332314500;SERVIÇOS FUNERARIOS;Não;Não
332314600;SERVIÇOS GRÁFICOS E EDITORIAIS;Não;Não
332314700;SERVIÇOS JUDICIARIOS;Não;Não
332315100;SERVIÇOS TECNICOS PROFISSIONAIS;Não;Não
332315200;TAXA DE ADMINISTRAÇÃO;Não;Não
332315400;LOCAÇÃO DE MAO-DE-OBRA;Não;Não
332315500;ARRENDAMENTO MERCANTIL OPERACIONAL;Não;Não
332315600;PASSAGENS E DESPESAS COM LOCOMOÇÃO;Não;Não
332319800;SENTENÇAS JUDICIAIS;Não;Não
332319900;OUTROS SERVIÇOS TERCEIROS - PJ;Não;Não
332320000;SERVIÇOS TERCEIROS - PJ - INTRA OFSS;Não;Não
332325200;TAXA DE ADMINISTRAÇÃO - RPPS INTRA OFSS;Não;Não
332325300;TAXA DE ADMINISTRAÇÃO - FPSM INTRA OFSS;Não;Não
332329900;OUTROS SERVIÇOS TERCEIROS - PJ;Não;Não
332330000;SERVIÇOS TERCEIROS - PJ - INTER OFSS UNIÃO;Não;Não
332340000;SERVIÇOS TERCEIROS - PJ - INTER OFSS ESTADO;Não;Não
332350000;SERVIÇOS TERCEIROS - PJ - INTER OFSS MUNICÍPIO;Não;Não
332400000;CONTRATO DE TERCEIRIZAÇÃO POR SUBSTITUIÇÃO DE MÃO DE OBRA - ART. 18 § 1, LC 101/00;Não;Não
332410000;CONTRATO DE TERCEIRIZAÇÃO POR SUBSTITUIÇÃO DE MÃO DE OBRA - ART. 18 § 1, LC 101/00 - CONSOLIDAÇÃO;Não;Não
332420000;CONTRATO DE TERCEIRIZAÇÃO POR SUBSTITUIÇÃO DE MÃO DE OBRA - ART. 18 § 1, LC 101/00 - INTRA OFSS;Não;Não
332430000;CONTRATO DE TERCEIRIZAÇÃO POR SUBSTITUIÇÃO DE MÃO DE OBRA - ART. 18 § 1, LC 101/00 - INTER OFSS - UNIÃO;Não;Não
332440000;CONTRATO DE TERCEIRIZAÇÃO POR SUBSTITUIÇÃO DE MÃO DE OBRA - ART. 18 § 1, LC 101/00 - INTER OFSS - ESTADO;Não;Não
332450000;CONTRATO DE TERCEIRIZAÇÃO POR SUBSTITUIÇÃO DE MÃO DE OBRA - ART. 18 § 1, LC 101/00 - INTER OFSS - MUNICÍPIO;Não;Não
333000000;DEPRECIAÇÃO, AMORTIZAÇÃO E EXAUSTÃO;Não;Não
333100000;DEPRECIAÇÃO;Não;Não
333110000;DEPRECIAÇÃO - CONSOLIDAÇÃO;Não;Não
333110100;DEPRECIAÇÃO DE IMOBILIZADO;Não;Não
333110101;DEPRECIAÇÃO DE BENS MÓVEIS;Não;Não
333110102;DEPRECIAÇÃO DE BENS IMÓVEIS;Não;Não
333200000;AMORTIZAÇÃO;Não;Não
333210000;AMORTIZAÇÃO - CONSOLIDAÇÃO;Não;Não
333210100;AMORTIZAÇÃO DE IMOBILIZADO;Não;Não
333210200;AMORTIZAÇÃO DE INTANGÍVEL;Não;Não
333300000;EXAUSTÃO;Não;Não
333310000;EXAUSTÃO - CONSOLIDAÇÃO;Não;Não
333310100;EXAUSTÃO DE IMOBILIZADO;Não;Não
340000000;VARIAÇÕES PATRIMONIAIS DIMINUTIVAS FINANCEIRAS;Não;Não
341000000;JUROS E ENCARGOS DE EMPRÉSTIMOS E FINANCIAMENTOS OBTIDOS;Não;Não
341100000;JUROS E ENCARGOS DA DÍVIDA CONTRATUAL INTERNA;Não;Não
341110000;JUROS E ENCARGOS DA DÍVIDA CONTRATUAL INTERNA - CONSOLIDAÇÃO;Não;Não
341110100;JUROS DA DÍVIDA CONTR.C/INSTIT.FINANCEIRAS;Não;Não
341110200;ENCARGOS DA DÍVIDA CONTR.C/INSTIT.FINANCEIRAS;Não;Não
341119900;JUROS E ENCARGOS DE OUTRAS DÍVIDAS CONTRATUAIS;Não;Não
341120000;JUROS E ENCARGOS DA DÍVIDA CONTRATUAL INTERNA - INTRA;Não;Não
341120100;JUROS DA DÍVIDA CONTR.C/INSTIT.FINANCEIRAS;Não;Não
341120200;ENCARGOS DA DÍVIDA CONTR.C/INSTIT.FINANCEIRAS;Não;Não
341129900;JUROS E ENCARGOS DE OUTRAS DÍVIDAS CONTRATUAIS;Não;Não
341130000;JUROS E ENCARGOS DA DÍVIDA CONTRATUAL INTERNA - INTER OFSS - UNIÃO;Não;Não
341130100;JUROS DA DÍVIDA CONTR. INTERNA INTER OFSS - UNIÃO;Não;Não
341130200;ENCARGOS DA DÍVIDA CONTR.INTERNA INTER OFSS - UNIÃO;Não;Não
341139900;JUROS E ENCARGOS DE OUTRAS DÍVIDAS CONTRATUAIS - INTERNA INTER OFSS - UNIÃO;Não;Não
341140000;JUROS E ENCARGOS DA DÍVIDA CONTRATUAL INTERNA - INTER OFSS - ESTADO;Não;Não
341140100;JUROS DA DÍVIDA CONTR. INTERNA INTER OFSS - ESTADO;Não;Não
341140200;ENCARGOS DA DÍVIDA CONTR.INTERNA INTER OFSS - ESTADO;Não;Não
341149900;JUROS E ENCARGOS DE OUTRAS DÍVIDAS CONTRATUAIS - INTERNA INTER OFSS - ESTADO;Não;Não
341150000;JUROS E ENCARGOS DA DÍVIDA CONTRATUAL INTERNA - INTER OFSS - MUNICÍPIO;Não;Não
341150100;JUROS DA DÍVIDA CONTR. INTERNA INTER OFSS - MUNICÍPIO;Não;Não
341150200;ENCARGOS DA DÍVIDA CONTR.INTERNA INTER OFSS - MUNICÍPIO;Não;Não
341159900;JUROS E ENCARGOS DE OUTRAS DÍVIDAS CONTRATUAIS - INTERNA INTER OFSS - MUNICÍPIO;Não;Não
341200000;JUROS E ENCARGOS DA DÍVIDA CONTRATUAL EXTERNA;Não;Não
341210000;JUROS E ENCARGOS DA DÍVIDA CONTRATUAL EXTERNA - CONSOLIDAÇÃO;Não;Não
341210100;JUROS DA DÍVIDA CONTRATADA NO EXTERIOR;Não;Não
341210200;ENCARGOS DA DÍVIDA CONTRATADA NO EXTERIOR;Não;Não
341300000;JUROS E ENCARGOS DA DÍVIDA MOBILIARIA;Não;Não
341310000;JUROS E ENCARGOS DA DÍVIDA MOBILIARIA - CONSOLIDAÇÃO;Não;Não
341320000;JUROS E ENCARGOS DA DÍVIDA MOBILIARIA - INTRA OFSS;Não;Não
341330000;JUROS E ENCARGOS DA DÍVIDA MOBILIARIA - INTER OFSS - UNIÃO;Não;Não
341340000;JUROS E ENCARGOS DA DÍVIDA MOBILIARIA - INTER OFSS - ESTADO;Não;Não
341350000;JUROS E ENCARGOS DA DÍVIDA MOBILIARIA - INTER OFSS - MUNICÍPIO;Não;Não
341400000;JUROS E ENCARGOS DE EMPRÉSTIMOS POR ANTECIPAÇÃO DE RECEITA ORÇAMENTÁRIA;Não;Não
341410000;JUROS E ENCARGOS DE EMPRÉSTIMOS POR ANTECIPAÇÃO DE RECEITA ORÇAMENTÁRIA - CONSOLIDAÇÃO;Não;Não
341410100;JUROS S/ ADIANTAMENTOS BANCARIOS;Não;Não
341419900;OUTROS JUROS E ENCARGOS DE EMPRÉSTIMOS POR ANTECIPAÇÃO DE RECEITA ORÇAMENTÁRIA;Não;Não
341800000;OUTROS JUROS E ENCARGOS DE EMPRÉSTIMOS E FINANCIAMENTOS INTERNOS;Não;Não
341810000;OUTROS JUROS E ENCARGOS DE EMPRÉSTIMOS E FINANCIAMENTOS INTERNOS - CONSOLIDAÇÃO;Não;Não
341820000;OUTROS JUROS E ENCARGOS DE EMPRÉSTIMOS E FINANCIAMENTOS INTERNOS - INTRA OFSS;Não;Não
341830000;OUTROS JUROS E ENCARGOS DE EMPRÉSTIMOS E FINANCIAMENTOS INTERNOS - INTER OFSS - UNIÃO;Não;Não
341840000;OUTROS JUROS E ENCARGOS DE EMPRÉSTIMOS E FINANCIAMENTOS INTERNOS - INTER OFSS - ESTADO;Não;Não
341850000;OUTROS JUROS E ENCARGOS DE EMPRÉSTIMOS E FINANCIAMENTOS INTERNOS - INTER OFSS - MUNICÍPIO;Não;Não
341900000;OUTROS JUROS E ENCARGOS DE EMPRÉSTIMOS E FINANCIAMENTOS EXTERNOS;Não;Não
341910000;OUTROS JUROS E ENCARGOS DE EMPRÉSTIMOS E FINANCIAMENTOS EXTERNOS - CONSOLIDAÇÃO;Não;Não
342000000;JUROS E ENCARGOS DE MORA;Não;Não
342100000;JUROS E ENCARGOS DE MORA DE EMPRÉSTIMOS E FINANCIAMENTOS INTERNOS OBTIDOS;Não;Não
342110000;JUROS E ENCARGOS DE MORA DE EMPRÉSTIMOS E FINANCIAMENTOS INTERNOS OBTIDOS - CONSOLIDAÇÃO;Não;Não
342110100;JUROS DE MORA;Não;Não
342110200;ENCARGOS DE MORA;Não;Não
342120000;JUROS E ENCARGOS DE MORA DE EMPRÉSTIMOS E FINANCIAMENTOS INTERNOS OBTIDOS - INTRA OFSS;Não;Não
342120100;JUROS DE MORA;Não;Não
342120200;ENCARGOS DE MORA;Não;Não
342130000;JUROS E ENCARGOS DE MORA DE EMPRÉSTIMOS E FINANCIAMENTOS INTERNOS OBTIDOS - INTER OFSS - UNIÃO;Não;Não
342130100;JUROS DE MORA;Não;Não
342130200;ENCARGOS DE MORA;Não;Não
342140000;JUROS E ENCARGOS DE MORA DE EMPRÉSTIMOS E FINANCIAMENTOS INTERNOS OBTIDOS - INTER OFSS - ESTADO;Não;Não
342140100;JUROS DE MORA;Não;Não
342140200;ENCARGOS DE MORA;Não;Não
342150000;JUROS E ENCARGOS DE MORA DE EMPRÉSTIMOS E FINANCIAMENTOS INTERNOS OBTIDOS - INTER OFSS - MUNICÍPIO;Não;Não
342150100;JUROS DE MORA;Não;Não
342150200;ENCARGOS DE MORA;Não;Não
342200000;JUROS E ENCARGOS DE MORA DE EMPRÉSTIMOS E FINANCIAMENTOS EXTERNOS OBTIDOS;Não;Não
342210000;JUROS E ENCARGOS DE MORA DE EMPRÉSTIMOS E FINANCIAMENTOS EXTERNOS OBTIDOS - CONSOLIDAÇÃO;Não;Não
342210100;JUROS DE MORA;Não;Não
342210200;ENCARGOS DE MORA;Não;Não
342300000;JUROS E ENCARGOS DE MORA DE AQUISIÇÃO DE BENS E SERVIÇOS;Não;Não
342310000;JUROS E ENCARGOS DE MORA DE AQUISIÇÃO DE BENS E SERVIÇOS - CONSOLIDAÇÃO;Não;Não
342310100;JUROS DE MORA;Não;Não
342310101;JUROS DE SERVICOS TERCEIROS - PESSOA FISICA;Não;Não
342310102;JUROS DE SERVICOS TERCEIROS - PESSOA JURIDICA;Não;Não
342310103;JUROS SOBRE FORNECIMENTOS DE BENS;Não;Não
342310199;DEMAIS JUROS DE MORA;Não;Não
342310200;MULTAS DEDUTÍVEIS;Não;Não
342310201;MULTAS DEDUTÍVEIS SERVICOS TERCEIROS - PESSOA FISICA;Não;Não
342310202;MULTAS DEDUTÍVEIS SERVICOS TERCEIROS - PESSOA JURIDICA;Não;Não
342310203;MULTAS DEDUTÍVEIS SOBRE FORNECIMENTOS DE BENS;Não;Não
342310299;DEMAIS MULTAS DEDUTÍVEIS;Não;Não
342310300;MULTAS INDEDUTÍVEIS;Não;Não
342310301;MULTAS INDEDUTÍVEIS SERVICOS TERCEIROS - PESSOA FISICA;Não;Não
342310302;MULTAS INDEDUTÍVEIS SERVICOS TERCEIROS - PESSOA JURIDICA;Não;Não
342310303;MULTAS INDEDUTÍVEIS SOBRE FORNECIMENTOS DE BENS;Não;Não
342310399;DEMAIS MULTAS INDEDUTÍVEIS;Não;Não
342319900;OUTROS ENCARGOS DE MORA;Não;Não
342320000;JUROS E ENCARGOS DE MORA DE AQUISIÇÃO DE BENS E SERVIÇOS - INTRA OFSS;Não;Não
342330000;JUROS E ENCARGOS DE MORA DE AQUISIÇÃO DE BENS E SERVIÇOS - INTER OFSS - UNIÃO;Não;Não
342340000;JUROS E ENCARGOS DE MORA DE AQUISIÇÃO DE BENS E SERVIÇOS - INTER OFSS - ESTADO;Não;Não
342350000;JUROS E ENCARGOS DE MORA DE AQUISIÇÃO DE BENS E SERVIÇOS - INTER OFSS - MUNICÍPIO;Não;Não
342400000;JUROS E ENCARGOS DE MORA DE OBRIGAÇÕES TRIBUTÁRIAS;Não;Não
342410000;JUROS E ENCARGOS DE MORA DE OBRIGAÇÕES TRIBUTÁRIAS - CONSOLIDAÇÃO;Não;Não
342410100;JUROS;Não;Não
342410200;MULTAS DEDUTÍVEIS;Não;Não
342410300;MULTAS INDEDUTÍVEIS;Não;Não
342419900;OUTROS JUROS E ENCARGOS DE MORA DE OBRIGAÇÕES TRIBUTÁRIAS;Não;Não
342420000;JUROS E ENCARGOS DE MORA DE OBRIGAÇÕES TRIBUTÁRIAS - INTRA OFSS;Não;Não
342430000;JUROS E ENCARGOS DE MORA DE OBRIGAÇÕES TRIBUTÁRIAS - INTER OFSS - UNIÃO;Não;Não
342440000;JUROS E ENCARGOS DE MORA DE OBRIGAÇÕES TRIBUTÁRIAS - INTER OFSS - ESTADO;Não;Não
342450000;JUROS E ENCARGOS DE MORA DE OBRIGAÇÕES TRIBUTÁRIAS - INTER OFSS - MUNICÍPIO;Não;Não
342500000;JUROS E ENCARGOS DE MORA DE OBRIGAÇÕES PREVIDENCIÁRIAS;Não;Não
342510000;JUROS E ENCARGOS DE MORA DE OBRIGAÇÕES PREVIDENCIÁRIAS - CONSOLIDAÇÃO;Não;Não
342520000;JUROS E ENCARGOS DE MORA DE OBRIGAÇÕES PREVIDENCIÁRIAS - INTRA OFSS;Não;Não
342520100;MULTAS E JUROS SOBRE CONTRIBUIÇÕES PREVIDENCIÁRIAS - NÃO PARCELADAS;Não;Não
342520101;MULTAS E JUROS SOBRE CONTRIBUIÇÕES PREVIDENCIÁRIAS - NÃO PARCELADAS - PATRONAL;Não;Não
342520102;MULTAS E JUROS SOBRE CONTRIBUIÇÕES PREVIDENCIÁRIAS -  NÃO PARCELADAS - SERVIDOR, APOSENTADO E PENSIONISTA;Não;Não
342520199;DEMAIS MULTAS E JUROS SOBRE CONTRIBUIÇÕES PREVIDENCIÁRIAS - NÃO PARCELADAS;Não;Não
342520200;MULTAS E JUROS SOBRE CONTRIBUIÇÕES PREVIDENCIÁRIAS - PARCELADAS;Não;Não
342520201;MULTAS E JUROS SOBRE CONTRIBUIÇÕES PREVIDENCIÁRIAS - PARCELADAS - PATRONAL;Não;Não
342520202;MULTAS E JUROS SOBRE CONTRIBUIÇÕES PREVIDENCIÁRIAS - PARCELADAS - SERVIDOR, APOSENTADO E PENSIONISTA;Não;Não
342520299;DEMAIS MULTAS E JUROS SOBRE CONTRIBUIÇÕES PREVIDENCIÁRIAS - PARCELADAS;Não;Não
342529900;DEMAIS JUROS E ENCARGOS DE MORA SOBRE OBRIGAÇÕES PREVIDENCIÁRIAS;Não;Não
342530000;JUROS E ENCARGOS DE MORA DE OBRIGAÇÕES PREVIDENCIÁRIAS - INTER OFSS UNIÃO;Não;Não
342540000;JUROS E ENCARGOS DE MORA DE OBRIGAÇÕES PREVIDENCIÁRIAS - INTER OFSS ESTADO;Não;Não
342550000;JUROS E ENCARGOS DE MORA DE OBRIGAÇÕES PREVIDENCIÁRIAS - INTER OFSS MUNICÍPIO;Não;Não
342600000;JUROS E ENCARGOS DE MORA DE EMPRÉSTIMOS E FINANCIAMENTOS CONCEDIDOS;Não;Não
342610000;JUROS E ENCARGOS DE MORA DE EMPRÉSTIMOS E FINANCIAMENTOS CONCEDIDOS - CONSOLIDAÇÃO;Não;Não
342620000;JUROS E ENCARGOS DE MORA DE EMPRÉSTIMOS E FINANCIAMENTOS CONCEDIDOS - INTRA OFSS;Não;Não
342630000;JUROS E ENCARGOS DE MORA DE EMPRÉSTIMOS E FINANCIAMENTOS CONCEDIDOS - INTER OFSS - UNIÃO;Não;Não
342640000;JUROS E ENCARGOS DE MORA DE EMPRÉSTIMOS E FINANCIAMENTOS CONCEDIDOS - INTER OFSS - ESTADO;Não;Não
342650000;JUROS E ENCARGOS DE MORA DE EMPRÉSTIMOS E FINANCIAMENTOS CONCEDIDOS - INTER OFSS - MUNICIPIO;Não;Não
342900000;OUTROS JUROS E ENCARGOS DE MORA;Não;Não
342910000;OUTROS JUROS E ENCARGOS DE MORA - CONSOLIDAÇÃO;Não;Não
342920000;OUTROS JUROS E ENCARGOS DE MORA - INTRA OFSS;Não;Não
342930000;OUTROS JUROS E ENCARGOS DE MORA - INTER OFSS - UNIÃO;Não;Não
342940000;OUTROS JUROS E ENCARGOS DE MORA - INTER OFSS - ESTADO;Não;Não
342950000;OUTROS JUROS E ENCARGOS DE MORA - INTER OFSS - MUNICÍPIO;Não;Não
343000000;VARIAÇÕES MONETÁRIAS E CAMBIAIS;Não;Não
343100000;VARIAÇÕES MONETÁRIAS E CAMBIAIS DE DÍVIDA CONTRATUAL INTERNA;Não;Não
343110000;VARIAÇÕES MONETÁRIAS E CAMBIAIS DE DÍVIDA CONTRATUAL INTERNA - CONSOLIDAÇÃO;Não;Não
343110100;VARIAÇÕES MONETARIAS DE DÍVIDA CONTRATUAL INTERNA - CONSOLIDAÇÃO;Não;Não
343110200;VARIAÇÕES CAMBIAIS DE DÍVIDA CONTRATUAL INTERNA - CONSOLIDAÇÃO;Não;Não
343120000;VARIAÇÕES MONETÁRIAS E CAMBIAIS DE DÍVIDA CONTRATUAL INTERNA - INTRA OFSS;Não;Não
343130000;VARIAÇÕES MONETÁRIAS E CAMBIAIS DE DÍVIDA CONTRATUAL INTERNA - INTER OFSS - UNIÃO;Não;Não
343130100;VARIAÇÕES MONETARIAS DE DÍVIDA CONTRATUAL INTERNA - INTER OFSS - UNIÃO;Não;Não
343140000;VARIAÇÕES MONETÁRIAS E CAMBIAIS DE DÍVIDA CONTRATUAL INTERNA - INTER OFSS - ESTADO;Não;Não
343140100;VARIAÇÕES MONETARIAS DE DÍVIDA CONTRATUAL INTERNA - INTER OFSS - ESTADO;Não;Não
343150000;VARIAÇÕES MONETÁRIAS E CAMBIAIS DE DÍVIDA CONTRATUAL INTERNA - INTER OFSS - MUNICÍPIO;Não;Não
343150100;VARIAÇÕES MONETARIAS DE DÍVIDA CONTRATUAL INTERNA - INTER OFSS - MUNICÍPIO;Não;Não
343200000;VARIAÇÕES MONETÁRIAS E CAMBIAIS DE DÍVIDA CONTRATUAL EXTERNA;Não;Não
343210000;VARIAÇÕES MONETÁRIAS E CAMBIAIS DE DÍVIDA CONTRATUAL EXTERNA - CONSOLIDAÇÃO;Não;Não
343210100;VARIAÇÕES MONETÁRIAS DA DÍVIDA CONTRATUAL EXTERNA;Não;Não
343210200;VARIAÇÕES CAMBIAIS DE DÍVIDA CONTRATUAL EXTERNA;Não;Não
343300000;VARIAÇÕES MONETÁRIAS E CAMBIAIS DE DÍVIDA MOBILIARIA INTERNA;Não;Não
343310000;VARIAÇÕES MONETÁRIAS E CAMBIAIS DE DÍVIDA MOBILIARIA INTERNA - CONSOLIDAÇÃO;Não;Não
343310100;VARIAÇÕES MONETÁRIAS DE DÍVIDA MOBILIÁRIA;Não;Não
343320000;VARIAÇÕES MONETÁRIAS E CAMBIAIS DE DÍVIDA MOBILIARIA INTERNA - INTRA OFSS;Não;Não
343330000;VARIAÇÕES MONETÁRIAS E CAMBIAIS DE DÍVIDA MOBILIARIA INTERNA - INTER OFSS UNIÃO;Não;Não
343330100;VARIAÇÕES MONETÁRIAS DE DÍVIDA MOBILIÁRIA - INTER OFSS UNIÃO;Não;Não
343340000;VARIAÇÕES MONETÁRIAS E CAMBIAIS DE DÍVIDA MOBILIARIA INTERNA - INTER OFSS ESTADO;Não;Não
343340100;VARIAÇÕES MONETÁRIAS DE DÍVIDA MOBILIÁRIA - INTER OFSS ESTADO;Não;Não
343350000;VARIAÇÕES MONETÁRIAS E CAMBIAIS DE DÍVIDA MOBILIARIA INTERNA - INTER OFSS MUNICÍPIO;Não;Não
343350100;VARIAÇÕES MONETÁRIAS DE DÍVIDA MOBILIÁRIA - INTER OFSS MUNICÍPIO;Não;Não
343400000;VARIAÇÕES MONETÁRIAS E CAMBIAIS DE DÍVIDA MOBILIARIA EXTERNA;Não;Não
343410000;VARIAÇÕES MONETÁRIAS E CAMBIAIS DE DÍVIDA MOBILIARIA EXTERNA - CONSOLIDAÇÃO;Não;Não
343410100;VARIAÇÕES MONETARIAS DE DÍVIDA MOBILIARIA EXTERNA;Não;Não
343410200;VARIAÇÕES CAMBIAIS DE DÍVIDA MOBILIARIA EXTERNA;Não;Não
343500000;VARIAÇÕES MONETÁRIAS E CAMBIAIS DE EMPRÉSTIMOS E FINANCIAMENTOS CONCEDIDOS;Não;Não
343510000;VARIAÇÕES MONETÁRIAS E CAMBIAIS DE EMPRÉSTIMOS E FINANCIAMENTOS CONCEDIDOS - CONSOLIDAÇÃO;Não;Não
343510100;VARIAÇÕES MONETÁRIAS DE EMPRÉSTIMOS E FINANCIAMENTOS CONCEDIDOS - CONSOLIDAÇÃO;Não;Não
343510200;VARIAÇÕES CAMBIAIS DE EMPRÉSTIMOS E FINANCIAMENTOS CONCEDIDOS - CONSOLIDAÇÃO;Não;Não
343520000;VARIAÇÕES MONETÁRIAS E CAMBIAIS DE EMPRÉSTIMOS E FINANCIAMENTOS - INTRA OFSS;Não;Não
343520100;VARIAÇÕES MONETÁRIAS DE EMPRÉSTIMOS E FINANCIAMENTOS CONCEDIDOS - INTRA OFSS;Não;Não
343520200;VARIAÇÕES CAMBIAIS DE EMPRÉSTIMOS E FINANCIAMENTOS CONCEDIDOS - INTRA OFSS;Não;Não
343530000;VARIAÇÕES MONETÁRIAS E CAMBIAIS DE EMPRÉSTIMOS E FINANCIAMENTOS - INTER OFSS- UNIÃO;Não;Não
343530100;VARIAÇÕES MONETÁRIAS DE EMPRÉSTIMOS E FINANCIAMENTOS CONCEDIDOS - INTER OFSS- UNIÃO;Não;Não
343530200;VARIAÇÕES CAMBIAIS DE EMPRÉSTIMOS E FINANCIAMENTOS CONCEDIDOS - INTER OFSS- UNIÃO;Não;Não
343540000;VARIAÇÕES MONETÁRIAS E CAMBIAIS DE EMPRÉSTIMOS E FINANCIAMENTOS - INTER OFSS - ESTADO;Não;Não
343540100;VARIAÇÕES MONETÁRIAS DE EMPRÉSTIMOS E FINANCIAMENTOS CONCEDIDOS - INTER OFSS - ESTADO;Não;Não
343540200;VARIAÇÕES CAMBIAIS DE EMPRÉSTIMOS E FINANCIAMENTOS CONCEDIDOS - INTER OFSS - ESTADO;Não;Não
343550000;VARIAÇÕES MONETÁRIAS E CAMBIAIS DE EMPRÉSTIMOS E FINANCIAMENTOS - INTER OFSS- MUNICÍPIO;Não;Não
343550100;VARIAÇÕES MONETÁRIAS DE EMPRÉSTIMOS E FINANCIAMENTOS CONCEDIDOS - INTER OFSS- MUNICÍPIO;Não;Não
343550200;VARIAÇÕES CAMBIAIS DE EMPRÉSTIMOS E FINANCIAMENTOS CONCEDIDOS - INTER OFSS- MUNICÍPIO;Não;Não
343900000;OUTRAS VARIAÇÕES MONETÁRIAS E CAMBIAIS;Não;Não
343910000;OUTRAS VARIAÇÕES MONETÁRIAS E CAMBIAIS - CONSOLIDAÇÃO;Não;Não
343910100;OUTRAS VARIAÇÕES MONETARIAS;Não;Não
343910101;ENCARGOS FINANCEIROS DEDUTÍVEIS;Não;Não
343910102;ENCARGOS FINANCEIROS INDEDUTÍVEIS;Não;Não
343910170;ATUALIZAÇÃO MONETÁRIA DE PRECATÓRIOS;Não;Não
343910199;DEMAIS VARIAÇÕES MONETÁRIAS;Não;Não
343919900;OUTRAS VARIAÇÕES CAMBIAIS;Não;Não
343920000;OUTRAS VARIAÇÕES MONETÁRIAS E CAMBIAIS - INTRA OFSS;Não;Não
343930000;OUTRAS VARIAÇÕES MONETÁRIAS E CAMBIAIS - INTER OFSS - UNIÃO;Não;Não
343930100;OUTRAS VARIAÇÕES MONETARIAS;Não;Não
343930101;ENCARGOS FINANCEIROS DEDUTÍVEIS;Não;Não
343930102;ENCARGOS FINANCEIROS INDEDUTÍVEIS;Não;Não
343930170;ATUALIZAÇÃO MONETÁRIA DE PRECATÓRIOS;Não;Não
343930171;ATUALIZAÇÃO MONETÁRIA DE TRIBUTOS RENEGOCIADOS;Não;Não
343930199;DEMAIS VARIAÇÕES MONETÁRIAS;Não;Não
343930200;OUTRAS VARIAÇÕES CAMBIAIS;Não;Não
343940000;OUTRAS VARIAÇÕES MONETÁRIAS E CAMBIAIS - INTER OFSS - ESTADO;Não;Não
343940100;OUTRAS VARIAÇÕES MONETARIAS;Não;Não
343940200;OUTRAS VARIAÇÕES CAMBIAIS;Não;Não
343950000;OUTRAS VARIAÇÕES MONETÁRIAS E CAMBIAIS - INTER OFSS - MUNICÍPIO;Não;Não
343950100;OUTRAS VARIAÇÕES MONETARIAS;Não;Não
343950200;OUTRAS VARIAÇÕES CAMBIAIS;Não;Não
344000000;DESCONTOS FINANCEIROS CONCEDIDOS;Não;Não
344100000;DESCONTOS FINANCEIROS CONCEDIDOS;Não;Não
344110000;DESCONTOS FINANCEIROS CONCEDIDOS - CONSOLIDAÇÃO;Não;Não
344120000;DESCONTOS FINANCEIROS CONCEDIDOS - INTRA OFSS;Não;Não
344130000;DESCONTOS FINANCEIROS CONCEDIDOS - INTER OFSS - UNIÃO;Não;Não
344140000;DESCONTOS FINANCEIROS CONCEDIDOS - INTER OFSS - ESTADO;Não;Não
344150000;DESCONTOS FINANCEIROS CONCEDIDOS - INTER OFSS - MUNICÍPIO;Não;Não
345000000;REMUNERAÇÃO NEGATIVA DE DEPÓSITOS BANCÁRIOS E APLICAÇÕES FINANCEIRAS;Não;Não
345100000;REMUNERAÇÃO NEGATIVA DE DEPÓSITOS BANCÁRIOS;Não;Não
345110000;REMUNERAÇÃO NEGATIVA DE DEPÓSITOS BANCÁRIOS - CONSOLIDAÇÃO;Não;Não
345200000;REMUNERAÇÃO NEGATIVA DE APLICAÇÕES FINANCEIRAS;Não;Não
345210000;REMUNERAÇÃO NEGATIVA DE APLICAÇÕES FINANCEIRAS - CONSOLIDAÇÃO;Não;Não
346000000;JUROS E ENCARGOS DE EMPRÉSTIMOS E FINANCIAMENTOS CONCEDIDOS;Não;Não
346100000;JUROS E ENCARGOS DE EMPRÉSTIMOS E FINANCIAMENTOS CONCEDIDOS;Não;Não
346110000;JUROS E ENCARGOS DE EMPRÉSTIMOS E FINANCIAMENTOS CONCEDIDOS - CONSOLIDAÇÃO;Não;Não
346120000;JUROS E ENCARGOS DE EMPRÉSTIMOS E FINANCIAMENTOS CONCEDIDOS - INTRA OFSS;Não;Não
346130000;JUROS E ENCARGOS DE EMPRÉSTIMOS E FINANCIAMENTOS CONCEDIDOS - INTER OFSS - UNIÃO;Não;Não
346140000;JUROS E ENCARGOS DE EMPRÉSTIMOS E FINANCIAMENTOS CONCEDIDOS - INTER OFSS - ESTADO;Não;Não
346150000;JUROS E ENCARGOS DE EMPRÉSTIMOS E FINANCIAMENTOS CONCEDIDOS - INTER OFSS - MUNICIPIO;Não;Não
348000000;APORTES AO BANCO CENTRAL;Não;Não
348100000;RESULTADO NEGATIVO DO BANCO CENTRAL;Não;Não
348110000;RESULTADO NEGATIVO DO BANCO CENTRAL - CONSOLIDAÇÃO;Não;Não
348200000;MANUTENÇÃO DA CARTEIRA DE TÍTULOS;Não;Não
348210000;MANUTENÇÃO DA CARTEIRA DE TÍTULOS - CONSOLIDAÇÃO;Não;Não
349000000;OUTRAS VARIAÇÕES PATRIMONIAIS DIMINUTIVAS - FINANCEIRAS;Não;Não
349100000;JUROS E ENCARGOS EM SENTENÇAS JUDICIAIS;Não;Não
349110000;JUROS E ENCARGOS EM SENTENÇAS JUDICIAIS - CONSOLIDAÇÃO;Não;Não
349120000;JUROS E ENCARGOS EM SENTENÇAS JUDICIAIS - INTRA OFSS;Não;Não
349130000;JUROS E ENCARGOS EM SENTENÇAS JUDICIAIS - INTER OFSS - UNIÃO;Não;Não
349140000;JUROS E ENCARGOS EM SENTENÇAS JUDICIAIS - INTER OFSS - ESTADO;Não;Não
349150000;JUROS E ENCARGOS EM SENTENÇAS JUDICIAIS - INTER OFSS - MUNICÍPIO;Não;Não
349200000;JUROS E ENCARGOS EM INDENIZAÇÕES E RESTITUIÇÕES;Não;Não
349210000;JUROS E ENCARGOS EM INDENIZAÇÕES E RESTITUIÇÕES - CONSOLIDAÇÃO;Não;Não
349220000;JUROS E ENCARGOS EM INDENIZAÇÕES E RESTITUIÇÕES - INTRA OFSS;Não;Não
349230000;JUROS E ENCARGOS EM INDENIZAÇÕES E RESTITUIÇÕES - INTER OFSS - UNIÃO;Não;Não
349240000;JUROS E ENCARGOS EM INDENIZAÇÕES E RESTITUIÇÕES - INTER OFSS - ESTADO;Não;Não
349250000;JUROS E ENCARGOS EM INDENIZAÇÕES E RESTITUIÇÕES - INTER OFSS - MUNICÍPIO;Não;Não
349900000;OUTRAS VARIAÇÕES PATRIMONIAIS DIMINUTIVAS FINANCEIRAS;Não;Não
349910000;OUTRAS VARIAÇÕES PATRIMONIAIS DIMINUTIVAS FINANCEIRAS - CONSOLIDAÇÃO;Não;Não
349920000;OUTRAS VARIAÇÕES PATRIMONIAIS DIMINUTIVAS FINANCEIRAS - INTRA OFSS;Não;Não
349930000;OUTRAS VARIAÇÕES PATRIMONIAIS DIMINUTIVAS FINANCEIRAS - INTER OFSS - UNIÃO;Não;Não
349940000;OUTRAS VARIAÇÕES PATRIMONIAIS DIMINUTIVAS FINANCEIRAS - INTER OFSS - ESTADO;Não;Não
349950000;OUTRAS VARIAÇÕES PATRIMONIAIS DIMINUTIVAS FINANCEIRAS - INTER OFSS - MUNICÍPIO;Não;Não
350000000;TRANSFERÊNCIAS E DELEGAÇÕES CONCEDIDAS;Não;Não
351000000;TRANSFERÊNCIAS INTRAGOVERNAMENTAIS;Não;Não
351100000;TRANSFERÊNCIAS CONCEDIDAS PARA A EXECUÇÃO ORCAMENTÁRIA;Não;Não
351120000;TRANSFERÊNCIAS CONCEDIDAS PARA A EXECUÇÃO ORÇAMENTÁRIA - INTRA OFSS;Não;Não
351120100;COTA CONCEDIDA;Não;Não
351120200;REPASSE CONCEDIDO;Não;Não
351120300;SUB-REPASSE CONCEDIDO;Não;Não
351120400;RECURSOS ARRECADADOS - CONCEDIDOS;Não;Não
351120500;VALORES DIFERIDOS - BAIXA;Não;Não
351120800;VALORES DIFERIDOS - INSCRIÇÃO;Não;Não
351120900;DEVOLUÇÃO DE TRANSFERÊNCIAS RECEBIDAS;Não;Não
351121300;CORRESPONDÊNCIA DE CRÉDITOS - SALDOS FINANCEIROS;Não;Não
351129900;OUTRAS TRANSFERÊNCIAS CONCEDIDAS PARA A EXECUÇÃO ORÇAMENTÁRIA;Não;Não
351200000;TRANSFERÊNCIAS CONCEDIDAS - INDEPENDENTES DE EXECUÇÃO ORÇAMENTÁRIA;Não;Não
351220000;TRANSFERÊNCIAS CONCEDIDAS INDEPENDENTES DE EXECUÇÃO ORÇAMENTÁRIA - INTRA OFSS;Não;Não
351220100;TRANSFERÊNCIAS FINANCEIRAS CONCEDIDAS - INDEPENDENTES DE EXECUÇÃO ORÇAMENTÁRIA;Não;Não
351220101;ORDEM DE TRANSFERÊNCIAS CONCEDIDAS;Não;Não
351220103;MOVIMENTO DE FUNDOS A CRÉDITO - CORRESPONDÊNCIA DE CRÉDITOS - SALDOS FINANCEIROS;Não;Não
351220104;MOVIMENTO DE FUNDOS A CRÉDITOS - MOVIMENTO DE FUNDOS PRÓPRIOS;Não;Não
351220199;OUTRAS TRANSFERÊNCIAS FINANCEIRAS CONCEDIDAS - INDEPENDENTES DE EXECUÇÃO ORÇAMENTÁRIA;Não;Não
351220200;TRANSFERÊNCIAS NÃO FINANCEIRAS CONCEDIDAS - INDEPENDENTES DE EXECUÇÃO ORÇAMENTÁRIA;Não;Não
351220201;TRANSFERÊNCIAS CONCEDIDAS DE BENS IMÓVEIS;Não;Não
351220202;TRANSFERÊNCIAS CONCEDIDAS DE BENS IMÓVEIS;Não;Não
351220203;TRANSFERÊNCIAS CONCEDIDAS DE BENS MÓVEIS;Não;Não
351220204;TRANSFERÊNCIAS CONCEDIDAS DE BENS MÓVEIS;Não;Não
351220205;TRANSFERÊNCIAS CONCEDIDAS DE TÍTULOS E VALORES;Não;Não
351220206;TRANSFERÊNCIAS CONCEDIDAS DE TÍTULOS DA DÍVIDA ATIVA;Não;Não
351220299;OUTRAS TRANSFERÊNCIAS NÃO FINANCEIRAS CONCEDIDAS - INDEPENDENTES DE EXECUÇÃO ORÇAMENTÁRIA;Não;Não
351229900;OUTRAS TRANSFERÊNCIAS CONCEDIDAS - INDEPENDENTES DE EXECUÇÃO ORÇAMENTÁRIA;Não;Não
351300000;TRANSFERÊNCIAS CONCEDIDAS PARA APORTES DE RECURSOS PARA O RPPS;Não;Não
351320000;TRANSFERÊNCIAS CONCEDIDAS PARA APORTES DE RECURSOS PARA O RPPS - INTRA OFSS;Não;Não
351320100;FUNDO EM REPARTIÇÃO;Não;Não
351320101;  RECURSOS PARA COBERTURA DE INSUFICIÊNCIAS FINANCEIRAS;Não;Não
351320102;    RECURSOS PARA FORMAÇÃO DE RESERVA;Não;Não
351320199;    OUTROS APORTES PARA O RPPS;Não;Não
351320200;FUNDO EM CAPITALIZAÇÃO;Não;Não
351320201;    RECURSOS PARA COBERTURA DE DÉFICIT FINANCEIRO;Não;Não
351320202;    RECURSOS PARA COBERTURA DE DÉFICIT ATUARIAL - APORTES PERIÓDICOS;Não;Não
351320203;RECURSOS PARA COBERTURA DE DÉFICIT ATUARIAL- ALÍQUOTA SUPLEMENTAR;Não;Não
351320204;TRANSFERÊNCIA DE BENS IMÓVEIS;Não;Não
351320205;TRANSFERÊNCIA DE BENS MÓVEIS;Não;Não
351320299;    OUTROS APORTES PARA O RPPS;Não;Não
351329900;OUTRAS TRANSFERÊNCIAS CONCEDIDAS PARA APORTES DE RECURSOS PARA O RPPS;Não;Não
351400000;TRANSFERÊNCIAS CONCEDIDAS PARA APORTES DE RECURSOS PARA O RGPS;Não;Não
351420000;TRANSFERÊNCIAS CONCEDIDAS PARA APORTES DE RECURSOS PARA O RGPS - INTRA OFSS;Não;Não
351420100; RECURSOS PARA COBERTURA DE INSUFICIÊNCIAS FINANCEIRAS;Não;Não
351420101;    PROVENIENTES DO ORÇAMENTO DA SEGURIDADE SOCIAL;Não;Não
351420102; PROVENIENTES DO ORÇAMENTO FISCAL;Não;Não
351420200;  RECURSOS PARA FORMAÇÃO DE RESERVA;Não;Não
351429900;  OUTROS APORTES PARA O RGPS;Não;Não
351500000;TRANSFERÊNCIAS CONCEDIDAS PARA O SISTEMA DE PROTEÇÃO SOCIAL DOS MILITARES (SPSM);Não;Não
351520000;TRANSFERÊNCIAS CONCEDIDAS PARA O SISTEMA DE PROTEÇÃO SOCIAL DOS MILITARES - INTRA OFSS;Não;Não
352000000;TRANSFERÊNCIAS INTER GOVERNAMENTAIS;Não;Não
352100000;DISTRIBUIÇÃO CONSTITUCIONAL OU LEGAL DE RECEITAS;Não;Não
352110000;DISTRIBUIÇÃO CONSTITUCIONAL OU LEGAL DE RECEITAS - CONSOLIDAÇÃO;Não;Não
352130000;DISTRIBUIÇÃO CONSTITUCIONAL OU LEGAL DE RECEITAS - INTER OFSS - UNIÃO;Não;Não
352140000;DISTRIBUIÇÃO CONSTITUCIONAL OU LEGAL DE RECEITAS - INTER OFSS - ESTADO;Não;Não
352150000;DISTRIBUIÇÃO CONSTITUCIONAL OU LEGAL DE RECEITAS - INTER OFSS - MUNICÍPIO;Não;Não
352150100;ICMS;Não;Não
352150200;IPVA;Não;Não
352150300;IPI-EXPORTAÇÃO;Não;Não
352150400;COTA-PARTE DA CONTRIBUIÇÃO DE INTERVENÇÃO NO DOMÍNIO ECONÔMICO;Não;Não
352150500;TRANSFERÊNCIA DA COTA-PARTE DA COMPENSAÇÃO FINANCEIRA;Não;Não
352150600;TRANSFERÊNCIA DE RECURSOS DO ESTADO PARA PROGRAMAS DE SAÚDE - REPASSE FUNDO A FUNDO;Não;Não
352159900;"OUTRAS DISTRIBUIÇÕES CONSTITUCIONAL OU 
LEGAL DE RECEITAS";Não;Não
352200000;TRANSFERÊNCIAS AO FUNDEB;Não;Não
352240000;TRANSFERÊNCIAS AO FUNDEB - INTER OFSS - ESTADO;Não;Não
352300000;TRANSFERÊNCIAS VOLUNTÁRIAS;Não;Não
352310000;TRANSFERÊNCIAS VOLUNTÁRIAS - CONSOLIDAÇÃO;Não;Não
352330000;TRANSFERÊNCIAS VOLUNTÁRIAS - INTER OFSS - UNIÃO;Não;Não
352330100;CONTRIBUIÇÕES;Não;Não
352330200;AUXÍLIOS;Não;Não
352330300;SUBVENÇÕES SOCIAIS;Não;Não
352330400;SUBVENÇÕES ECONÔMICAS;Não;Não
352339900;DEMAIS TRANSFERÊNCIAS VOLUNTÁRIAS;Não;Não
352340000;TRANSFERÊNCIAS VOLUNTÁRIAS - INTER-OFSS - ESTADO;Não;Não
352340100;CONTRIBUIÇÕES;Não;Não
352340200;AUXÍLIOS;Não;Não
352340300;SUBVENÇÕES SOCIAIS;Não;Não
352340400;SUBVENÇÕES ECONÔMICAS;Não;Não
352349900;DEMAIS TRANSFERÊNCIAS VOLUNTÁRIAS;Não;Não
352350000;TRANSFERÊNCIAS VOLUNTÁRIAS - INTER-OFSS - MUNICÍPIO;Não;Não
352350100;CONTRIBUIÇÕES;Não;Não
352350200;AUXÍLIOS;Não;Não
352350300;SUBVENÇÕES SOCIAIS;Não;Não
352350400;SUBVENÇÕES ECONÔMICAS;Não;Não
352359900;DEMAIS TRANSFERÊNCIAS VOLUNTÁRIAS;Não;Não
352400000;OUTRAS TRANSFERÊNCIAS;Não;Não
352410000;OUTRAS TRANSFERÊNCIAS - CONSOLIDAÇÃO;Não;Não
352430000;OUTRAS TRANSFERÊNCIAS - INTER OFSS - UNIÃO;Não;Não
352430100;OUTRAS TRANSFERÊNCIAS - INTER OFSS - UNIÃO;Não;Não
352430101;TRANSFERÊNCIAS CONCEDIDAS DE BENS IMÓVEIS- INTER UNIÃO;Não;Não
352430102;DOAÇÕES CONCEDIDAS DE BENS IMÓVEIS- INTER UNIÃO;Não;Não
352430103;TRANFERÊNCIAS CONCEDIDAS DE BENS MÓVEIS - INTER UNIÃO;Não;Não
352430104;DOAÇÕES CONCEDIDAS DE BENS MÓVEIS - INTER UNIÃO;Não;Não
352430199;OUTRAS TRANSFERÊNCIAS - INTER UNIÃO;Não;Não
352440000;OUTRAS TRANSFERÊNCIAS - INTER OFSS - ESTADO;Não;Não
352440100;OUTRAS TRANSFERÊNCIAS - INTER OFSS - ESTADO;Não;Não
352440101;TRANSFERÊNCIAS CONCEDIDAS DE BENS IMÓVEIS - INTER ESTADOS;Não;Não
352440102;DOAÇÕES CONCEDIDAS DE BENS IMÓVEIS - INTER ESTADOS;Não;Não
352440103;TRANFERÊNCIAS CONCEDIDAS DE BENS MÓVEIS - INTER ESTADOS;Não;Não
352440104;DOAÇÕES CONCEDIDAS DE BENS MÓVEIS - INTER ESTADOS;Não;Não
352440199;OUTRAS TRANSFERÊNCIAS - INTER ESTADOS;Não;Não
352450000;OUTRAS TRANSFERÊNCIAS - INTER OFSS - MUNICÍPIO;Não;Não
352450100;OUTRAS TRANSFERÊNCIAS - INTER OFSS - MUNICÍPIO;Não;Não
352450101;TRANSFERÊNCIAS CONCEDIDAS DE BENS IMÓVEIS - INTER MUNICÍPIOS;Não;Não
352450102;DOAÇÕES CONCEDIDAS DE BENS IMÓVEIS - INTER MUNICÍPIOS;Não;Não
352450103;TRANFERÊNCIAS CONCEDIDAS DE BENS MÓVEIS - INTER MUNICÍPIOS;Não;Não
352450104;DOAÇÕES CONCEDIDAS DE BENS MÓVEIS - INTER MUNICÍPIOS;Não;Não
352450199;OUTRAS TRANSFERÊNCIAS - INTER MUNICÍPIOS;Não;Não
353000000;TRANSFERÊNCIAS A INSTITUIÇÕES PRIVADAS;Não;Não
353100000;TRANSFERÊNCIAS A INSTITUIÇÕES PRIVADAS SEM FINS LUCRATIVOS;Não;Não
353110000;TRANSFERÊNCIAS A INSTITUIÇÕES PRIVADAS SEM FINS LUCRATIVOS - CONSOLIDAÇÃO;Não;Não
353110100;CONTRIBUIÇÕES;Não;Não
353110200;AUXÍLIOS;Não;Não
353110300;SUBVENÇÕES SOCIAIS;Não;Não
353110400;CONTRATO DE GESTÃO;Não;Não
353119900;OUTRAS TRANSFERÊNCIAS A INSTITUIÇÕES PRIVADAS SEM FINS LUCRATIVOS;Não;Não
353200000;TRANSFERÊNCIAS A INSTITUIÇÕES PRIVADAS COM FINS LUCRATIVOS;Não;Não
353210000;TRANSFERÊNCIAS A INSTITUIÇÕES PRIVADAS COM FINS LUCRATIVOS - CONSOLIDAÇÃO;Não;Não
353210100;SUBVENÇÕES ECONÔMICAS;Não;Não
353219900;TRANSFERÊNCIAS A INSTITUIÇÕES PRIVADAS COM FINS LUCRATIVOS;Não;Não
354000000;TRANSFERÊNCIAS A INSTITUIÇÕES MULTIGOVERNAMENTAIS;Não;Não
354100000;TRANSFERÊNCIAS A INSTITUIÇÕES MULTIGOVERNAMENTAIS;Não;Não
354110000;TRANSFERÊNCIAS A INSTITUIÇÕES MULTIGOVERNAMENTAIS - CONSOLIDAÇÃO;Não;Não
355000000;TRANSFERÊNCIAS A CONSÓRCIOS PÚBLICOS;Não;Não
355100000;TRANSFERÊNCIAS A CONSÓRCIOS PÚBLICOS;Não;Não
355110000;TRANSFERÊNCIAS A CONSÓRCIOS PÚBLICOS - CONSOLIDAÇÃO;Não;Não
356000000;TRANSFERÊNCIAS AO EXTERIOR;Não;Não
356100000;TRANSFERÊNCIAS AO EXTERIOR;Não;Não
356110000;TRANSFERÊNCIAS AO EXTERIOR - CONSOLIDAÇÃO;Não;Não
357000000;EXECUÇÃO ORÇAMENTÁRIA DELEGADA;Não;Não
357100000;EXECUÇÃO ORÇAMENTÁRIA DELEGADA A ENTES;Não;Não
357130000;EXECUÇÃO ORÇAMENTÁRIA DELEGADA A ENTES - INTER OFSS - UNIÃO;Não;Não
357130100;DIÁRIAS;Não;Não
357130200;PASSAGENS E DESPESAS COM LOCOMOÇÃO;Não;Não
357130300;MATERIAL DE CONSUMO;Não;Não
357130400;OUTROS SERVIÇOS DE TERCEIRO - PESSOA FÍSICA;Não;Não
357130500;OUTROS SERVIÇOS DE TERCEIRO - PESSOA JURÍDICA;Não;Não
357130600;INDENIZAÇÕES E RESTITUIÇÕES;Não;Não
357130700;DEMAIS VPD COM DELEGAÇÃO;Não;Não
357140000;EXECUÇÃO ORÇAMENTÁRIA DELEGADA A ENTES - INTER OFSS - ESTADO;Não;Não
357140100;DIÁRIAS;Não;Não
357140200;PASSAGENS E DESPESAS COM LOCOMOÇÃO;Não;Não
357140300;MATERIAL DE CONSUMO;Não;Não
357140400;OUTROS SERVIÇOS DE TERCEIRO - PESSOA FÍSICA;Não;Não
357140500;OUTROS SERVIÇOS DE TERCEIRO - PESSOA JURÍDICA;Não;Não
357140600;INDENIZAÇÕES E RESTITUIÇÕES;Não;Não
357140700;DEMAIS VPD COM DELEGAÇÃO;Não;Não
357150000;EXECUÇÃO ORÇAMENTÁRIA DELEGADA A ENTES - INTER OFSS - MUNICÍPIO;Não;Não
357150100;DIÁRIAS;Não;Não
357150200;PASSAGENS E DESPESAS COM LOCOMOÇÃO;Não;Não
357150300;MATERIAL DE CONSUMO;Não;Não
357150400;OUTROS SERVIÇOS DE TERCEIRO - PESSOA FÍSICA;Não;Não
357150500;OUTROS SERVIÇOS DE TERCEIRO - PESSOA JURÍDICA;Não;Não
357150600;INDENIZAÇÕES E RESTITUIÇÕES;Não;Não
357150700;DEMAIS VPD COM DELEGAÇÃO;Não;Não
357200000;EXECUÇÃO ORÇAMENTÁRIA DELEGADA A CONSÓRCIOS;Não;Não
357210000;EXECUÇÃO ORÇAMENTÁRIA DELEGADA A CONSÓRCIOS - CONSOLIDAÇÃO;Não;Não
357210100;DIÁRIAS;Não;Não
357210200;PASSAGENS E DESPESAS COM LOCOMOÇÃO;Não;Não
357210300;MATERIAL DE CONSUMO;Não;Não
357210400;OUTROS SERVIÇOS DE TERCEIRO - PESSOA FÍSICA;Não;Não
357210500;OUTROS SERVIÇOS DE TERCEIRO - PESSOA JURÍDICA;Não;Não
357210600;INDENIZAÇÕES E RESTITUIÇÕES;Não;Não
357210700;DEMAIS VPD COM DELEGAÇÃO;Não;Não
359000000;OUTRAS TRANSFERÊNCIAS E DELEGAÇÕES CONCEDIDAS;Não;Não
359100000;OUTRAS TRANSFERÊNCIAS E DELEGAÇÕES CONCEDIDAS;Não;Não
359110000;OUTRAS TRANSFERÊNCIAS E DELEGAÇÕES CONCEDIDAS - CONSOLIDAÇÃO;Não;Não
359120000;OUTRAS TRANSFERÊNCIAS CONCEDIDAS - INTRA OFSS;Não;Não
359130000;OUTRAS TRANSFERÊNCIAS CONCEDIDAS - INTER OFSS - UNIÃO;Não;Não
359140000;OUTRAS TRANSFERÊNCIAS CONCEDIDAS - INTER OFSS - ESTADO;Não;Não
359150000;OUTRAS TRANSFERÊNCIAS CONCEDIDAS - INTER OFSS - MUNICÍPIO;Não;Não
360000000;DESVALORIZAÇÃO E PERDA DE ATIVOS E INCORPORAÇÃO DE PASSIVOS;Não;Não
361000000;REAVALIAÇÃO, REDUÇÃO A VALOR RECUPERÁVEL E AJUSTE PARA PERDAS;Não;Não
361100000;REAVALIAÇÃO DE IMOBILIZADO;Não;Não
361110000;REAVALIAÇÃO DE IMOBILIZADO - CONSOLIDAÇÃO;Não;Não
361110100;REAVALIAÇÃO DE BENS MÓVEIS;Não;Não
361110101;REAVALIAÇÃO DE MÁQUINAS, APARELHOS, EQUIPAMENTOS E FERRAMENTAS;Não;Não
361110102;REAVALIAÇÃO DE BENS DE INFORMÁTICA;Não;Não
361110103;REAVALIAÇÃO DE MÓVEIS E UTENSÍLIOS;Não;Não
361110104;REAVALIAÇÃO DE MATERIAIS CULTURAIS, EDUCACIONAIS E DE COMUNICAÇÃO;Não;Não
361110105;REAVALIAÇÃO DE VEÍCULOS;Não;Não
361110106;REAVALIAÇÃO DE PEÇAS E CONJUNTOS DE REPOSIÇÃO;Não;Não
361110107;REAVALIAÇÃO DE BENS MÓVEIS EM ANDAMENTO;Não;Não
361110108;REAVALIAÇÃO DE BENS MÓVEIS EM ALMOXARIFADO;Não;Não
361110109;REAVALIAÇÃO DE ARMAMENTOS;Não;Não
361110110;REAVALIAÇÃO DE SEMOVENTES;Não;Não
361110199;REAVALIAÇÃO DE DEMAIS BENS MÓVEIS;Não;Não
361110200;REAVALIAÇÃO DE BENS IMÓVEIS;Não;Não
361110201;REAVALIAÇÃO DE BENS DE USO ESPECIAL;Não;Não
361110202;REAVALIAÇÃO DE BENS DOMINICAIS;Não;Não
361110203;REAVALIAÇÃO DE BENS DE USO COMUM DO POVO;Não;Não
361110204;REAVALIAÇÃO DE BENS IMÓVEIS EM ANDAMENTO;Não;Não
361110205;REAVALIAÇÃO DE INSTALAÇÕES;Não;Não
361110206;REAVALIAÇÃO DE BENFEITORIAS EM PROPRIEDADE DE TERCEIROS;Não;Não
361110299;REAVALIAÇÃO DE DEMAIS BENS IMÓVEIS;Não;Não
361200000;REAVALIAÇÃO DE INTANGÍVEIS;Não;Não
361210000;REAVALIAÇÃO DE INTANGÍVEIS - CONSOLIDAÇÃO;Não;Não
361300000;REAVALIAÇÃO DE OUTROS ATIVOS;Não;Não
361310000;REAVALIAÇÃO DE OUTROS ATIVOS - CONSOLIDAÇÃO;Não;Não
361400000;REDUÇÃO A VALOR RECUPERÁVEL DE INVESTIMENTOS;Não;Não
361410000;REDUÇÃO A VALOR RECUPERÁVEL DE INVESTIMENTOS - CONSOLIDAÇÃO;Não;Não
361410100;REDUÇÃO A VALOR RECUPERÁVEL DE PARTICIPAÇÕES PERMANENTES;Não;Não
361410200;REDUÇÃO A VALOR RECUPERÁVEL DE PROPRIEDADES PARA INVESTIMENTO;Não;Não
361410300;REDUÇÃO A VALOR RECUPERÁVEL DE INVESTIMENTOS DO RPPS;Não;Não
361410500;REDUÇÃO A VALOR RECUPERÁVEL DE INVESTIMENTOS MANTIDOS PARA VENDA;Não;Não
361419900;"REDUÇÃO A VALOR RECUPERÁVEL DE DEMAIS INVESTIMENTOS 
PERMANENTES";Não;Não
361420000;REDUÇÃO A VALOR RECUPERÁVEL DE INVESTIMENTOS - INTRA OFSS;Não;Não
361420100;REDUÇÃO A VALOR RECUPERÁVEL DE PARTICIPAÇÕES PERMANENTES;Não;Não
361420200;REDUÇÃO A VALOR RECUPERÁVEL DE PROPRIEDADES PARA INVESTIMENTO;Não;Não
361420300;REDUÇÃO A VALOR RECUPERÁVEL DE INVESTIMENTOS DO RPPS;Não;Não
361420500;REDUÇÃO A VALOR RECUPERÁVEL DE INVESTIMENTOS MANTIDOS PARA VENDA;Não;Não
361429900;"REDUÇÃO A VALOR RECUPERÁVEL DE DEMAIS INVESTIMENTOS 
PERMANENTES";Não;Não
361430000;REDUÇÃO A VALOR RECUPERÁVEL DE INVESTIMENTOS - INTER OFSS - UNIÃO;Não;Não
361430100;REDUÇÃO A VALOR RECUPERÁVEL DE PARTICIPAÇÕES PERMANENTES;Não;Não
361430200;REDUÇÃO A VALOR RECUPERÁVEL DE PROPRIEDADES PARA INVESTIMENTO;Não;Não
361430300;REDUÇÃO A VALOR RECUPERÁVEL DE INVESTIMENTOS DO RPPS;Não;Não
361430500;REDUÇÃO A VALOR RECUPERÁVEL DE INVESTIMENTOS MANTIDOS PARA VENDA;Não;Não
361439900;"REDUÇÃO A VALOR RECUPERÁVEL DE DEMAIS INVESTIMENTOS 
PERMANENTES";Não;Não
361440000;REDUÇÃO A VALOR RECUPERÁVEL DE INVESTIMENTOS - INTER OFSS - ESTADO;Não;Não
361440100;REDUÇÃO A VALOR RECUPERÁVEL DE PARTICIPAÇÕES PERMANENTES;Não;Não
361440200;REDUÇÃO A VALOR RECUPERÁVEL DE PROPRIEDADES PARA INVESTIMENTO;Não;Não
361440300;REDUÇÃO A VALOR RECUPERÁVEL DE INVESTIMENTOS DO RPPS;Não;Não
361440500;REDUÇÃO A VALOR RECUPERÁVEL DE INVESTIMENTOS MANTIDOS PARA VENDA;Não;Não
361449900;"REDUÇÃO A VALOR RECUPERÁVEL DE DEMAIS INVESTIMENTOS 
PERMANENTES";Não;Não
361450000;REDUÇÃO A VALOR RECUPERÁVEL DE INVESTIMENTOS - INTER OFSS - MUNICÍPIO;Não;Não
361450100;REDUÇÃO A VALOR RECUPERÁVEL DE PARTICIPAÇÕES PERMANENTES;Não;Não
361450200;REDUÇÃO A VALOR RECUPERÁVEL DE PROPRIEDADES PARA INVESTIMENTO;Não;Não
361450300;REDUÇÃO A VALOR RECUPERÁVEL DE INVESTIMENTOS DO RPPS;Não;Não
361450500;REDUÇÃO A VALOR RECUPERÁVEL DE INVESTIMENTOS MANTIDOS PARA VENDA;Não;Não
361459900;"REDUÇÃO A VALOR RECUPERÁVEL DE DEMAIS INVESTIMENTOS 
PERMANENTES";Não;Não
361500000;REDUÇÃO A VALOR RECUPERÁVEL DE IMOBILIZADO;Não;Não
361510000;REDUÇÃO A VALOR RECUPERÁVEL DE IMOBILIZADO - CONSOLIDAÇÃO;Não;Não
361510100;REDUÇÃO A VALOR RECUPERÁVEL DE BENS MÓVEIS;Não;Não
361510101;REDUÇÃO A VALOR RECUPERÁVEL DE MÁQUINAS, APARELHOS, EQUIPAMENTOS E FERRAMENTAS;Não;Não
361510102;REDUÇÃO A VALOR RECUPERÁVEL DE BENS DE INFORMÁTICA;Não;Não
361510103;REDUÇÃO A VALOR RECUPERÁVEL DE MÓVEIS E UTENSÍLIOS;Não;Não
361510104;REDUÇÃO A VALOR RECUPERÁVEL DE MATERIAIS CULTURAIS, EDUCACIONAIS E DE COMUNICAÇÃO;Não;Não
361510105;REDUÇÃO A VALOR RECUPERÁVEL DE VEÍCULOS;Não;Não
361510106;REDUÇÃO A VALOR RECUPERÁVEL DE PEÇAS E CONJUNTOS DE REPOSIÇÃO;Não;Não
361510107;REDUÇÃO A VALOR RECUPERÁVEL DE BENS MÓVEIS EM ANDAMENTO;Não;Não
361510108;REDUÇÃO A VALOR RECUPERÁVEL DE BENS MÓVEIS EM ALMOXARIFADO;Não;Não
361510109;REDUÇÃO A VALOR RECUPERÁVEL DE ARMAMENTOS;Não;Não
361510110;REDUÇÃO A VALOR RECUPERÁVEL DE SEMOVENTES;Não;Não
361510199;REDUÇÃO A VALOR RECUPERÁVEL DE DEMAIS BENS MÓVEIS;Não;Não
361510200;REDUÇÃO A VALOR RECUPERÁVEL DE BENS IMÓVEIS;Não;Não
361510201;REDUÇÃO A VALOR RECUPERÁVEL DE BENS DE USO ESPECIAL;Não;Não
361510202;REDUÇÃO A VALOR RECUPERÁVEL DE BENS DOMINICAIS;Não;Não
361510203;REDUÇÃO A VALOR RECUPERÁVEL DE BENS DE USO COMUM DO POVO;Não;Não
361510204;REDUÇÃO A VALOR RECUPERÁVEL DE BENS IMÓVEIS EM ANDAMENTO;Não;Não
361510205;REDUÇÃO A VALOR RECUPERÁVEL DE INSTALAÇÕES;Não;Não
361510206;REDUÇÃO A VALOR RECUPERÁVEL DE BENFEITORIAS EM PROPRIEDADE DE TERCEIROS;Não;Não
361510299;REDUÇÃO A VALOR RECUPERÁVEL DE DEMAIS BENS IMÓVEIS;Não;Não
361510300;REDUÇÃO A VALOR RECUPERÁVEL DE IMOBILIZADO MANTIDO PARA VENDA;Não;Não
361600000;REDUÇÃO A VALOR RECUPERÁVEL DE INTANGÍVEIS;Não;Não
361610000;REDUÇÃO A VALOR RECUPERÁVEL DE INTANGÍVEIS - CONSOLIDAÇÃO;Não;Não
361610100;REDUÇÃO A VALOR RECUPERÁVEL DE SOFTWARES;Não;Não
361610200;REDUÇÃO A VALOR RECUPERÁVEL DE MARCAS, DIREITOS E PATENTES;Não;Não
361610300;REDUÇÃO A VALOR RECUPERÁVEL DE DIREITO DE USO DE IMÓVEIS;Não;Não
361610400;REDUÇÃO A VALOR RECUPERÁVEL DE INTANGÍVEL MANTIDO PARA VENDA;Não;Não
361619900;REDUÇÃO A VALOR RECUPERÁVEL DE DEMAIS INTANGÍVEIS;Não;Não
361700000;VARIAÇÃO PATRIMONIAL DIMINUTIVA COM AJUSTE DE PERDAS DE CRÉDITOS E DE INVESTIMENTOS E APLICAÇÕES TEMPORÁRIOS;Não;Não
361710000;VARIAÇÃO PATRIMONIAL DIMINUTIVA COM AJUSTE DE PERDAS DE CRÉDITOS E DE INVESTIMENTOS E APLICAÇÕES TEMPORÁRIOS - CONSOLIDAÇÃO;Não;Não
361710100;AJUSTE PARA PERDAS EM CRÉDITOS TRIBUTÁRIOS;Não;Não
361710200;AJUSTE PARA PERDAS EM CLIENTES;Não;Não
361710300;AJUSTE PARA PERDAS EM CRÉDITOS DE TRANSFERÊNCIAS A RECEBER;Não;Não
361710400;AJUSTE PARA PERDAS EM EMPRÉSTIMOS E FINANCIAMENTOS CONCEDIDOS;Não;Não
361710500;AJUSTE PARA PERDAS EM DÍVIDA ATIVA TRIBUTÁRIA;Não;Não
361710600;AJUSTE PARA PERDAS EM DÍVIDA ATIVA NÃO TRIBUTÁRIA;Não;Não
361710700;AJUSTE PARA PERDAS EM INVESTIMENTOS E APLICAÇÕES TEMPORÁRIOS;Não;Não
361710701;AJUSTE PARA PERDAS EM TÍTULOS E VALORES MOBILIÁRIOS;Não;Não
361710702;AJUSTE PARA PERDAS EM APLICAÇÕES TEMPORÁRIAS EM METAIS PRECIOSOS;Não;Não
361710703;AJUSTE PARA PERDAS EM APLICAÇÕES TEMPORÁRIAS EM SEGMENTO DE IMÓVEIS;Não;Não
361710800;DESVALORIZAÇÃO A VALOR JUSTO DOS INVESTIMENTOS TEMPORÁRIOS DO RPPS;Não;Não
361719800;AJUSTE PARA PERDAS DE DEMAIS CRÉDITOS A RECEBER;Não;Não
361719900;AJUSTE PARA PERDAS DE DEMAIS INVESTIMENTOS E APLICAÇÕES TEMPORÁRIOS;Não;Não
361720000;VARIAÇÃO PATRIMONIAL DIMINUTIVA COM AJUSTE DE PERDAS DE CRÉDITOS E DE INVESTIMENTOS E APLICAÇÕES TEMPORÁRIOS - INTRA OFSS;Não;Não
361720100;AJUSTE PARA PERDAS EM CRÉDITOS TRIBUTÁRIOS;Não;Não
361720200;AJUSTE PARA PERDAS EM CLIENTES;Não;Não
361720300;AJUSTE PARA PERDAS EM CRÉDITOS DE TRANSFERÊNCIAS A RECEBER;Não;Não
361720400;AJUSTE PARA PERDAS EM EMPRÉSTIMOS E FINANCIAMENTOS CONCEDIDOS;Não;Não
361720500;AJUSTE PARA PERDAS EM DÍVIDA ATIVA TRIBUTÁRIA;Não;Não
361720600;AJUSTE PARA PERDAS EM DÍVIDA ATIVA NÃO TRIBUTÁRIA;Não;Não
361729900;AJUSTE PARA PERDAS DE DEMAIS CRÉDITOS A RECEBER;Não;Não
361730000;VARIAÇÃO PATRIMONIAL DIMINUTIVA COM AJUSTE DE PERDAS DE CRÉDITOS E DE INVESTIMENTOS E APLICAÇÕES TEMPORÁRIOS - INTER OFSS - UNIÃO;Não;Não
361730100;AJUSTE PARA PERDAS EM CRÉDITOS TRIBUTÁRIOS;Não;Não
361730200;AJUSTE PARA PERDAS EM CLIENTES;Não;Não
361730300;AJUSTE PARA PERDAS EM CRÉDITOS DE TRANSFERÊNCIAS A RECEBER;Não;Não
361730400;AJUSTE PARA PERDAS EM EMPRÉSTIMOS E FINANCIAMENTOS CONCEDIDOS;Não;Não
361730500;AJUSTE PARA PERDAS EM DÍVIDA ATIVA TRIBUTÁRIA;Não;Não
361730600;AJUSTE PARA PERDAS EM DÍVIDA ATIVA NÃO TRIBUTÁRIA;Não;Não
361739900;AJUSTE PARA PERDAS DE DEMAIS CRÉDITOS A RECEBER;Não;Não
361740000;VARIAÇÃO PATRIMONIAL DIMINUTIVA COM AJUSTE DE PERDAS DE CRÉDITOS E DE INVESTIMENTOS E APLICAÇÕES TEMPORÁRIOS - INTER OFSS - ESTADO;Não;Não
361740100;AJUSTE PARA PERDAS EM CRÉDITOS TRIBUTÁRIOS;Não;Não
361740200;AJUSTE PARA PERDAS EM CLIENTES;Não;Não
361740300;AJUSTE PARA PERDAS EM CRÉDITOS DE TRANSFERÊNCIAS A RECEBER;Não;Não
361740400;AJUSTE PARA PERDAS EM EMPRÉSTIMOS E FINANCIAMENTOS CONCEDIDOS;Não;Não
361740500;AJUSTE PARA PERDAS EM DÍVIDA ATIVA TRIBUTÁRIA;Não;Não
361740600;AJUSTE PARA PERDAS EM DÍVIDA ATIVA NÃO TRIBUTÁRIA;Não;Não
361749900;AJUSTE PARA PERDAS DE DEMAIS CRÉDITOS A RECEBER;Não;Não
361750000;VARIAÇÃO PATRIMONIAL DIMINUTIVA COM AJUSTE DE PERDAS DE CRÉDITOS E DE INVESTIMENTOS E APLICAÇÕES TEMPORÁRIOS - INTER OFSS - MUNICÍPIO;Não;Não
361750100;AJUSTE PARA PERDAS EM CRÉDITOS TRIBUTÁRIOS;Não;Não
361750200;AJUSTE PARA PERDAS EM CLIENTES;Não;Não
361750300;AJUSTE PARA PERDAS EM CRÉDITOS DE TRANSFERÊNCIAS A RECEBER;Não;Não
361750400;AJUSTE PARA PERDAS EM EMPRÉSTIMOS E FINANCIAMENTOS CONCEDIDOS;Não;Não
361750500;AJUSTE PARA PERDAS EM DÍVIDA ATIVA TRIBUTÁRIA;Não;Não
361750600;AJUSTE PARA PERDAS EM DÍVIDA ATIVA NÃO TRIBUTÁRIA;Não;Não
361759900;AJUSTE PARA PERDAS DE DEMAIS CRÉDITOS A RECEBER;Não;Não
361800000;VARIAÇÃO PATRIMONIAL DIMINUTIVA COM AJUSTE DE PERDAS DE ESTOQUES;Não;Não
361810000;VARIAÇÃO PATRIMONIAL DIMINUTIVA COM AJUSTE DE PERDAS DE ESTOQUES - CONSOLIDAÇÃO;Não;Não
361810100;VARIAÇÃO PATRIMONIAL DIMINUTIVA COM AJUSTE DE PERDAS DE MERCADORIAS PARA REVENDA;Não;Não
361810200;VARIAÇÃO PATRIMONIAL DIMINUTIVA COM AJUSTE DE PERDAS DE PRODUTOS E SERVIÇOS ACABADOS;Não;Não
361810300;"VARIAÇÃO PATRIMONIAL DIMINUTIVA COM AJUSTE DE PERDAS DE PRODUTOS E SERVIÇOS EM 
ELABORAÇÃO";Não;Não
361810400;VARIAÇÃO PATRIMONIAL DIMINUTIVA COM AJUSTE DE PERDAS DE MATÉRIAS-PRIMAS;Não;Não
361810500;VARIAÇÃO PATRIMONIAL DIMINUTIVA COM AJUSTE DE PERDAS DE MATERIAIS EM TRÂNSITO;Não;Não
361810600;VARIAÇÃO PATRIMONIAL DIMINUTIVA COM AJUSTE DE PERDAS DE ALMOXARIFADO;Não;Não
361810700;"VARIAÇÃO PATRIMONIAL DIMINUTIVA COM AJUSTE DE PERDAS DE ADIANTAMENTOS A 
FORNECEDORES";Não;Não
361810800;VARIAÇÃO PATRIMONIAL DIMINUTIVA COM AJUSTE DE PERDAS DE OUTROS ESTOQUES;Não;Não
362000000;PERDAS COM ALIENAÇÃO;Não;Não
362100000;PERDAS COM ALIENAÇÃO DE INVESTIMENTOS;Não;Não
362110000;PERDAS COM ALIENAÇÃO DE INVESTIMENTOS - CONSOLIDAÇÃO;Não;Não
362110100;PERDAS COM ALIENAÇÃO DE PARTICIPAÇÕES PERMANENTES;Não;Não
362110200;"PERDAS COM ALIENAÇÃO DE PROPRIEDADES PARA 
INVESTIMENTO";Não;Não
362110300;"PERDAS COM ALIENAÇÃO DE INVESTIMENTOS DO RPPS DE 
LONGO PRAZO";Não;Não
362110400;"PERDAS COM ALIENAÇÃO DE DEMAIS INVESTIMENTOS 
PERMANENTES";Não;Não
362120000;PERDAS COM ALIENAÇÃO DE INVESTIMENTOS - INTRA OFSS;Não;Não
362130000;PERDAS COM ALIENAÇÃO DE INVESTIMENTOS - INTER OFSS - UNIÃO;Não;Não
362140000;PERDAS COM ALIENAÇÃO DE INVESTIMENTOS - INTER OFSS - ESTADO;Não;Não
362150000;PERDAS COM ALIENAÇÃO DE INVESTIMENTOS - INTER OFSS - MUNICÍPIO;Não;Não
362200000;PERDAS COM ALIENAÇÃO DE IMOBILIZADO;Não;Não
362210000;PERDAS COM ALIENAÇÃO DE IMOBILIZADO - CONSOLIDAÇÃO;Não;Não
362210100;PERDAS COM ALIENAÇÃO DE BENS MOVEIS;Não;Não
362210101;PERDAS COM ALIENAÇÃO DE MÁQUINAS, APARELHOS, EQUIPAMENTOS E FERRAMENTAS;Não;Não
362210102;PERDAS COM ALIENAÇÃO DE BENS DE INFORMÁTICA;Não;Não
362210103;PERDAS COM ALIENAÇÃO DE MÓVEIS E UTENSÍLIOS;Não;Não
362210104;PERDAS COM ALIENAÇÃO DE MATERIAIS CULTURAIS, EDUCACIONAIS E DE COMUNICAÇÃO;Não;Não
362210105;PERDAS COM ALIENAÇÃO DE VEÍCULOS;Não;Não
362210106;PERDAS COM ALIENAÇÃO DE PEÇAS E CONJUNTOS DE REPOSIÇÃO;Não;Não
362210107;PERDAS COM ALIENAÇÃO DE BENS MÓVEIS EM ANDAMENTO;Não;Não
362210108;PERDAS COM ALIENAÇÃO DE BENS MÓVEIS EM ALMOXARIFADO;Não;Não
362210109;PERDAS COM ALIENAÇÃO DE ARMAMENTOS;Não;Não
362210110;PERDAS COM ALIENAÇÃO DE SEMOVENTES;Não;Não
362210199;PERDAS COM ALIENAÇÃO DE DEMAIS BENS MÓVEIS;Não;Não
362210200;PERDAS COM ALIENAÇÃO DE BENS IMÓVEIS;Não;Não
362300000;PERDAS COM ALIENAÇÃO DE INTANGÍVEIS;Não;Não
362310000;PERDAS COM ALIENAÇÃO DE INTANGÍVEIS - CONSOLIDAÇÃO;Não;Não
362310100;PERDAS COM ALIENAÇÃO DE SOFTWARES;Não;Não
362310200;"PERDAS COM ALIENAÇÃO DE MARCAS, DIREITOS E PATENTES 
INDUSTRIAIS";Não;Não
362310300;PERDAS COM ALIENAÇÃO DE DIREITO DE USO DE IMÓVEIS;Não;Não
362319900;PERDAS COM ALIENAÇÃO DE DEMAIS INTANGÍVEIS;Não;Não
362900000;PERDAS COM ALIENAÇÃO DE DEMAIS ATIVOS;Não;Não
362910000;PERDAS COM ALIENAÇÃO DE DEMAIS ATIVOS - CONSOLIDAÇÃO;Não;Não
362920000;PERDAS COM ALIENAÇÃO DE DEMAIS ATIVOS - INTRA OFSS;Não;Não
362930000;PERDAS COM ALIENAÇÃO DE DEMAIS ATIVOS - INTER OFSS - UNIÃO;Não;Não
362940000;PERDAS COM ALIENAÇÃO DE DEMAIS ATIVOS - INTER OFSS - ESTADO;Não;Não
362950000;PERDAS COM ALIENAÇÃO DE DEMAIS ATIVOS - INTER OFSS - MUNICÍPIO;Não;Não
363000000;PERDAS INVOLUNTÁRIAS;Não;Não
363100000;PERDAS INVOLUNTÁRIAS COM IMOBILIZADO;Não;Não
363110000;PERDAS INVOLUNTÁRIAS COM IMOBILIZADO - CONSOLIDAÇÃO;Não;Não
363110100;PERDAS INVOLUNTÁRIAS DE BENS MOVEIS;Não;Não
363110101;PERDAS INVOLUNTÁRIAS DE MÁQUINAS, APARELHOS, EQUIPAMENTOS E FERRAMENTAS;Não;Não
363110102;PERDAS INVOLUNTÁRIAS DE BENS DE INFORMÁTICA;Não;Não
363110103;PERDAS INVOLUNTÁRIAS DE MÓVEIS E UTENSÍLIOS;Não;Não
363110104;PERDAS INVOLUNTÁRIAS DE MATERIAIS CULTURAIS, EDUCACIONAIS E DE COMUNICAÇÃO;Não;Não
363110105;PERDAS INVOLUNTÁRIAS DE VEÍCULOS;Não;Não
363110106;PERDAS INVOLUNTÁRIAS DE PEÇAS E CONJUNTOS DE REPOSIÇÃO;Não;Não
363110107;PERDAS INVOLUNTÁRIAS DE BENS MÓVEIS EM ANDAMENTO;Não;Não
363110108;PERDAS INVOLUNTÁRIAS DE BENS MÓVEIS EM ALMOXARIFADO;Não;Não
363110109;PERDAS INVOLUNTÁRIAS DE ARMAMENTOS;Não;Não
363110110;PERDAS INVOLUNTÁRIAS DE SEMOVENTES;Não;Não
363110199;PERDAS INVOLUNTÁRIAS DE DEMAIS BENS MÓVEIS;Não;Não
363110200;PERDAS INVOLUNTÁRIAS DE BENS IMÓVEIS;Não;Não
363200000;PERDAS INVOLUNTÁRIAS COM INTANGÍVEIS;Não;Não
363210000;PERDAS INVOLUNTÁRIAS COM INTANGÍVEIS - CONSOLIDAÇÃO;Não;Não
363210100;PERDAS INVOLUNTÁRIAS COM SOFTWARES;Não;Não
363210200;"PERDAS INVOLUNTÁRIAS COM MARCAS, DIREITOS E PATENTES 
INDUSTRIAIS";Não;Não
363210300;PERDAS INVOLUNTÁRIAS COM DIREITO DE USO DE IMÓVEIS;Não;Não
363219900;PERDAS INVOLUNTÁRIAS COM DEMAIS INTANGÍVEIS;Não;Não
363300000;PERDAS INVOLUNTÁRIAS COM ESTOQUES;Não;Não
363310000;PERDAS INVOLUNTÁRIAS COM ESTOQUES - CONSOLIDAÇÃO;Não;Não
363310100;PERDAS INVOLUNTÁRIAS COM MERCADORIAS PARA REVENDA;Não;Não
363310200;PERDAS INVOLUNTÁRIAS COM PRODUTOS E SERVIÇOS ACABADOS;Não;Não
363310300;"PERDAS INVOLUNTÁRIAS COM PRODUTOS E SERVIÇOS EM 
ELABORAÇÃO";Não;Não
363310400;PERDAS INVOLUNTÁRIAS COM MATÉRIAS-PRIMAS;Não;Não
363310500;PERDAS INVOLUNTÁRIAS COM MATERIAIS EM TRÂNSITO;Não;Não
363310600;PERDAS INVOLUNTÁRIAS COM ALMOXARIFADO;Não;Não
363310700;"PERDAS INVOLUNTÁRIAS COM ADIANTAMENTOS A 
FORNECEDORES";Não;Não
363319900;PERDAS INVOLUNTÁRIAS COM OUTROS ESTOQUES;Não;Não
363900000;OUTRAS PERDAS INVOLUNTÁRIAS;Não;Não
363910000;OUTRAS PERDAS INVOLUNTÁRIAS - CONSOLIDAÇÃO;Não;Não
364000000;INCORPORAÇÃO DE PASSIVOS;Não;Não
364100000;INCORPORAÇÃO DE PASSIVOS;Não;Não
364110000;INCORPORAÇÃO DE PASSIVOS - CONSOLIDAÇÃO;Não;Não
364120000;INCORPORAÇÃO DE PASSIVOS - INTRA OFSS;Não;Não
364130000;INCORPORAÇÃO DE PASSIVOS - INTER OFSS - UNIÃO;Não;Não
364140000;INCORPORAÇÃO DE PASSIVOS - INTER OFSS - ESTADO;Não;Não
364150000;INCORPORAÇÃO DE PASSIVOS - INTER OFSS - MUNICÍPIO;Não;Não
365000000;DESINCORPORAÇÃO DE ATIVOS;Não;Não
365100000;DESINCORPORAÇÃO DE ATIVOS;Não;Não
365110000;DESINCORPORAÇÃO DE ATIVOS - CONSOLIDAÇÃO;Não;Não
365110100;DESINCORPORAÇÃO DE DÍVIDA ATIVA TRIBUTÁRIA;Não;Não
365110200;DESINCORPORAÇÃO DE DÍVIDA ATIVA NÃO TRIBUTÁRIA;Não;Não
365110300;DESINCORPORAÇÃO DE CRÉDITOS A RECEBER;Não;Não
365110400;DESINCORPORAÇÃO DE INVESTIMENTOS E APLICAÇÕES TEMPORÁRIAS;Não;Não
365110500;DESINCORPORAÇÃO DE ESTOQUES;Não;Não
365110600;DESINCORPORAÇÃO DE INVESTIMENTOS PERMANENTES;Não;Não
365110700;DESINCORPORAÇÃO DE IMOBILIZADO;Não;Não
365110800;DESINCORPORAÇÃO DE INTANGÍVEL;Não;Não
365119900;OUTRAS DESINCORPORAÇÕES DE ATIVOS;Não;Não
365120000;DESINCORPORAÇÃO DE ATIVOS - INTRA OFSS;Não;Não
365130000;DESINCORPORAÇÃO DE ATIVOS - INTER OFSS - UNIÃO;Não;Não
365140000;DESINCORPORAÇÃO DE ATIVOS - INTER OFSS - ESTADO;Não;Não
365150000;DESINCORPORAÇÃO DE ATIVOS - INTER OFSS - MUNICÍPIO;Não;Não
370000000;TRIBUTÁRIAS;Não;Não
371000000;IMPOSTOS, TAXAS E CONTRIBUIÇÕES DE MELHORIA;Não;Não
371100000;IMPOSTOS;Não;Não
371110000;IMPOSTOS- CONSOLIDAÇÃO;Não;Não
371110100;IMPOSTO SOBRE A RENDA E PROVENTOS DE QUALQUER NATUREZA;Não;Não
371110200;IPVA;Não;Não
371110300;ITCMD;Não;Não
371110400;ICMS;Não;Não
371110500;IPTU;Não;Não
371110600;ITBI;Não;Não
371110700;ISS;Não;Não
371110800;ITR;Não;Não
371110900;IMPOSTO S/ PRODUTOS INDUSTRIALIZADOS - IPI;Não;Não
371111000;IMPOSTO S/ OPERAÇÕES FINANCEIRAS - IOF;Não;Não
371111100;IMPOSTO S/ IMPORTAÇÃO - II;Não;Não
371119900;OUTROS IMPOSTOS;Não;Não
371120000;IMPOSTOS- INTRA OFSS;Não;Não
371130000;IMPOSTOS- INTER OFSS - UNIÃO;Não;Não
371140000;IMPOSTOS- INTER OFSS - ESTADO;Não;Não
371150000;IMPOSTOS- INTER OFSS - MUNICÍPIO;Não;Não
371200000;TAXAS;Não;Não
371210000;TAXAS - CONSOLIDAÇÃO;Não;Não
371210100;TAXAS PELO EXERCÍCIO DO PODER DE POLÍCIA;Não;Não
371210200;TAXAS PELA PRESTAÇÃO DE SERVIÇOS;Não;Não
371219900;OUTRAS TAXAS;Não;Não
371220000;TAXAS - INTRA OFSS;Não;Não
371230000;TAXAS - INTER OFSS - UNIÃO;Não;Não
371240000;TAXAS - INTER OFSS - ESTADO;Não;Não
371250000;TAXAS - INTER OFSS - MUNICÍPIO;Não;Não
371300000;CONTRIBUIÇÕES DE MELHORIA;Não;Não
371310000;CONTRIBUIÇÕES DE MELHORIA - CONSOLIDAÇÃO;Não;Não
371310100;CONTRIBUIÇÕES DE MELHORIA;Não;Não
371320000;CONTRIBUIÇÕES DE MELHORIA - INTRA OFSS;Não;Não
371330000;CONTRIBUIÇÕES DE MELHORIA - INTER OFSS - UNIÃO;Não;Não
371340000;CONTRIBUIÇÕES DE MELHORIA - INTER OFSS - ESTADO;Não;Não
371350000;CONTRIBUIÇÕES DE MELHORIA - INTER OFSS - MUNICÍPIO;Não;Não
372000000;CONTRIBUIÇÕES;Não;Não
372100000;CONTRIBUIÇÕES SOCIAIS;Não;Não
372110000;CONTRIBUIÇÕES SOCIAIS - CONSOLIDAÇÃO;Não;Não
372110100;CONTRIBUIÇÃO PARA FINANCIAMENTO DA SEGURIDADE SOCIAL - COFINS -;Não;Não
372110200;PIS/PASEP;Não;Não
372110300;CONTRIBUIÇÃO SOCIAL S/ LUCRO LIQUIDO - CSLL -;Não;Não
372110400;OBRIGAÇÕES PATRONAIS S/ SERVIÇOS DE PESSOA FISICA;Não;Não
372110500;OBRIGAÇÕES PATRONAIS SOBRE SERVIÇOS DE PESSOA JURIDICA;Não;Não
372119900;OUTRAS CONTRIBUIÇÕES SOCIAIS;Não;Não
372120000;CONTRIBUIÇÕES SOCIAIS - INTRA OFSS;Não;Não
372130000;CONTRIBUIÇÕES SOCIAIS - INTER OFSS - UNIÃO;Não;Não
372130100;CONTRIBUIÇÃO PARA FINANCIAMENTO DA SEGURIDADE SOCIAL - COFINS -;Não;Não
372130200;PIS/PASEP;Não;Não
372130300;CONTRIBUIÇÃO SOCIAL S/ LUCRO LIQUIDO - CSLL -;Não;Não
372130400;OBRIGAÇÕES PATRONAIS S/ SERVIÇOS DE PESSOA FISICA;Não;Não
372130500;OBRIGAÇÕES PATRONAIS SOBRE SERVIÇOS DE PESSOA JURIDICA;Não;Não
372139900;OUTRAS CONTRIBUIÇÕES SOCIAIS;Não;Não
372140000;CONTRIBUIÇÕES SOCIAIS - INTER OFSS - ESTADO;Não;Não
372150000;CONTRIBUIÇÕES SOCIAIS - INTER OFSS - MUNICÍPIO;Não;Não
372200000;CONTRIBUIÇÕES DE INTERVENÇÃO NO DOMÍNIO ECONÔMICO;Não;Não
372210000;CONTRIBUIÇÕES DE INTERVENÇÃO NO DOMÍNIO ECONÔMICO - CONSOLIDAÇÃO;Não;Não
372220000;CONTRIBUIÇÕES DE INTERVENÇÃO NO DOMÍNIO ECONÔMICO - INTRA OFSS;Não;Não
372230000;CONTRIBUIÇÕES DE INTERVENÇÃO NO DOMÍNIO ECONÔMICO - INTER OFSS - UNIÃO;Não;Não
372240000;CONTRIBUIÇÕES DE INTERVENÇÃO NO DOMÍNIO ECONÔMICO - INTER OFSS - ESTADO;Não;Não
372250000;CONTRIBUIÇÕES DE INTERVENÇÃO NO DOMÍNIO ECONÔMICO - INTER OFSS - MUNICÍPIO;Não;Não
372300000;CONTRIBUIÇÃO PARA O CUSTEIO DO SERVIÇO DE ILUMINAÇÃO PÚBLICA - COSIP;Não;Não
372310000;CONTRIBUIÇÃO PARA O CUSTEIO DO SERVIÇO DE ILUMINAÇÃO PÚBLICA - COSIP - CONSOLIDAÇÃO;Não;Não
372320000;CONTRIBUIÇÃO PARA O CUSTEIO DO SERVIÇO DE ILUMINAÇÃO PÚBLICA - COSIP - INTRA OFSS;Não;Não
372330000;CONTRIBUIÇÃO PARA O CUSTEIO DO SERVIÇO DE ILUMINAÇÃO PÚBLICA - COSIP - INTER OFSS - UNIÃO;Não;Não
372340000;CONTRIBUIÇÃO PARA O CUSTEIO DO SERVIÇO DE ILUMINAÇÃO PÚBLICA - COSIP - INTER OFSS - ESTADO;Não;Não
372350000;CONTRIBUIÇÃO PARA O CUSTEIO DO SERVIÇO DE ILUMINAÇÃO PÚBLICA - COSIP - INTER OFSS - MUNICÍPIO;Não;Não
372900000;OUTRAS CONTRIBUIÇÕES;Não;Não
372910000;OUTRAS CONTRIBUIÇÕES - CONSOLIDAÇÃO;Não;Não
372910100;CONTRIBUIÇÃO SINDICAL;Não;Não
372919900;DEMAIS CONTRIBUIÇÕES;Não;Não
372920000;OUTRAS CONTRIBUIÇÕES - INTRA OFSS;Não;Não
372930000;OUTRAS CONTRIBUIÇÕES - INTER OFSS - UNIÃO;Não;Não
372940000;OUTRAS CONTRIBUIÇÕES - INTER OFSS - ESTADO;Não;Não
372950000;OUTRAS CONTRIBUIÇÕES - INTER OFSS - MUNICÍPIO;Não;Não
380000000;CUSTO DAS MERCADORIAS VENDIDAS, DOS PRODUTOS VENDIDOS E DOS SERVIÇOS PRESTADOS;Não;Não
381000000;CUSTO DAS MERCADORIAS VENDIDAS - CMV;Não;Não
381100000;CUSTO DAS MERCADORIAS VENDIDAS - CMV;Não;Não
381110000;CMV - CONSOLIDAÇÃO;Não;Não
381120000;CMV - INTRA OFSS;Não;Não
381130000;CMV - INTER OFSS - UNIÃO;Não;Não
381140000;CMV - INTER OFSS - ESTADO;Não;Não
381150000;CMV - INTER OFSS - MUNICÍPIO;Não;Não
382000000;CUSTO DOS PRODUTOS VENDIDOS - CPV;Não;Não
382100000;CUSTO DOS PRODUTOS VENDIDOS - CPV;Não;Não
382110000;CPV - CONSOLIDAÇÃO;Não;Não
382120000;CPV - INTRA OFSS;Não;Não
382130000;CPV - INTER OFSS - UNIÃO;Não;Não
382140000;CPV - INTER OFSS - ESTADO;Não;Não
382150000;CPV - INTER OFSS - MUNICÍPIO;Não;Não
383000000;CUSTO DOS SERVIÇOS PRESTADOS - CSP;Não;Não
383100000;CUSTO DOS SERVIÇOS PRESTADOS - CSP;Não;Não
383110000;CSP - CONSOLIDAÇÃO;Não;Não
383120000;CSP - INTRA OFSS;Não;Não
383130000;CSP - INTER OFSS - UNIÃO;Não;Não
383140000;CSP - INTER OFSS - ESTADO;Não;Não
383150000;CSP - INTER OFSS - MUNICÍPIO;Não;Não
390000000;OUTRAS VARIAÇÕES PATRIMONIAIS DIMINUTIVAS;Não;Não
391000000;PREMIAÇÕES;Não;Não
391100000;PREMIAÇÕES CULTURAIS;Não;Não
391110000;PREMIAÇÕES CULTURAIS - CONSOLIDAÇÃO;Não;Não
391120000;PREMIAÇÕES CULTURAIS - INTRA OFSS;Não;Não
391130000;PREMIAÇÕES CULTURAIS - INTER OFSS - UNIÃO;Não;Não
391140000;PREMIAÇÕES CULTURAIS - INTER OFSS - ESTADO;Não;Não
391150000;PREMIAÇÕES CULTURAIS - INTER OFSS - MUNICÍPIO;Não;Não
391200000;PREMIAÇÕES ARTÍSTICAS;Não;Não
391210000;PREMIAÇÕES ARTÍSTICAS - CONSOLIDAÇÃO;Não;Não
391220000;PREMIAÇÕES ARTÍSTICAS - INTRA OFSS;Não;Não
391230000;PREMIAÇÕES ARTÍSTICAS - INTER OFSS - UNIÃO;Não;Não
391240000;PREMIAÇÕES ARTÍSTICAS - INTER OFSS - ESTADO;Não;Não
391250000;PREMIAÇÕES ARTÍSTICAS - INTER OFSS - MUNICÍPIO;Não;Não
391300000;PREMIAÇÕES CIENTIFICAS;Não;Não
391310000;PREMIAÇÕES CIENTIFICAS - CONSOLIDAÇÃO;Não;Não
391320000;PREMIAÇÕES CIENTIFICAS - INTRA OFSS;Não;Não
391330000;PREMIAÇÕES CIENTIFICAS - INTER OFSS - UNIÃO;Não;Não
391340000;PREMIAÇÕES CIENTIFICAS - INTER OFSS - ESTADO;Não;Não
391350000;PREMIAÇÕES CIENTIFICAS - INTER OFSS - MUNICÍPIO;Não;Não
391400000;PREMIAÇÕES DESPORTIVAS;Não;Não
391410000;PREMIAÇÕES DESPORTIVAS - CONSOLIDAÇÃO;Não;Não
391420000;PREMIAÇÕES DESPORTIVAS - INTRA OFSS;Não;Não
391430000;PREMIAÇÕES DESPORTIVAS - INTER OFSS - UNIÃO;Não;Não
391440000;PREMIAÇÕES DESPORTIVAS - INTER OFSS - ESTADO;Não;Não
391450000;PREMIAÇÕES DESPORTIVAS - INTER OFSS - MUNICÍPIO;Não;Não
391500000;ORDENS HONORIFICAS;Não;Não
391510000;ORDENS HONORIFICAS - CONSOLIDAÇÃO;Não;Não
391520000;ORDENS HONORIFICAS - INTRA OFSS;Não;Não
391530000;ORDENS HONORIFICAS - INTER OFSS - UNIÃO;Não;Não
391540000;ORDENS HONORIFICAS - INTER OFSS - ESTADO;Não;Não
391550000;ORDENS HONORIFICAS - INTER OFSS - MUNICÍPIO;Não;Não
391900000;OUTRAS PREMIAÇÕES;Não;Não
391910000;OUTRAS PREMIAÇÕES - CONSOLIDAÇÃO;Não;Não
391920000;OUTRAS PREMIAÇÕES - INTRA OFSS;Não;Não
391930000;OUTRAS PREMIAÇÕES - INTER OFSS - UNIÃO;Não;Não
391940000;OUTRAS PREMIAÇÕES - INTER OFSS - ESTADO;Não;Não
391950000;OUTRAS PREMIAÇÕES - INTER OFSS - MUNICÍPIO;Não;Não
392000000;RESULTADO NEGATIVO DE PARTICIPAÇÕES;Não;Não
392100000;RESULTADO NEGATIVO DE EQUIVALÊNCIA PATRIMONIAL;Não;Não
392110000;RESULTADO NEGATIVO DE EQUIVALÊNCIA PATRIMONIAL - CONSOLIDAÇÃO;Não;Não
392120000;RESULTADO NEGATIVO DE EQUIVALÊNCIA PATRIMONIAL - INTRA OFSS;Não;Não
392130000;RESULTADO NEGATIVO DE EQUIVALÊNCIA PATRIMONIAL - INTER OFSS - UNIÃO;Não;Não
392140000;RESULTADO NEGATIVO DE EQUIVALÊNCIA PATRIMONIAL - INTER OFSS - ESTADO;Não;Não
392150000;RESULTADO NEGATIVO DE EQUIVALÊNCIA PATRIMONIAL - INTER OFSS - MUNICÍPIO;Não;Não
393000000;OPERAÇÕES DA AUTORIDADE MONETÁRIA;Não;Não
393100000;JUROS;Não;Não
393110000;JUROS - CONSOLIDAÇÃO;Não;Não
393200000;POSIÇÃO DE NEGOCIAÇÃO;Não;Não
393210000;POSIÇÃO DE NEGOCIAÇÃO - CONSOLIDAÇÃO;Não;Não
393300000;POSIÇÃO DE INVESTIMENTOS;Não;Não
393310000;POSIÇÃO DE INVESTIMENTOS - CONSOLIDAÇÃO;Não;Não
393400000;CORREÇÃO CAMBIAL;Não;Não
393410000;CORREÇÃO CAMBIAL - CONSOLIDAÇÃO;Não;Não
393900000;OUTRAS VPD DE OPERAÇÕES DA AUTORIDADE MONETÁRIA;Não;Não
393910000;OUTRAS VPD DE OPERAÇÕES DA AUTORIDADE MONETÁRIA - CONSOLIDAÇÃO;Não;Não
394000000;INCENTIVOS;Não;Não
394100000;INCENTIVOS A EDUCAÇÃO;Não;Não
394110000;INCENTIVOS A EDUCAÇÃO - CONSOLIDAÇÃO;Não;Não
394110100;BOLSA DE ESTUDOS NO PAÍS;Não;Não
394110200;BOLSA DE ESTUDOS NO EXTERIOR;Não;Não
394110300;AUXÍLIOS PARA DESENV. DE ESTUDOS E PESQUISAS;Não;Não
394119900;OUTROS INCENTIVOS A EDUCAÇÃO;Não;Não
394200000;INCENTIVOS A CIÊNCIA;Não;Não
394210000;INCENTIVOS A CIÊNCIA - CONSOLIDAÇÃO;Não;Não
394210100;AUXÍLIO A PESQUISADORES;Não;Não
394210200;AUXÍLIO AS ATIVIDADES AUXILIARES DE PESQUISA;Não;Não
394219900;OUTROS INCENTIVOS A CIÊNCIA;Não;Não
394300000;INCENTIVOS A CULTURA;Não;Não
394310000;INCENTIVOS A CULTURA - CONSOLIDAÇÃO;Não;Não
394310100;INCENTIVOS A CULTURA - PESSOAS FÍSICAS;Não;Não
394319900;OUTROS INCENTIVOS A CULTURA;Não;Não
394320000;INCENTIVOS A CULTURA - INTRA OFSS;Não;Não
394330000;INCENTIVOS A CULTURA - INTER OFSS - UNIÃO;Não;Não
394340000;INCENTIVOS A CULTURA - INTER OFSS - ESTADO;Não;Não
394350000;INCENTIVOS A CULTURA - INTER OFSS - MUNICÍPIO;Não;Não
394400000;INCENTIVOS AO ESPORTE;Não;Não
394410000;INCENTIVOS AO ESPORTE - CONSOLIDAÇÃO;Não;Não
394410100;INCENTIVOS AO ESPORTE - PESSOAS FÍSICAS;Não;Não
394419900;OUTROS INCENTIVOS AO ESPORTE;Não;Não
394420000;INCENTIVOS AO ESPORTE - INTRA OFSS;Não;Não
394430000;INCENTIVOS AO ESPORTE - INTER OFSS - UNIÃO;Não;Não
394440000;INCENTIVOS AO ESPORTE - INTER OFSS - ESTADO;Não;Não
394450000;INCENTIVOS AO ESPORTE - INTER OFSS - MUNICÍPIO;Não;Não
394900000;OUTROS INCENTIVOS;Não;Não
394910000;OUTROS INCENTIVOS - CONSOLIDAÇÃO;Não;Não
394920000;OUTROS INCENTIVOS - INTRA OFSS;Não;Não
394930000;OUTROS INCENTIVOS - INTER OFSS - UNIÃO;Não;Não
394940000;OUTROS INCENTIVOS - INTER OFSS - ESTADO;Não;Não
394950000;OUTROS INCENTIVOS - INTER OFSS - MUNICÍPIO;Não;Não
395000000;SUBVENÇÕES ECONÔMICAS;Não;Não
395100000;SUBVENÇÕES ECONÔMICAS;Não;Não
395110000;SUBVENÇÕES ECONÔMICAS - CONSOLIDAÇÃO;Não;Não
395110100;CORREÇÃO MONETÁRIA;Não;Não
395110200;DIFERENCIAL DE JUROS;Não;Não
395110300;PROGRAMA DE INVESTIMENTO RURAL AGROINDUSTRIAL;Não;Não
395110400;GARANTIA E SUSTENTAÇÃO DE PREÇOS;Não;Não
395110500;CUSTOS ADMINISTRATIVOS;Não;Não
395110600;CUSTEIO AGROPECUÁRIO;Não;Não
395110700;SUBVENÇÃO ECONOMICA AO PREMIO DE SEGURO GARANTIA;Não;Não
395110800;AQUISIÇÃO E PRODUÇÃO DE BENS DE CAPITAL;Não;Não
395119900;OUTRAS SUBVENÇÕES ECONÔMICAS;Não;Não
395120000;SUBVENÇÕES ECONÔMICAS - INTRA OFSS;Não;Não
395130000;SUBVENÇÕES ECONÔMICAS - INTER OFSS - UNIÃO;Não;Não
395140000;SUBVENÇÕES ECONÔMICAS - INTER OFSS - ESTADO;Não;Não
395150000;SUBVENÇÕES ECONÔMICAS - INTER OFSS - MUNICÍPIO;Não;Não
396000000;PARTICIPAÇÕES E CONTRIBUIÇÕES;Não;Não
396100000;PARTICIPAÇÕES DE DEBÊNTURES;Não;Não
396110000;PARTICIPAÇÕES DE DEBÊNTURES - CONSOLIDAÇÃO;Não;Não
396120000;PARTICIPAÇÕES DE DEBÊNTURES - INTRA OFSS;Não;Não
396130000;PARTICIPAÇÕES DE DEBÊNTURES - INTER OFSS - UNIÃO;Não;Não
396140000;PARTICIPAÇÕES DE DEBÊNTURES - INTER OFSS - ESTADO;Não;Não
396150000;PARTICIPAÇÕES DE DEBÊNTURES - INTER OFSS - MUNICÍPIO;Não;Não
396200000;PARTICIPAÇÕES DE EMPREGADOS;Não;Não
396210000;PARTICIPAÇÕES DE EMPREGADOS - CONSOLIDAÇÃO;Não;Não
396300000;PARTICIPAÇÕES DE ADMINISTRADORES;Não;Não
396310000;PARTICIPAÇÕES DE ADMINISTRADORES - CONSOLIDAÇÃO;Não;Não
396400000;PARTICIPAÇÕES DE PARTES BENEFICIARIAS;Não;Não
396410000;PARTICIPAÇÕES DE PARTES BENEFICIARIAS - CONSOLIDAÇÃO;Não;Não
396420000;PARTICIPAÇÕES DE PARTES BENEFICIARIAS - INTRA OFSS;Não;Não
396430000;PARTICIPAÇÕES DE PARTES BENEFICIARIAS - INTER OFSS - UNIÃO;Não;Não
396440000;PARTICIPAÇÕES DE PARTES BENEFICIARIAS - INTER OFSS - ESTADO;Não;Não
396450000;PARTICIPAÇÕES DE PARTES BENEFICIARIAS - INTER OFSS - MUNICÍPIO;Não;Não
396500000;PARTICIPAÇÕES DE INSTITUIÇÕES OU FUNDOS DE ASSISTÊNCIA OU PREVIDÊNCIA DE EMPREGADOS;Não;Não
396510000;PARTICIPAÇÕES DE INSTITUIÇÕES OU FUNDOS DE ASSISTÊNCIA OU PREVIDÊNCIA DE EMPREGADOS - CONSOLIDAÇÃO;Não;Não
396520000;PARTICIPAÇÕES DE INSTITUIÇÕES OU FUNDOS DE ASSISTÊNCIA OU PREVIDÊNCIA DE EMPREGADOS - INTRA OFSS;Não;Não
396530000;PARTICIPAÇÕES DE INSTITUIÇÕES OU FUNDOS DE ASSISTÊNCIA OU PREVIDÊNCIA DE EMPREGADOS - INTER OFSS - UNIÃO;Não;Não
396540000;PARTICIPAÇÕES DE INSTITUIÇÕES OU FUNDOS DE ASSISTÊNCIA OU PREVIDÊNCIA DE EMPREGADOS - INTER OFSS - ESTADO;Não;Não
396550000;PARTICIPAÇÕES DE INSTITUIÇÕES OU FUNDOS DE ASSISTÊNCIA OU PREVIDÊNCIA DE EMPREGADOS - INTER OFSS - MUNICÍPIO;Não;Não
397000000;VPD DE CONSTITUIÇÃO DE PROVISÕES;Não;Não
397100000;VPD DE PROVISÃO PARA RISCOS TRABALHISTAS;Não;Não
397110000;VPD DE PROVISÃO PARA RISCOS TRABALHISTAS - CONSOLIDAÇÃO;Não;Não
397120000;VPD DE PROVISÃO PARA RISCOS TRABALHISTAS - INTRA OFSS;Não;Não
397130000;VPD DE PROVISÃO PARA RISCOS TRABALHISTAS - INTER OFSS - UNIÃO;Não;Não
397140000;VPD DE PROVISÃO PARA RISCOS TRABALHISTAS - INTER OFSS - ESTADO;Não;Não
397150000;VPD DE PROVISÃO PARA RISCOS TRABALHISTAS - INTER OFSS - MUNICÍPIO;Não;Não
397200000; VPD DE PROVISÕES MATEMÁTICAS PREVIDÊNCIÁRIAS A LONGO PRAZO;Não;Não
397210000; VPD DE PROVISÕES MATEMÁTICAS PREVIDÊNCIÁRIAS A LONGO PRAZO - CONSOLIDAÇÃO;Não;Não
397220000; VPD DE PROVISÕES MATEMÁTICAS PREVIDÊNCIÁRIAS A LONGO PRAZO - INTRA OFSS;Não;Não
397230000; VPD DE PROVISÕES MATEMÁTICAS PREVIDÊNCIÁRIAS A LONGO PRAZO - INTER OFSS - UNIÃO;Não;Não
397240000; VPD DE PROVISÕES MATEMÁTICAS PREVIDÊNCIÁRIAS A LONGO PRAZO - INTER OFSS - ESTADO;Não;Não
397250000; VPD DE PROVISÕES MATEMÁTICAS PREVIDÊNCIÁRIAS A LONGO PRAZO - INTER OFSS - MUNICÍPIO;Não;Não
397300000;VPD DE PROVISÕES PARA RISCOS FISCAIS;Não;Não
397310000;VPD DE PROVISÕES PARA RISCOS FISCAIS - CONSOLIDAÇÃO;Não;Não
397320000;VPD DE PROVISÕES PARA RISCOS FISCAIS - INTRA OFSS;Não;Não
397330000;VPD DE PROVISÕES PARA RISCOS FISCAIS - INTER OFSS - UNIÃO;Não;Não
397340000;VPD DE PROVISÕES PARA RISCOS FISCAIS - INTER OFSS - ESTADO;Não;Não
397350000;VPD DE PROVISÕES PARA RISCOS FISCAIS - INTER OFSS - MUNICÍPIO;Não;Não
397400000;VPD DE PROVISÃO PARA RISCOS CÍVEIS;Não;Não
397410000;VPD DE PROVISÃO PARA RISCOS CÍVEIS - CONSOLIDAÇÃO;Não;Não
397420000;VPD DE PROVISÃO PARA RISCOS CÍVEIS - INTRA OFSS;Não;Não
397430000;VPD DE PROVISÃO PARA RISCOS CÍVEIS - INTER OFSS - UNIÃO;Não;Não
397440000;VPD DE PROVISÃO PARA RISCOS CÍVEIS - INTER OFSS - ESTADO;Não;Não
397450000;VPD DE PROVISÃO PARA RISCOS CÍVEIS - INTER OFSS - MUNICÍPIO;Não;Não
397500000;VPD DE PROVISÃO PARA REPARTIÇÃO DE CRÉDITOS;Não;Não
397530000;VPD DE PROVISÃO PARA REPARTIÇÃO DE CRÉDITOS - INTER OFSS - UNIÃO;Não;Não
397540000;VPD DE PROVISÃO PARA REPARTIÇÃO DE CRÉDITOS - INTER OFSS - ESTADO;Não;Não
397550000;VPD DE PROVISÃO PARA REPARTIÇÃO DE CRÉDITOS - INTER OFSS - MUNICÍPIO;Não;Não
397600000;VPD DE PROVISÃO PARA RISCOS DECORRENTES DE CONTRATOS DE PPP;Não;Não
397610000;VPD DE PROVISÃO PARA RISCOS DECORRENTES DE CONTRATOS DE PPP - CONSOLIDAÇÃO;Não;Não
397700000;VPD DE PROVISÃO PARA OBRIGAÇÕES DECORRENTES DA ATUAÇÃO GOVERNAMENTAL;Não;Não
397710000;VPD DE PROVISÃO PARA OBRIGAÇÕES DECORRENTES DA ATUAÇÃO GOVERNAMENTAL - CONSOLIDAÇÃO;Não;Não
397720000;VPD DE PROVISÃO PARA OBRIGAÇÕES DECORRENTES DA ATUAÇÃO GOVERNAMENTAL - INTRA OFSS;Não;Não
397730000;VPD DE PROVISÃO PARA OBRIGAÇÕES DECORRENTES DA ATUAÇÃO GOVERNAMENTAL - INTER OFSS - UNIÃO;Não;Não
397740000;VPD DE PROVISÃO PARA OBRIGAÇÕES DECORRENTES DA ATUAÇÃO GOVERNAMENTAL - INTER OFSS - ESTADO;Não;Não
397750000;VPD DE PROVISÃO PARA OBRIGAÇÕES DECORRENTES DA ATUAÇÃO GOVERNAMENTAL - INTER OFSS - MUNICÍPIO;Não;Não
397900000;VPD DE OUTRAS PROVISÕES;Não;Não
397910000;VPD DE OUTRAS PROVISÕES - CONSOLIDAÇÃO;Não;Não
397920000;VPD DE OUTRAS PROVISÕES - INTRA OFSS;Não;Não
397930000;VPD DE OUTRAS PROVISÕES - INTER OFSS - UNIÃO;Não;Não
397940000;VPD DE OUTRAS PROVISÕES - INTER OFSS - ESTADO;Não;Não
397950000;VPD DE OUTRAS PROVISÕES - INTER OFSS - MUNICÍPIO;Não;Não
399000000;DIVERSAS VARIAÇÕES PATRIMONIAIS DIMINUTIVAS;Não;Não
399100000;COMPENSAÇÃO FINANCEIRA ENTRE RGPS/RPPS;Não;Não
399120000;COMPENSAÇÃO FINANCEIRA ENTRE RGPS/RPPS - INTRA OFSS;Não;Não
399130000;COMPENSAÇÃO FINANCEIRA ENTRE RGPS/RPPS - INTER OFSS - UNIÃO;Não;Não
399140000;COMPENSAÇÃO FINANCEIRA ENTRE RGPS/RPPS - INTER OFSS - ESTADO;Não;Não
399150000;COMPENSAÇÃO FINANCEIRA ENTRE RGPS/RPPS - INTER OFSS - MUNICÍPIO;Não;Não
399200000;COMPENSAÇÃO FINANCEIRA ENTRE REGIMES PRÓPRIOS;Não;Não
399230000;COMPENSAÇÃO FINANCEIRA ENTRE REGIMES PRÓPRIOS - INTER OFSS - UNIÃO;Não;Não
399240000;COMPENSAÇÃO FINANCEIRA ENTRE REGIMES PRÓPRIOS - INTER OFSS - ESTADO;Não;Não
399250000;COMPENSAÇÃO FINANCEIRA ENTRE REGIMES PRÓPRIOS - INTER OFSS - MUNICÍPIO;Não;Não
399300000;VARIAÇÃO PATRIMONIAL DIMINUTIVA COM BONIFICAÇÕES;Não;Não
399310000;VARIAÇÃO PATRIMONIAL DIMINUTIVA COM BONIFICAÇÕES - CONSOLIDAÇÃO;Não;Não
399320000;VARIAÇÃO PATRIMONIAL DIMINUTIVA COM BONIFICAÇÕES - INTRA OFSS;Não;Não
399330000;VARIAÇÃO PATRIMONIAL DIMINUTIVA COM BONIFICAÇÕES - INTER OFSS - UNIÃO;Não;Não
399340000;VARIAÇÃO PATRIMONIAL DIMINUTIVA COM BONIFICAÇÕES - INTER OFSS - ESTADO;Não;Não
399350000;VARIAÇÃO PATRIMONIAL DIMINUTIVA COM BONIFICAÇÕES - INTER OFSS - MUNICÍPIO;Não;Não
399400000;AMORTIZAÇÃO DE ÁGIO EM INVESTIMENTOS;Não;Não
399410000;AMORTIZAÇÃO DE ÁGIO EM INVESTIMENTOS - CONSOLIDAÇÃO;Não;Não
399420000;AMORTIZAÇÃO DE ÁGIO EM INVESTIMENTOS - INTRA OFSS;Não;Não
399430000;AMORTIZAÇÃO DE ÁGIO EM INVESTIMENTOS - INTER OFSS - UNIÃO;Não;Não
399440000;AMORTIZAÇÃO DE ÁGIO EM INVESTIMENTOS - INTER OFSS - ESTADO;Não;Não
399450000;AMORTIZAÇÃO DE ÁGIO EM INVESTIMENTOS - INTER OFSS - MUNICÍPIO;Não;Não
399500000;MULTAS ADMINISTRATIVAS;Não;Não
399510000;MULTAS ADMINISTRATIVAS - CONSOLIDAÇÃO;Não;Não
399520000;MULTAS ADMINISTRATIVAS - INTRA OFSS;Não;Não
399530000;MULTAS ADMINISTRATIVAS - INTER OFSS - UNIÃO;Não;Não
399540000;MULTAS ADMINISTRATIVAS - INTER OFSS - ESTADO;Não;Não
399550000;MULTAS ADMINISTRATIVAS - INTER OFSS - MUNICÍPIO;Não;Não
399600000;INDENIZAÇÕES, RESTITUIÇÕES E RESSARCIMENTOS;Não;Não
399610000;INDENIZAÇÕES, RESTITUIÇÕES E RESSARCIMENTOS - CONSOLIDAÇÃO;Não;Não
399620000;INDENIZAÇÕES, RESTITUIÇÕES E RESSARCIMENTOS - INTRA OFSS;Não;Não
399630000;INDENIZAÇÕES, RESTITUIÇÕES E RESSARCIMENTOS - INTER OFSS - UNIÃO;Não;Não
399640000;INDENIZAÇÕES, RESTITUIÇÕES E RESSARCIMENTOS - INTER OFSS - ESTADO;Não;Não
399650000;INDENIZAÇÕES, RESTITUIÇÕES E RESSARCIMENTOS - INTER OFSS - MUNICÍPIO;Não;Não
399700000;COMPENSAÇÕES AO RGPS;Não;Não
399710000;COMPENSAÇÕES AO RGPS - CONSOLIDAÇÃO;Não;Não
399720000;COMPENSAÇÕES AO RGPS - INTRA OFSS;Não;Não
399730000;COMPENSAÇÕES AO RGPS - INTER OFSS - UNIÃO;Não;Não
399900000;VARIAÇÕES PATRIMONIAIS DIMINUTIVAS DECORRENTES DE FATOS GERADORES DIVERSOS;Não;Não
399910000;VARIAÇÕES PATRIMONIAIS DIMINUTIVAS DECORRENTES DE FATOS GERADORES DIVERSOS - CONSOLIDAÇÃO;Não;Não
399920000;VARIAÇÕES PATRIMONIAIS DIMINUTIVAS DECORRENTES DE FATOS GERADORES DIVERSOS - INTRA OFSS;Não;Não
399930000;VARIAÇÕES PATRIMONIAIS DIMINUTIVAS DECORRENTES DE FATOS GERADORES DIVERSOS - INTER OFSS - UNIÃO;Não;Não
399940000;VARIAÇÕES PATRIMONIAIS DIMINUTIVAS DECORRENTES DE FATOS GERADORES DIVERSOS - INTER OFSS - ESTADO;Não;Não
399950000;VARIAÇÕES PATRIMONIAIS DIMINUTIVAS DECORRENTES DE FATOS GERADORES DIVERSOS - INTER OFSS - MUNICÍPIO;Não;Não
400000000;VARIAÇÃO PATRIMONIAL AUMENTATIVA;Não;Não
410000000;IMPOSTOS, TAXAS E CONTRIBUIÇÕES DE MELHORIA;Não;Não
411000000;IMPOSTOS;Não;Não
411100000;IMPOSTOS SOBRE COMERCIO EXTERIOR;Não;Não
411110000;IMPOSTOS SOBRE COMERCIO EXTERIOR - CONSOLIDAÇÃO;Não;Não
411120000;IMPOSTOS SOBRE COMERCIO EXTERIOR - INTRA OFSS;Não;Não
411130000;IMPOSTOS SOBRE COMERCIO EXTERIOR - INTER OFSS - UNIÃO;Não;Não
411140000;IMPOSTOS SOBRE COMERCIO EXTERIOR - INTER OFSS - ESTADO;Não;Não
411150000;IMPOSTOS SOBRE COMERCIO EXTERIOR - INTER OFSS - MUNICÍPIO;Não;Não
411200000;IMPOSTOS SOBRE PATRIMÔNIO E A RENDA;Não;Não
411210000;IMPOSTOS SOBRE PATRIMÔNIO E A RENDA - CONSOLIDAÇÃO;Não;Não
411210100;IMPOSTO S/ PROPRIEDADE TERRITORIAL RURAL;Não;Não
411210200;IMPOSTO SOBRE A PROPRIEDADE PREDIAL E TERRITORIAL URBANA;Não;Não
411210300;IMPOSTO SOBRE A RENDA E PROVENTOS DE QUALQUER NATUREZA;Não;Não
411210301;"IR - PESSOAS 
FISICAS";Não;Não
411210302;"IR - PESSOAS 
JURIDICAS";Não;Não
411210400;ITBI;Não;Não
411210500;ITCMD;Não;Não
411210600;IPVA;Não;Não
411219700;(-) DEDUÇÃO;Não;Não
411219900;OUTROS IMPOSTOS SOBRE A RENDA E PROVENTOS DE QUALQUER NATUREZA;Não;Não
411220000;IMPOSTOS SOBRE PATRIMÔNIO E A RENDA - INTRA OFSS;Não;Não
411230000;IMPOSTOS SOBRE PATRIMÔNIO E A RENDA - INTER OFSS - UNIÃO;Não;Não
411240000;IMPOSTOS SOBRE PATRIMÔNIO E A RENDA - INTER OFSS - ESTADO;Não;Não
411250000;IMPOSTOS SOBRE PATRIMÔNIO E A RENDA - INTER OFSS - MUNICÍPIO;Não;Não
411300000;IMPOSTOS SOBRE A PRODUÇÃO E A CIRCULAÇÃO;Não;Não
411310000;IMPOSTOS SOBRE A PRODUÇÃO E A CIRCULAÇÃO - CONSOLIDAÇÃO;Não;Não
411310100;ICMS;Não;Não
411310200;ISS;Não;Não
411310300;IPI;Não;Não
411310400;IOF;Não;Não
411319700;(-) DEDUÇÃO;Não;Não
411319900;OUTROS IMPOSTOS SOBRE A PRODUÇÃO E A CIRCULAÇÃO;Não;Não
411320000;IMPOSTOS SOBRE A PRODUÇÃO E A CIRCULAÇÃO - INTRA OFSS;Não;Não
411330000;IMPOSTOS SOBRE A PRODUÇÃO E A CIRCULAÇÃO - INTER OFSS - UNIÃO;Não;Não
411340000;IMPOSTOS SOBRE A PRODUÇÃO E A CIRCULAÇÃO - INTER OFSS - ESTADO;Não;Não
411350000;IMPOSTOS SOBRE A PRODUÇÃO E A CIRCULAÇÃO - INTER OFSS - MUNICÍPIO;Não;Não
411400000;IMPOSTOS EXTRAORDINÁRIOS;Não;Não
411410000;IMPOSTOS EXTRAORDINÁRIOS - CONSOLIDAÇÃO;Não;Não
411420000;IMPOSTOS EXTRAORDINÁRIOS - INTRA OFSS;Não;Não
411430000;IMPOSTOS EXTRAORDINÁRIOS - INTER OFSS - UNIÃO;Não;Não
411440000;IMPOSTOS EXTRAORDINÁRIOS - INTER OFSS - ESTADO;Não;Não
411450000;IMPOSTOS EXTRAORDINÁRIOS - INTER OFSS - MUNICÍPIO;Não;Não
411900000;OUTROS IMPOSTOS;Não;Não
411910000;OUTROS IMPOSTOS - CONSOLIDAÇÃO;Não;Não
411920000;OUTROS IMPOSTOS - INTRA OFSS;Não;Não
411930000;OUTROS IMPOSTOS - INTER OFSS - UNIÃO;Não;Não
411940000;OUTROS IMPOSTOS - INTER OFSS - ESTADO;Não;Não
411950000;OUTROS IMPOSTOS - INTER OFSS - MUNICÍPIO;Não;Não
412000000;TAXAS;Não;Não
412100000;TAXAS PELO EXERCÍCIO DO PODER DE POLICIA;Não;Não
412110000;TAXAS PELO EXERCÍCIO DO PODER DE POLICIA - CONSOLIDAÇÃO;Não;Não
412110100;TAXA DE FISCALIZAÇÃO DE LOCALIZAÇÃO E FUNCIONAMENTO;Não;Não
412110200;TAXA DE FISCALIZAÇÃO DE OBRAS PARTICULARES;Não;Não
412110300;TAXA DE FISCALIZAÇÃO DE TRANSPORTE;Não;Não
412110400;TAXA DE APREENSÃO E DEPÓSITO;Não;Não
412110500;TAXA DE AUTORIZAÇÃO DE FUNCIONAMENTO E TRANSPORTE;Não;Não
412110600;TAXA DE UTILIZAÇÃO DE ÁREA DE DOMÍNIO PÚBLICO;Não;Não
412111100;TAXA DE FISCALIZAÇÃO DE VIGILÂNCIA SANITÁRIA;Não;Não
412111101;TAXA DE FISCALIZAÇÃO DE VIGILÂNCIA SANITÁRIA - SAÚDE;Não;Não
412111102;TAXA DE FISCALIZAÇÃO DE VIGILÂNCIA SANITÁRIA - ANIMAL;Não;Não
412111199;OUTRAS TAXAS DE FISCALIZAÇÃO DE VIGILÂNCIA SANITÁRIA;Não;Não
412111400;TAXA DE CONTROLE E FISCALIZAÇÃO AMBIENTAL;Não;Não
412111500;TAXA DE SERVIÇOS ADMINISTRATIVO;Não;Não
412111501;ATOS DA ADMINISTRAÇÃO EM GERAL;Não;Não
412111502;ATOS DA SAÚDE PÚBLICA;Não;Não
412117000;TAXA DE PREVENÇÃO CONTRA SINISTRO;Não;Não
412117100;TAXA DE FISCALIZAÇÃO SOBRE SERVIÇOS PÚBLICOS DE SANEAMENTO BÁSICO - AGESAN;Não;Não
412117200;TAXA DE REGULAÇÃO DE SERVIÇOS DE GÁS CANALIZADO;Não;Não
412119700;(-) DEDUÇÕES;Não;Não
412119711;(-) DEDUÇÃO TAXA DE FISCALIZAÇÃO DE VIGILÂNCIA SANITÁRIA;Não;Não
412119714;(-) DEDUÇÃO DA TAXA DE CONTROLE E FISCALIZAÇÃO AMBIENTAL;Não;Não
412119715;(-) DEDUÇÃO TAXA DE SERVIÇOS ADMINISTRATIVOS;Não;Não
412119770;(-) DEDUÇÃO TAXA DE PREVENÇÃO CONTRA SINISTRO;Não;Não
412119771;(-) DEDUÇÃO TAXA DE FISCALIZAÇÃO SOBRE SERVIÇOS PÚBLICOS DE SANEAMENTO BÁSICO - AGESAN;Não;Não
412119772;(-) DEDUÇÃO TAXA DE REGULAÇÃO DE SERVIÇOS DE GÁS CANALIZADO;Não;Não
412119798;(-) RENÚNCIA;Não;Não
412119799;(-) OUTRAS DEDUÇÕES;Não;Não
412119900;OUTRAS TAXAS PELO EXERCÍCIO DO PODER DE POLÍCIA;Não;Não
412120000;TAXAS PELO EXERCÍCIO DO PODER DE POLICIA - INTRA OFSS;Não;Não
412130000;TAXAS PELO EXERCÍCIO DO PODER DE POLICIA - INTER OFSS - UNIÃO;Não;Não
412140000;TAXAS PELO EXERCÍCIO DO PODER DE POLICIA - INTER OFSS - ESTADO;Não;Não
412150000;TAXAS PELO EXERCÍCIO DO PODER DE POLICIA - INTER OFSS - MUNICÍPIO;Não;Não
412200000;TAXAS PELA PRESTAÇÃO DE SERVIÇOS;Não;Não
412210000;TAXAS PELA PRESTAÇÃO DE SERVIÇOS - CONSOLIDAÇÃO;Não;Não
412210700;EMOLUMENTOS E CUSTAS JUDICIAIS;Não;Não
412210900;EMOLUMENTOS E CUSTAS PROCESSUAIS ADMINISTRATIVAS;Não;Não
412217000;TAXA JUDICIÁRIA;Não;Não
412217100;TAXA DE SEGURANÇA CONTRA INCÊNDIO;Não;Não
412217200;TAXA DE SEGURANÇA OSTENSIVA CONTRA DELITOS;Não;Não
412217300;TAXA DE SEGURANÇA PREVENTIVA;Não;Não
412217400;TAXA DE APOSENTADOS E SERVENTUÁRIOS DA JUSTIÇA;Não;Não
412219700;(-) DEDUÇÕES;Não;Não
412219707;(-) DEDUÇÃO EMOLUMENTOS E CUSTAS JUDICIAIS;Não;Não
412219709;(-) DEDUÇÃO EMOLUMENTOS E CUSTAS PROCESSUAIS ADMINISTRATIVAS;Não;Não
412219770;(-) DEDUÇÃO TAXA JUDICIÁRIA;Não;Não
412219771;(-) DEDUÇÃO TAXA DE SEGURANÇA CONTRA INCÊNDIO;Não;Não
412219772;(-) DEDUÇÃO TAXA DE SEGURANÇA OSTENSIVA CONTRA DELITOS;Não;Não
412219773;(-) DEDUÇÃO TAXA DE SEGURANÇA PREVENTIVA;Não;Não
412219774;(-) DEDUÇÃO TAXA DE APOSENTADOS E SERVENTUÁRIOS DA JUSTIÇA;Não;Não
412219798;(-) RENÚNCIA;Não;Não
412219799;(-) Dedução de Outras Taxas Pela Prestação de Serviços;Não;Não
412219900;OUTRAS TAXAS PELA PRESTAÇÃO DE SERVIÇOS;Não;Não
412220000;TAXAS PELA PRESTAÇÃO DE SERVIÇOS - INTRA OFSS;Não;Não
412230000;TAXAS PELA PRESTAÇÃO DE SERVIÇOS - INTER OFSS - UNIÃO;Não;Não
412240000;TAXAS PELA PRESTAÇÃO DE SERVIÇOS - INTER OFSS - ESTADO;Não;Não
412250000;TAXAS PELA PRESTAÇÃO DE SERVIÇOS - INTER OFSS - MUNICÍPIO;Não;Não
413000000;CONTRIBUIÇÕES DE MELHORIA;Não;Não
413100000;CONTRIBUIÇÃO DE MELHORIA PELA EXPANSÃO DA REDE DE ÁGUA POTÁVEL E ESGOTO SANITÁRIO;Não;Não
413110000;CONTRIBUIÇÃO DE MELHORIA PELA EXPANSÃO DA REDE DE ÁGUA POTÁVEL E ESGOTO SANITÁRIO - CONSOLIDAÇÃO;Não;Não
413110100;CONTRIBUIÇÃO DE MELHORIA PELA EXPANSÃO DA REDE DE ÁGUA POTÁVEL E ESGOTO SANITÁRIO;Não;Não
413119700;(-) DEDUÇÃO;Não;Não
413120000;CONTRIBUIÇÃO DE MELHORIA PELA EXPANSÃO DA REDE DE ÁGUA POTÁVEL E ESGOTO SANITÁRIO - INTRA OFSS;Não;Não
413130000;CONTRIBUIÇÃO DE MELHORIA PELA EXPANSÃO DA REDE DE ÁGUA POTÁVEL E ESGOTO SANITÁRIO - INTER OFSS - UNIÃO;Não;Não
413140000;CONTRIBUIÇÃO DE MELHORIA PELA EXPANSÃO DA REDE DE ÁGUA POTÁVEL E ESGOTO SANITÁRIO - INTER OFSS - ESTADO;Não;Não
413150000;CONTRIBUIÇÃO DE MELHORIA PELA EXPANSÃO DA REDE DE ÁGUA POTÁVEL E ESGOTO SANITÁRIO - INTER OFSS - MUNICÍPIO;Não;Não
413200000;CONTRIBUIÇÃO DE MELHORIA PELA EXPANSÃO DA REDE DE ILUMINAÇÃO PÚBLICA NA CIDADE;Não;Não
413210000;CONTRIBUIÇÃO DE MELHORIA PELA EXPANSÃO DA REDE DE ILUMINAÇÃO PÚBLICA NA CIDADE - CONSOLIDAÇÃO;Não;Não
413210100;CONTRIBUIÇÃO DE MELHORIA PELA EXPANSÃO DA REDE DE ILUMINAÇÃO PÚBLICA NA CIDADE;Não;Não
413219700;(-) DEDUÇÃO;Não;Não
413220000;CONTRIBUIÇÃO DE MELHORIA PELA EXPANSÃO DA REDE DE ILUMINAÇÃO PÚBLICA NA CIDADE - INTRA OFSS;Não;Não
413230000;CONTRIBUIÇÃO DE MELHORIA PELA EXPANSÃO DA REDE DE ILUMINAÇÃO PÚBLICA NA CIDADE - INTER OFSS - UNIÃO;Não;Não
413240000;CONTRIBUIÇÃO DE MELHORIA PELA EXPANSÃO DA REDE DE ILUMINAÇÃO PÚBLICA NA CIDADE - INTER OFSS - ESTADO;Não;Não
413250000;CONTRIBUIÇÃO DE MELHORIA PELA EXPANSÃO DA REDE DE ILUMINAÇÃO PÚBLICA NA CIDADE - INTER OFSS - MUNICÍPIO;Não;Não
413300000;CONTRIBUIÇÃO DE MELHORIA PELA EXPANSÃO DE REDE DE ILUMINAÇÃO PÚBLICA RURAL;Não;Não
413310000;CONTRIBUIÇÃO DE MELHORIA PELA EXPANSÃO DE REDE DE ILUMINAÇÃO PÚBLICA RURAL - CONSOLIDAÇÃO;Não;Não
413310100;CONTRIBUIÇÃO DE MELHORIA PELA EXPANSÃO DE REDE DE ILUMINAÇÃO PÚBLICA RURAL;Não;Não
413319700;(-) DEDUÇÃO;Não;Não
413320000;CONTRIBUIÇÃO DE MELHORIA PELA EXPANSÃO DE REDE DE ILUMINAÇÃO PÚBLICA RURAL - INTRA OFSS;Não;Não
413330000;CONTRIBUIÇÃO DE MELHORIA PELA EXPANSÃO DE REDE DE ILUMINAÇÃO PÚBLICA RURAL - INTER OFSS - UNIÃO;Não;Não
413340000;CONTRIBUIÇÃO DE MELHORIA PELA EXPANSÃO DE REDE DE ILUMINAÇÃO PÚBLICA RURAL - INTER OFSS - ESTADO;Não;Não
413350000;CONTRIBUIÇÃO DE MELHORIA PELA EXPANSÃO DE REDE DE ILUMINAÇÃO PÚBLICA RURAL - INTER OFSS - MUNICÍPIO;Não;Não
413400000;CONTRIBUIÇÃO DE MELHORIA PELA PAVIMENTAÇÃO E OBRAS COMPLEMENTARES;Não;Não
413410000;CONTRIBUIÇÃO DE MELHORIA PELA PAVIMENTAÇÃO E OBRAS COMPLEMENTARES - CONSOLIDAÇÃO;Não;Não
413410100;CONTRIBUIÇÃO DE MELHORIA PELA PAVIMENTAÇÃO E OBRAS COMPLEMENTARES;Não;Não
413419700;(-) DEDUÇÃO;Não;Não
413420000;CONTRIBUIÇÃO DE MELHORIA PELA PAVIMENTAÇÃO E OBRAS COMPLEMENTARES - INTRA OFSS;Não;Não
413430000;CONTRIBUIÇÃO DE MELHORIA PELA PAVIMENTAÇÃO E OBRAS COMPLEMENTARES - INTER OFSS - UNIÃO;Não;Não
413440000;CONTRIBUIÇÃO DE MELHORIA PELA PAVIMENTAÇÃO E OBRAS COMPLEMENTARES - INTER OFSS - ESTADO;Não;Não
413450000;CONTRIBUIÇÃO DE MELHORIA PELA PAVIMENTAÇÃO E OBRAS COMPLEMENTARES - INTER OFSS - MUNICÍPIO;Não;Não
413900000;OUTRAS CONTRIBUIÇÕES DE MELHORIA;Não;Não
413910000;OUTRAS CONTRIBUIÇÕES DE MELHORIA - CONSOLIDAÇÃO;Não;Não
413910100;OUTRAS CONTRIBUIÇÕES DE MELHORIA;Não;Não
413919700;(-) DEDUÇÃO;Não;Não
413920000;OUTRAS CONTRIBUIÇÕES DE MELHORIA - INTRA OFSS;Não;Não
413930000;OUTRAS CONTRIBUIÇÕES DE MELHORIA - INTER OFSS - UNIÃO;Não;Não
413940000;OUTRAS CONTRIBUIÇÕES DE MELHORIA - INTER OFSS - ESTADO;Não;Não
413950000;OUTRAS CONTRIBUIÇÕES DE MELHORIA - INTER OFSS - MUNICÍPIO;Não;Não
420000000;CONTRIBUIÇÕES;Não;Não
421000000;CONTRIBUIÇÕES SOCIAIS;Não;Não
421100000;CONTRIBUIÇÕES SOCIAIS - RPPS E MILITARES;Não;Não
421110000;CONTRIBUIÇÕES SOCIAIS - RPPS E MILITARES - CONSOLIDAÇÃO;Não;Não
421110200;CONTRIBUIÇÃO DO SEGURADO AO RPPS;Não;Não
421110201;CONTRIBUIÇÃO DO SERVIDOR - RPPS;Não;Não
421110202;CONTRIBUIÇÃO DO APOSENTADO - RPPS;Não;Não
421110203;CONTRIBUIÇÃO DE PENSIONISTA - RPPS;Não;Não
421110204;CONTRIBUIÇÃO DO SERVIDOR -PAGTO SENT. JUDICIAIS;Não;Não
421110205;CONTRIBUIÇÃO DO APOSENTADO - PAGTO SENT. JUDICIAIS;Não;Não
421110206;CONTRIBUIÇÃO DO PENSIONISTA - PAGTO SENT. JUDICIAIS;Não;Não
421110207;CONTRIBUIÇÃO EXTRAORDINÁRIA DE SERVIDOR, APOSENTADO E PENSIONISTA - RPPS;Não;Não
421110299;OUTRAS CONTRIBUIÇÕES DO SEGURADO AO RPPS;Não;Não
421110300;CONTRIBUIÇÃO PREVIDENCIÁRIA PARA AMORTIZAÇÃO DO DÉFICIT ATUARIAL;Não;Não
421110400;CONTRIBUIÇÕES PARA CUSTEIO DAS PENSÕES E INATIVIDADE MILITARES;Não;Não
421119700;(-) DEDUÇÕES;Não;Não
421119701;(-) RENÚNCIA;Não;Não
421119900;OUTRAS CONTRIBUIÇÕES SOCIAIS - RPPS;Não;Não
421120000;CONTRIBUIÇÕES SOCIAIS - RPPS E MILITARES - INTRA OFSS;Não;Não
421120100;CONTRIBUIÇÕES PATRONAIS AO RPPS;Não;Não
421120101;CONTRIBUIÇÃO PATRONAL DE SERVIDOR ATIVO - RPPS;Não;Não
421120102;CONTR.PATRONAL - PAGTO SENTENCAS JUDICIAIS - RPPS;Não;Não
421120199;OUTRAS CONTRIBUIÇÕES PATRONAIS AO RPPS;Não;Não
421120300;CONTRIBUIÇÃO PREVIDENCIÁRIA PARA AMORTIZAÇÃO DO DÉFICIT ATUARIAL;Não;Não
421120400;CONTRIBUIÇÕES PARA CUSTEIO DAS PENSÕES E INATIVIDADE MILITARES;Não;Não
421129700;(-) DEDUÇÕES;Não;Não
421129701;(-) RENÚNCIA;Não;Não
421129900;OUTRAS CONTRIBUIÇÕES SOCIAIS - RPPS;Não;Não
421130000;CONTRIBUIÇÕES SOCIAIS - RPPS - INTER OFSS - UNIÃO;Não;Não
421130100;CONTRIBUIÇÕES PATRONAIS AO RPPS;Não;Não
421130101;CONTRIBUIÇÃO PATRONAL DE SERVIDOR ATIVO - RPPS;Não;Não
421130102;CONTR.PATRONAL - PAGTO SENTENCAS JUDICIAIS - RPPS;Não;Não
421130199;OUTRAS CONSTRIBUIÇÕES PATRONAIS AO RPPS;Não;Não
421139700;(-) DEDUÇÕES;Não;Não
421139701;(-) RENÚNCIA;Não;Não
421139900;OUTRAS CONTRIBUIÇÕES SOCIAIS - RPPS;Não;Não
421140000;CONTRIBUIÇÕES SOCIAIS - RPPS - INTER OFSS - ESTADO;Não;Não
421140100;CONTRIBUIÇÕES PATRONAIS AO RPPS;Não;Não
421140101;CONTRIBUIÇÃO PATRONAL DE SERVIDOR ATIVO - RPPS;Não;Não
421140102;CONTR.PATRONAL - PAGTO SENTENCAS JUDICIAIS - RPPS;Não;Não
421140199;OUTRAS CONSTRIBUIÇÕES PATRONAIS AO RPPS;Não;Não
421149700;(-) DEDUÇÕES;Não;Não
421149701;(-) RENÚNCIA;Não;Não
421149900;OUTRAS CONTRIBUIÇÕES SOCIAIS - RPPS;Não;Não
421150000;CONTRIBUIÇÕES SOCIAIS - RPPS - INTER OFSS - MUNICÍPIO;Não;Não
421150100;CONTRIBUIÇÕES PATRONAIS AO RPPS;Não;Não
421150101;CONTRIBUIÇÃO PATRONAL DE SERVIDOR ATIVO - RPPS;Não;Não
421150102;CONTR.PATRONAL - PAGTO SENTENCAS JUDICIAIS - RPPS;Não;Não
421150199;OUTRAS CONSTRIBUIÇÕES PATRONAIS AO RPPS;Não;Não
421159700;(-) DEDUÇÕES;Não;Não
421159701;(-) RENÚNCIA;Não;Não
421159900;OUTRAS CONTRIBUIÇÕES SOCIAIS - RPPS;Não;Não
421200000;CONTRIBUIÇÕES SOCIAIS - RGPS;Não;Não
421210000;CONTRIBUIÇÕES SOCIAIS - RGPS - CONSOLIDAÇÃO;Não;Não
421220000;CONTRIBUIÇÕES SOCIAIS - RGPS - INTRA OFSS;Não;Não
421230000;CONTRIBUIÇÕES SOCIAIS - RGPS - INTER OFSS - UNIÃO;Não;Não
421240000;CONTRIBUIÇÕES SOCIAIS - RGPS - INTER OFSS - ESTADO;Não;Não
421250000;CONTRIBUIÇÕES SOCIAIS - RGPS - INTER OFSS - MUNICÍPIO;Não;Não
421300000;CONTRIBUIÇÃO SOBRE A RECEITA OU O FATURAMENTO;Não;Não
421310000;CONTRIBUIÇÃO SOBRE A RECEITA OU O FATURAMENTO - CONSOLIDAÇÃO;Não;Não
421320000;CONTRIBUIÇÃO SOBRE A RECEITA OU O FATURAMENTO - INTRA OFSS;Não;Não
421330000;CONTRIBUIÇÃO SOBRE A RECEITA OU O FATURAMENTO - INTER OFSS - UNIÃO;Não;Não
421340000;CONTRIBUIÇÃO SOBRE A RECEITA OU O FATURAMENTO -  INTER OFSS - ESTADO;Não;Não
421350000;CONTRIBUIÇÃO SOBRE A RECEITA OU O FATURAMENTO -  INTER OFSS - MUNICÍPIO;Não;Não
421400000;CONTRIBUIÇÃO SOBRE O LUCRO;Não;Não
421410000;CONTRIBUIÇÃO SOBRE O LUCRO - CONSOLIDAÇÃO;Não;Não
421420000;CONTRIBUIÇÃO SOBRE O LUCRO - INTRA OFSS;Não;Não
421430000;CONTRIBUIÇÃO SOBRE O LUCRO - INTER OFSS - UNIÃO;Não;Não
421440000;CONTRIBUIÇÃO SOBRE O LUCRO - INTER OFSS - ESTADO;Não;Não
421450000;CONTRIBUIÇÃO SOBRE O LUCRO - INTER OFSS - MUNICÍPIO;Não;Não
421500000;CONTRIBUIÇÃO SOBRE RECEITA DE CONCURSO DE PROGNOSTICO;Não;Não
421510000;CONTRIBUIÇÃO SOBRE RECEITA DE CONCURSO DE PROGNOSTICO - CONSOLIDAÇÃO;Não;Não
421520000;CONTRIBUIÇÃO SOBRE RECEITA DE CONCURSO DE PROGNOSTICO - INTRA OFSS;Não;Não
421530000;CONTRIBUIÇÃO SOBRE RECEITA DE CONCURSO DE PROGNOSTICO - INTER OFSS - UNIÃO;Não;Não
421540000;CONTRIBUIÇÃO SOBRE RECEITA DE CONCURSO DE PROGNOSTICO - INTER OFSS - ESTADO;Não;Não
421550000;CONTRIBUIÇÃO SOBRE RECEITA DE CONCURSO DE PROGNOSTICO - INTER OFSS - MUNICÍPIO;Não;Não
421600000;CONTRIBUIÇÃO DO IMPORTADOR DE BENS OU SERVIÇOS DO EXTERIOR;Não;Não
421610000;CONTRIBUIÇÃO DO IMPORTADOR DE BENS OU SERVIÇOS DO EXTERIOR - CONSOLIDAÇÃO;Não;Não
421620000;CONTRIBUIÇÃO DO IMPORTADOR DE BENS OU SERVIÇOS DO EXTERIOR - INTRA OFSS;Não;Não
421630000;CONTRIBUIÇÃO DO IMPORTADOR DE BENS OU SERVIÇOS DO EXTERIOR - INTER OFSS - UNIÃO;Não;Não
421640000;CONTRIBUIÇÃO DO IMPORTADOR DE BENS OU SERVIÇOS DO EXTERIOR -  INTER OFSS - ESTADO;Não;Não
421650000;CONTRIBUIÇÃO DO IMPORTADOR DE BENS OU SERVIÇOS DO EXTERIOR - INTER OFSS - MUNICÍPIO;Não;Não
421900000;OUTRAS CONTRIBUIÇÕES SOCIAIS;Não;Não
421910000;OUTRAS CONTRIBUIÇÕES SOCIAIS - CONSOLIDAÇÃO;Não;Não
421920000;OUTRAS CONTRIBUIÇÕES SOCIAIS - INTRA OFSS;Não;Não
421930000;OUTRAS CONTRIBUIÇÕES SOCIAIS - INTER OFSS - UNIÃO;Não;Não
421940000;OUTRAS CONTRIBUIÇÕES SOCIAIS - INTER OFSS - ESTADO;Não;Não
421950000;OUTRAS CONTRIBUIÇÕES SOCIAIS - INTER OFSS - MUNICÍPIO;Não;Não
422000000;CONTRIBUIÇÕES DE INTERVENÇÃO NO DOMÍNIO ECONÔMICO;Não;Não
422100000;CONTRIBUIÇÕES DE INTERVENÇÃO NO DOMÍNIO ECONÔMICO;Não;Não
422110000;CONTRIBUIÇÕES DE INTERVENÇÃO NO DOMÍNIO ECONÔMICO - CONSOLIDAÇÃO;Não;Não
422120000;CONTRIBUIÇÕES DE INTERVENÇÃO NO DOMÍNIO ECONÔMICO - INTRA OFSS;Não;Não
422130000;CONTRIBUIÇÕES DE INTERVENÇÃO NO DOMÍNIO ECONÔMICO - INTER OFSS - UNIÃO;Não;Não
422140000;CONTRIBUIÇÕES DE INTERVENÇÃO NO DOMÍNIO ECONÔMICO - INTER OFSS - ESTADO;Não;Não
422150000;CONTRIBUIÇÕES DE INTERVENÇÃO NO DOMÍNIO ECONÔMICO - INTER OFSS - MUNICÍPIO;Não;Não
423000000;CONTRIBUIÇÃO DE ILUMINAÇÃO PÚBLICA;Não;Não
423100000;CONTRIBUIÇÃO DE ILUMINAÇÃO PÚBLICA;Não;Não
423110000;CONTRIBUIÇÃO DE ILUMINAÇÃO PÚBLICA - CONSOLIDAÇÃO;Não;Não
423110100;CONTRIBUIÇÃO DE ILUMINAÇÃO PÚBLICA;Não;Não
423120000;CONTRIBUIÇÃO DE ILUMINAÇÃO PÚBLICA - INTRA OFSS;Não;Não
423150000;CONTRIBUIÇÃO DE ILUMINAÇÃO PÚBLICA - INTER OFSS - MUNICÍPIO;Não;Não
424000000;CONTRIBUIÇÕES DE INTERESSE DAS CATÉGORIAS PROFISSIONAIS;Não;Não
424100000;CONTRIBUIÇÕES DE INTERESSE DAS CATÉGORIAS PROFISSIONAIS;Não;Não
424110000;CONTRIBUIÇÕES DE INTERESSE DAS CATEGORIAS PROFISSIONAIS - CONSOLIDAÇÃO;Não;Não
424120000;CONTRIBUIÇÕES DE INTERESSE DAS CATEGORIAS PROFISSIONAIS - INTRA OFSS;Não;Não
424130000;CONTRIBUIÇÕES DE INTERESSE DAS CATEGORIAS PROFISSIONAIS - INTER OFSS - UNIÃO;Não;Não
430000000;EXPLORAÇÃO E VENDA DE BENS, SERVIÇOS E DIREITOS;Não;Não
431000000;VENDA DE MERCADORIAS;Não;Não
431100000;VENDA BRUTA DE MERCADORIAS;Não;Não
431110000;VENDA BRUTA DE MERCADORIAS - CONSOLIDAÇÃO;Não;Não
431110100;VENDA DE ESTOQUE PRÓPRIO - PAÍS;Não;Não
431111100;VENDA DE ESTOQUE DE PRODUÇÃO VEGETAL;Não;Não
431111101;AGRICULTURA;Não;Não
431111102;HORTA;Não;Não
431111103;POMAR;Não;Não
431111199;OUTRAS VPAS DE PRODUÇÃO VEGETAL;Não;Não
431111200;VENDA DE ESTOQUE DE PRODUÇÃO ANIMAL E DERIVADOS;Não;Não
431111201;GRANJA;Não;Não
431111202;PISCICULTURA;Não;Não
431111203;PECUÁRIA;Não;Não
431111204;APICULTURA;Não;Não
431111205;SUINOCULTURA;Não;Não
431111206;OVINOCULTURA;Não;Não
431111207;COELHOS;Não;Não
431111208;GADO LEITEIRO;Não;Não
431111209;EQÜINOS;Não;Não
431111210;AVÍCOLA;Não;Não
431111299;OUTRAS VPAS DE PRODUÇÃO ANIMAL E DERIVADOS;Não;Não
431111300;VENDA DE MEDICAMENTOS;Não;Não
431111400;VENDA DE LIVROS PERIOD. MAT. ESC. E PUBLICID.;Não;Não
431111401;VENDA DE LIVROS;Não;Não
431111402;PUBLICAÇÕES;Não;Não
431111403;VENDAS REVISTA RAC;Não;Não
431111404;PUBLICAÇÕES TÉCNICAS EPAGRI;Não;Não
431111405;DIVULGAÇÃO E PUBLICIDADE;Não;Não
431111499;OUTRAS VENDA DE LIVROS PERIOD. MAT. ESC. E PUBLICID.;Não;Não
431111500;VENDA DE PRODUTOS AGROPECUÁRIOS;Não;Não
431111599;OUTRAS VPAS AGROPECUÁRIAS;Não;Não
431111600;VENDA DE FARDAMENTOS;Não;Não
431119900;VENDA BRUTA DE MERCADORIAS - OUTRAS;Não;Não
431120000;VENDA BRUTA DE MERCADORIAS - INTRA OFSS;Não;Não
431130000;VENDA BRUTA DE MERCADORIAS - INTER OFSS - UNIÃO;Não;Não
431140000;VENDA BRUTA DE MERCADORIAS - INTER OFSS - ESTADO;Não;Não
431150000;VENDA BRUTA DE MERCADORIAS - INTER OFSS - MUNICÍPIO;Não;Não
431900000;(-) DEDUÇÕES DA VENDA BRUTA DE MERCADORIAS;Não;Não
431910000;(-) DEDUÇÕES DA VENDA BRUTA DE MERCADORIAS - CONSOLIDAÇÃO;Não;Não
431919700;(-) DEDUÇÕES DE VENDAS;Não;Não
431919701;(-) VENDAS CANCELADAS E DEVOLUÇÕES;Não;Não
431919702;(-) ABATIMENTOS;Não;Não
431919703;(-) DESCONTOS INCONDICIONAIS;Não;Não
431919705;(-) ICMS;Não;Não
431919706;(-) PIS/PASEP;Não;Não
431919707;(-) COFINS;Não;Não
431919708;(-) AJUSTE A VALOR PRESENTE;Não;Não
431919900;(-) OUTRAS DEDUÇÕES DE VENDAS;Não;Não
431920000;(-) DEDUÇÕES DA VENDA BRUTA DE MERCADORIAS - INTRA OFSS;Não;Não
431930000;(-) DEDUÇÕES DA VENDA BRUTA DE MERCADORIAS - INTER OFSS - UNIÃO;Não;Não
431940000;(-) DEDUÇÕES DA VENDA BRUTA DE MERCADORIAS - INTER OFSS - ESTADO;Não;Não
431950000;(-) DEDUÇÕES DA VENDA BRUTA DE MERCADORIAS - INTER OFSS - MUNICÍPIO;Não;Não
432000000;VENDA DE PRODUTOS;Não;Não
432100000;VENDA BRUTA DE PRODUTOS;Não;Não
432110000;VENDA BRUTA DE PRODUTOS - CONSOLIDAÇÃO;Não;Não
432120000;VENDA BRUTA DE PRODUTOS - INTRA OFSS;Não;Não
432130000;VENDA BRUTA DE PRODUTOS - INTER OFSS - UNIÃO;Não;Não
432140000;VENDA BRUTA DE PRODUTOS - INTER OFSS - ESTADO;Não;Não
432150000;VENDA BRUTA DE PRODUTOS - INTER OFSS - MUNICÍPIO;Não;Não
432900000;(-) DEDUÇÕES DE VENDA BRUTA DE PRODUTOS;Não;Não
432910000;(-) DEDUÇÕES DA VENDA BRUTA DE PRODUTOS - CONSOLIDAÇÃO;Não;Não
432919700;(-) DEDUÇÕES DE VENDAS;Não;Não
432919701;(-) VENDAS CANCELADAS E DEVOLUÇÕES;Não;Não
432919702;(-) ABATIMENTOS;Não;Não
432919703;(-) DESCONTOS INCONDICIONAIS;Não;Não
432919704;(-) IPI;Não;Não
432919705;(-) ICMS;Não;Não
432919706;(-) PIS/PASEP;Não;Não
432919707;(-) COFINS;Não;Não
432919708;(-) AJUSTE A VALOR PRESENTE;Não;Não
432919900;(-) OUTRAS DEDUÇÕES DE VENDAS;Não;Não
432920000;(-) DEDUÇÕES DA VENDA BRUTA DE PRODUTOS - INTRA OFSS;Não;Não
432930000;(-) DEDUÇÕES DA VENDA BRUTA DE PRODUTOS - INTER OFSS - UNIÃO;Não;Não
432940000;(-) DEDUÇÕES DA VENDA BRUTA DE PRODUTOS - INTER OFSS - ESTADO;Não;Não
432950000;(-) DEDUÇÕES DA VENDA BRUTA DE PRODUTOS - INTER OFSS - MUNICÍPIO;Não;Não
433000000;EXPLORAÇÃO DE BENS E DIREITOS E PRESTAÇÃO DE SERVIÇOS;Não;Não
433100000;VALOR BRUTO DE EXPLORAÇÃO DE BENS E DIREITOS E PRESTAÇÃO DE SERVIÇOS;Não;Não
433110000;VALOR BRUTO DE EXPLORAÇÃO DE BENS, DIREITOS E PRESTAÇÃO DE SERVIÇOS - CONSOLIDAÇÃO;Não;Não
433110100;PRESTAÇÃO DE SERVICOS DE TREINAMENTO;Não;Não
433110200;EXPLORAÇÃO DO PATRIMONIO IMOBILIARIO;Não;Não
433110300;PRESTAÇÃO DE SERVICOS DE LOCAÇÃO;Não;Não
433110400;PRESTAÇÃO DE SERVICOS DE PESQUISAS E ANALISES;Não;Não
433110500;SERVICOS DE ESTUDOS E PESQUISAS;Não;Não
433110600;PRESTAÇÃO DE SERVICOS DE CONSULTORIA;Não;Não
433110700;SERVICOS CONSULT.ASSIST.TEC. ANALISE PROJETOS;Não;Não
433110800;PRESTAÇÃO DE SERVICOS RELACIONADOS A T.I;Não;Não
433110900;PRESTAÇÃO DE SERVICOS DE ADM. DE REDE DE COMUNIC. DE DADOS;Não;Não
433111000;SERVICOS DE PROCESSAMENTO DE DADOS;Não;Não
433111100;SERVICO DE INFORMAÇÕES CIENTIFICAS E TECNOLOGICAS;Não;Não
433111200;PRESTAÇÃO DE SERVICOS CIENTIFICOS E TECNOLOGICOS NUCLEARES;Não;Não
433111300;SERVICOS DE TECNOLOGIA;Não;Não
433111400;SERVICOS DE COMUNICAÇÃO;Não;Não
433111500;PRESTAÇÃO DE SERVICOS RELACIONADOS A ARMAZENAGEM;Não;Não
433111600;PRESTAÇÃO DE SERVICOS COMPLEMENTARES;Não;Não
433111700;PRESTAÇÃO DE SERVICOS RELACIONADOS AO BENEFICIAMENTO DE GRAOS;Não;Não
433111800;PRESTAÇÃO DE SERVICOS RECEPÇÃO E EMBARQUE DE PRODUTOS;Não;Não
433111900;PRESTAÇÃO DE SERVICOS SERVICO DE TRANSBORDO;Não;Não
433112000;FORNECIMENTO DE MAO-DE-OBRA;Não;Não
433112100;PRESTAÇÃO DE SERVICOS DE DISTRIB. DE GENEROS ALIMENTICIOS;Não;Não
433112200;SERVICOS DE HOSPEDAGEM E ALIMENTAÇÃO;Não;Não
433112300;CONCESSAO E PERMISSAO - SERV. DE TRANSPORT;Não;Não
433112400;OUTORGA SERV. EXPL. PROD PETR. GAS NATURAL;Não;Não
433112500;OUTORGA DE DIREITOS DE USO DE REC. HIDR.;Não;Não
433112600;OUTORGA DIREITOS DE EXPL. E PESQ. MINER;Não;Não
433112700; CONCESSAO FLORESTAL;Não;Não
433112800;CONCESSAO E PERMISSAO. - DIR. USO DE BENS PUB;Não;Não
433112900;COMPENSAÇÕES FINANCEIRAS;Não;Não
433113000;SERVICOS DE TRANSPORTE;Não;Não
433113100;SERVICOS PORTUARIOS;Não;Não
433113200;SERVICOS DE SOCORRO MARITIMO;Não;Não
433113300;SERVICOS DE SAUDE;Não;Não
433113400;CERTIFICAÇÃO E HOMOLOGAÇÃO DE PROD. TELECOM.;Não;Não
433113500;SERVICOS DE METROLOGIA E CERTIFICAÇÃO;Não;Não
433113600;SERVICOS DE INSPEÇÃO E FISCALIZAÇÃO;Não;Não
433113700;SERVICOS ADMINISTRATIVOS;Não;Não
433113800;SERVICOS DE METEOROLOGIA;Não;Não
433113900;SERVICOS EDUCACIONAIS;Não;Não
433114000;SERVICOS AGROPECUARIOS;Não;Não
433114100;SERVICOS DE REPARAÇÃO,MANUTENÇÃO E INSTALAÇÃO;Não;Não
433114200;SERVICOS RECREATIVOS E CULTURAIS;Não;Não
433114300;SERVICOS REG. MARCAS,PAT.TRANSF.DE TECNOLOGIA;Não;Não
433114400;SERVICOS DE REGISTRO DO COMERCIO;Não;Não
433114500;SERVICOS DE FORNECIMENTO DE AGUA;Não;Não
433114600;SERVICOS DE PERFURAÇÃO E INSTALAÇÃO DE POCOS;Não;Não
433114700;SERVICOS DE GEOPROCESSAMENTO;Não;Não
433114800;SERVICOS DE CADASTRAMENTO DE FORNECEDORES;Não;Não
433114900;TARIFA DE UTILIZAÇÃO DE FAROIS;Não;Não
433115000;TARIFA E ADICIONAL SOBRE TARIFA AEROPORTUARIA;Não;Não
433115100;SERVICOS DE CADASTRO DA ATIVIDADE MINERAL;Não;Não
433115200;TAR.INSCR.CONCURSOS E PROCESSOS SELETIVOS;Não;Não
433115300;SERVICO DE COMPENSAÇÃO DE VARIAÇÕES SALARIAIS;Não;Não
433115400;GARANTIAS E AVAIS;Não;Não
433115500;CREDENCIAMENTO EMP.PREST.SERVICOS DE VISTORIA;Não;Não
433115600;SERVICOS VETERINARIOS;Não;Não
433115700;CERTIFICAÇÃO E HOMOLOGAÇÃO ATIVIDADE MINERAL;Não;Não
433115800;SERV.INOV.A.PESQ.AMBIENT.PROD.-INST.CIEN.TEC.;Não;Não
433115900;SERVICOS FINANCEIROS;Não;Não
433116000;SERV.COMERCIAIS DE PROD.DADOS E MAT.INFORMATI;Não;Não
433116100;SERVIÇOS DE TURISMO;Não;Não
433119800;SERVIÇOS ADMINISTRATIVOS - RPPS;Não;Não
433119900;OUTRAS VARIAÇÕES PATRIMONIAIS AUMENTATIVAS PROVENIENTES DE PRESTAÇÃO DE SERVICOS;Não;Não
433120000;VALOR BRUTO DE EXPLORAÇÃO DE BENS, DIREITOS E PRESTAÇÃO DE SERVIÇOS - INTRA OFSS;Não;Não
433120100;PRESTAÇÃO DE SERVICOS DE TREINAMENTO;Não;Não
433120200;EXPLORAÇÃO DO PATRIMONIO IMOBILIARIO;Não;Não
433120300;PRESTAÇÃO DE SERVICOS DE LOCAÇÃO;Não;Não
433120400;PRESTAÇÃO DE SERVICOS DE PESQUISAS E ANALISES;Não;Não
433120500;SERVICOS DE ESTUDOS E PESQUISAS;Não;Não
433120600;PRESTAÇÃO DE SERVICOS DE CONSULTORIA;Não;Não
433120700;SERVICOS CONSULT.ASSIST.TEC. ANALISE PROJETOS;Não;Não
433120800;PRESTAÇÃO DE SERVICOS RELACIONADOS A T.I;Não;Não
433120900;PRESTAÇÃO DE SERVICOS DE ADM. DE REDE DE COMUNIC. DE DADOS;Não;Não
433121000;SERVICOS DE PROCESSAMENTO DE DADOS;Não;Não
433121100;SERVICO DE INFORMAÇÕES CIENTIFICAS E TECNOLOGICAS;Não;Não
433121200;PRESTAÇÃO DE SERVICOS CIENTIFICOS E TECNOLOGICOS NUCLEARES;Não;Não
433121300;SERVICOS DE TECNOLOGIA;Não;Não
433121400;SERVICOS DE COMUNICAÇÃO;Não;Não
433121500;PRESTAÇÃO DE SERVICOS RELACIONADOS A ARMAZENAGEM;Não;Não
433121600;PRESTAÇÃO DE SERVICOS COMPLEMENTARES;Não;Não
433121700;PRESTAÇÃO DE SERVICOS RELACIONADOS AO BENEFICIAMENTO DE GRAOS;Não;Não
433121800;PRESTAÇÃO DE SERVICOS RECEPÇÃO E EMBARQUE DE PRODUTOS;Não;Não
433121900;PRESTAÇÃO DE SERVICOS SERVICO DE TRANSBORDO;Não;Não
433122000;FORNECIMENTO DE MAO-DE-OBRA;Não;Não
433122100;PRESTAÇÃO DE SERVICOS DE DISTRIB. DE GENEROS ALIMENTICIOS;Não;Não
433122200;SERVICOS DE HOSPEDAGEM E ALIMENTAÇÃO;Não;Não
433122300;CONCESSAO E PERMISSAO - SERV. DE TRANSPORT;Não;Não
433122400;OUTORGA SERV. EXPL. PROD PETR. GAS NATURAL;Não;Não
433122500;OUTORGA DE DIREITOS DE USO DE REC. HIDR.;Não;Não
433122600;OUTORGA DIREITOS DE EXPL. E PESQ. MINER;Não;Não
433122700;CONCESSAO FLORESTAL;Não;Não
433122800;CONCESSAO E PERMISSAO. - DIR. USO DE BENS PUB;Não;Não
433122900;COMPENSAÇÕES FINANCEIRAS;Não;Não
433123000;SERVICOS DE TRANSPORTE;Não;Não
433123100;SERVICOS PORTUARIOS;Não;Não
433123200;SERVICOS DE SOCORRO MARITIMO;Não;Não
433123300;SERVICOS DE SAUDE;Não;Não
433123400;CERTIFICAÇÃO E HOMOLOGAÇÃO DE PROD. TELECOM.;Não;Não
433123500;SERVICOS DE METROLOGIA E CERTIFICAÇÃO;Não;Não
433123600;SERVICOS DE INSPEÇÃO E FISCALIZAÇÃO;Não;Não
433123700;SERVICOS ADMINISTRATIVOS;Não;Não
433123800;SERVICOS DE METEOROLOGIA;Não;Não
433123900;SERVICOS EDUCACIONAIS;Não;Não
433124000;SERVICOS AGROPECUARIOS;Não;Não
433124100;SERVICOS DE REPARAÇÃO,MANUTENÇÃO E INSTALAÇÃO;Não;Não
433124200;SERVICOS RECREATIVOS E CULTURAIS;Não;Não
433124300;SERVICOS REG. MARCAS,PAT.TRANSF.DE TECNOLOGIA;Não;Não
433124400;SERVICOS DE REGISTRO DO COMERCIO;Não;Não
433124500;SERVICOS DE FORNECIMENTO DE AGUA;Não;Não
433124600;SERVICOS DE PERFURAÇÃO E INSTALAÇÃO DE POCOS;Não;Não
433124700;SERVICOS DE GEOPROCESSAMENTO;Não;Não
433124800;SERVICOS DE CADASTRAMENTO DE FORNECEDORES;Não;Não
433124900;TARIFA DE UTILIZAÇÃO DE FAROIS;Não;Não
433125000;TARIFA E ADICIONAL SOBRE TARIFA AEROPORTUARIA;Não;Não
433125100;SERVICOS DE CADASTRO DA ATIVIDADE MINERAL;Não;Não
433125200;TAR.INSCR.CONCURSOS E PROCESSOS SELETIVOS;Não;Não
433125300;SERVICO DE COMPENSAÇÃO DE VARIAÇÕES SALARIAIS;Não;Não
433125400;GARANTIAS E AVAIS;Não;Não
433125500;CREDENCIAMENTO EMP.PREST.SERVICOS DE VISTORIA;Não;Não
433125600;SERVICOS VETERINARIOS;Não;Não
433125700;CERTIFICAÇÃO E HOMOLOGAÇÃO ATIVIDADE MINERAL;Não;Não
433125800;SERV.INOV.A.PESQ.AMBIENT.PROD.-INST.CIEN.TEC.;Não;Não
433125900;SERVICOS FINANCEIROS;Não;Não
433126000;SERV.COMERCIAIS DE PROD.DADOS E MAT.INFORMATI;Não;Não
433126100;SERVIÇOS DE TURISMO;Não;Não
433129700;SERVIÇOS ADMINISTRATIVOS - FPSM - INTRA OFSS;Não;Não
433129800;SERVIÇOS ADMINISTRATIVOS - RPPS - INTRA OFSS;Não;Não
433129900;OUTRAS VARIAÇÕES PATRIMONIAIS AUMENTATIVAS PROVENIENTES DE PRESTAÇÃO DE SERVICOS;Não;Não
433130000;VALOR BRUTO DE EXPLORAÇÃO DE BENS, DIREITOS E PRESTAÇÃO DE SERVIÇOS - INTER UNIÃO;Não;Não
433140000;VALOR BRUTO DE EXPLORAÇÃO DE BENS, DIREITOS E PRESTAÇÃO DE SERVIÇOS - INTER ESTADO;Não;Não
433150000;VALOR BRUTO DE EXPLORAÇÃO DE BENS, DIREITOS E PRESTAÇÃO DE SERVIÇOS - INTER MUNICÍPIO;Não;Não
433900000;(-) DEDUÇÕES DO VALOR BRUTO DE EXPLORAÇÃO DE BENS, DIREITOS E PRESTAÇÃO DE SERVIÇOS;Não;Não
433910000;(-) DEDUÇÕES DO VALOR BRUTO DE EXPLORAÇÃO DE BENS, DIREITOS E PRESTAÇÃO DE SERVIÇOS - CONSOLIDAÇÃO;Não;Não
433910100;(-) VENDAS CANCELADAS E DEVOLUÇÕES;Não;Não
433910200;(-) ABATIMENTOS;Não;Não
433910300;(-) DESCONTOS INCONDICIONAIS;Não;Não
433910500;(-) ISS;Não;Não
433910600;(-) ICMS;Não;Não
433910700;(-) PIS/PASEP;Não;Não
433910900;(-) COFINS;Não;Não
433911000;(-) CONTRIBUIÇÕES PREVIDENCIARIAS PATRONAIS - RGPS;Não;Não
433919900;(-) OUTRAS DEDUÇÕES DE VENDAS;Não;Não
433920000;(-) DEDUÇÕES DO VALOR BRUTO DE EXPLORAÇÃO DE BENS, DIREITOS E PRESTAÇÃO DE SERVIÇOS - INTRA OFSS;Não;Não
433930000;(-) DEDUÇÕES DO VALOR BRUTO DE EXPLORAÇÃO DE BENS, DIREITOS E PRESTAÇÃO DE SERVIÇOS - INTER OFSS - UNIÃO;Não;Não
433940000;(-) DEDUÇÕES DO VALOR BRUTO DE EXPLORAÇÃO DE BENS, DIREITOS E PRESTAÇÃO DE SERVIÇOS - INTER OFSS - ESTADO;Não;Não
433950000;(-) DEDUÇÕES DO VALOR BRUTO DE EXPLORAÇÃO DE BENS, DIREITOS E PRESTAÇÃO DE SERVIÇOS - INTER OFSS - MUNICÍPIO;Não;Não
440000000;VARIAÇÕES PATRIMONIAIS AUMENTATIVAS FINANCEIRAS;Não;Não
441000000;JUROS E ENCARGOS DE EMPRÉSTIMOS E FINANCIAMENTOS CONCEDIDOS;Não;Não
441100000;JUROS E ENCARGOS DE EMPRÉSTIMOS INTERNOS CONCEDIDOS;Não;Não
441110000;JUROS E ENCARGOS DE EMPRÉSTIMOS INTERNOS CONCEDIDOS - CONSOLIDAÇÃO;Não;Não
441120000;JUROS E ENCARGOS DE EMPRÉSTIMOS INTERNOS CONCEDIDOS - INTRA OFSS;Não;Não
441130000;JUROS E ENCARGOS DE EMPRÉSTIMOS INTERNOS CONCEDIDOS - INTER OFSS - UNIÃO;Não;Não
441140000;JUROS E ENCARGOS DE EMPRÉSTIMOS INTERNOS CONCEDIDOS - INTER OFSS -ESTADO;Não;Não
441150000;JUROS E ENCARGOS DE EMPRÉSTIMOS INTERNOS CONCEDIDOS - INTER OFSS - MUNICÍPIO;Não;Não
441200000;JUROS E ENCARGOS DE EMPRÉSTIMOS EXTERNOS CONCEDIDOS;Não;Não
441210000;JUROS E ENCARGOS DE EMPRÉSTIMOS EXTERNOS CONCEDIDOS - CONSOLIDAÇÃO;Não;Não
441220000;JUROS E ENCARGOS DE EMPRÉSTIMOS EXTERNOS CONCEDIDOS - INTRA OFSS;Não;Não
441230000;JUROS E ENCARGOS DE EMPRÉSTIMOS EXTERNOS CONCEDIDOS - INTER OFSS - UNIÃO;Não;Não
441240000;JUROS E ENCARGOS DE EMPRÉSTIMOS EXTERNOS CONCEDIDOS - INTER OFSS - ESTADO;Não;Não
441250000;JUROS E ENCARGOS DE EMPRÉSTIMOS EXTERNOS CONCEDIDOS - INTER OFSS - MUNICÍPIO;Não;Não
441300000;JUROS E ENCARGOS DE FINANCIAMENTOS INTERNOS CONCEDIDOS;Não;Não
441310000;JUROS E ENCARGOS DE FINANCIAMENTOS INTERNOS CONCEDIDOS - CONSOLIDAÇÃO;Não;Não
441320000;JUROS E ENCARGOS DE FINANCIAMENTOS INTERNOS CONCEDIDOS - INTRA OFSS;Não;Não
441330000;JUROS E ENCARGOS DE FINANCIAMENTOS INTERNOS CONCEDIDOS - INTER OFSS - UNIÃO;Não;Não
441340000;JUROS E ENCARGOS DE FINANCIAMENTOS INTERNOS CONCEDIDOS - INTER OFSS - ESTADO;Não;Não
441350000;JUROS E ENCARGOS DE FINANCIAMENTOS INTERNOS CONCEDIDOS - INTER OFSS - MUNICÍPIO;Não;Não
441400000;JUROS E ENCARGOS DE FINANCIAMENTOS EXTERNOS CONCEDIDOS;Não;Não
441410000;JUROS E ENCARGOS DE FINANCIAMENTOS EXTERNOS CONCEDIDOS - CONSOLIDAÇÃO;Não;Não
442000000;JUROS E ENCARGOS DE MORA;Não;Não
442100000;JUROS E ENCARGOS DE MORA SOBRE EMPRÉSTIMOS E FINANCIAMENTOS INTERNOS CONCEDIDOS;Não;Não
442110000;JUROS E ENCARGOS DE MORA SOBRE EMPRÉSTIMOS E FINANCIAMENTOS INTERNOS CONCEDIDOS - CONSOLIDAÇÃO;Não;Não
442120000;JUROS E ENCARGOS DE MORA SOBRE EMPRÉSTIMOS E FINANCIAMENTOS INTERNOS CONCEDIDOS - INTRA;Não;Não
442130000;JUROS E ENCARGOS DE MORA SOBRE EMPRÉSTIMOS E FINANCIAMENTOS INTERNOS CONCEDIDOS - INTER OFSS - UNIÃO;Não;Não
442140000;JUROS E ENCARGOS DE MORA SOBRE EMPRÉSTIMOS E FINANCIAMENTOS INTERNOS CONCEDIDOS - INTER OFSS - ESTADO;Não;Não
442150000;JUROS E ENCARGOS DE MORA SOBRE EMPRÉSTIMOS E FINANCIAMENTOS INTERNOS CONCEDIDOS - INTER OFSS - MUNICÍPIO;Não;Não
442200000;JUROS E ENCARGOS DE MORA SOBRE EMPRÉSTIMOS E FINANCIAMENTOS EXTERNOS CONCEDIDOS;Não;Não
442210000;JUROS E ENCARGOS DE MORA SOBRE EMPRÉSTIMOS E FINANCIAMENTOS EXTERNOS CONCEDIDOS - CONSOLIDAÇÃO;Não;Não
442300000;JUROS E ENCARGOS DE MORA SOBRE FORNECIMENTOS DE BENS E SERVIÇOS;Não;Não
442310000;JUROS E ENCARGOS DE MORA SOBRE FORNECIMENTOS DE BENS E SERVIÇOS - CONSOLIDAÇÃO;Não;Não
442320000;JUROS E ENCARGOS DE MORA SOBRE FORNECIMENTOS DE BENS E SERVIÇOS - INTRA OFSS;Não;Não
442330000;JUROS E ENCARGOS DE MORA SOBRE FORNECIMENTOS DE BENS E SERVIÇOS - INTER OFSS - UNIÃO;Não;Não
442340000;JUROS E ENCARGOS DE MORA SOBRE FORNECIMENTOS DE BENS E SERVIÇOS - INTER OFSS - ESTADO;Não;Não
442350000;JUROS E ENCARGOS DE MORA SOBRE FORNECIMENTOS DE BENS E SERVIÇOS - INTER OFSS - MUNICÍPIO;Não;Não
442400000;JUROS E ENCARGOS DE MORA SOBRE CRÉDITOS TRIBUTÁRIOS;Não;Não
442410000;JUROS E ENCARGOS DE MORA SOBRE CRÉDITOS TRIBUTÁRIOS - CONSOLIDAÇÃO;Não;Não
442410100;MULTAS E JUROS SOBRE IMPOSTO SOBRE A RENDA E PROVENTOS DE QUALQUER NATUREZA;Não;Não
442410200;MULTAS E JUROS SOBRE IPVA;Não;Não
442410300;MULTAS E JUROS SOBRE ITCMD;Não;Não
442410400; MULTAS E JUROS SOBRE ICMS;Não;Não
442410500;MULTAS E JUROS SOBRE IPTU;Não;Não
442410600;MULTAS E JUROS SOBRE ITBI;Não;Não
442410700;MULTAS E JUROS SOBRE ISS;Não;Não
442410800;MULTAS E JUROS SOBRE ITR;Não;Não
442410900;MULTAS E JUROS SOBRE TAXAS PELO EXERCÍCIO DO PODER DE POLÍCIA;Não;Não
442411000;MULTAS E JUROS TAXAS PELA PRESTAÇÃO DE SERVIÇOS;Não;Não
442411100;MULTAS E JUROS CONTRIBUIÇÕES DE MELHORIA;Não;Não
442411300;MULTAS E JUROS DEMAIS CONTRIBUIÇÕES;Não;Não
442411400;MULTAS E JUROS CONTRIBUIÇÃO PARA O CUSTEIO DO SERVIÇO DE ILUMINAÇÃO PÚBLICA;Não;Não
442411500;MULTAS E JUROS CRÉDITOS TRIBUTARIOS PARCELADOS;Não;Não
442411600;MULTAS E JUROS DE DÍVIDA ATIVA TRIBUTÁRIA;Não;Não
442419700;(-) DEDUÇÕES;Não;Não
442419900;JUROS E ENCARGOS DE MORA SOBRE OUTROS CRÉDITOS TRIBUTÁRIOS;Não;Não
442420000;JUROS E ENCARGOS DE MORA SOBRE CRÉDITOS TRIBUTÁRIOS - INTRA OFSS;Não;Não
442430000;JUROS E ENCARGOS DE MORA SOBRE CRÉDITOS TRIBUTÁRIOS - INTER OFSS - UNIÃO;Não;Não
442440000;JUROS E ENCARGOS DE MORA SOBRE CRÉDITOS TRIBUTÁRIOS - INTER OFSS - ESTADO;Não;Não
442450000;JUROS E ENCARGOS DE MORA SOBRE CRÉDITOS TRIBUTÁRIOS - INTER OFSS - MUNICÍPIO;Não;Não
442500000;JUROS E ENCARGOS DE MORA SOBRE CRÉDITOS PREVIDENCIÁRIOS;Não;Não
442510000;JUROS E ENCARGOS DE MORA SOBRE CRÉDITOS PREVIDENCIÁRIOS - CONSOLIDAÇÃO;Não;Não
442520000;JUROS E ENCARGOS DE MORA SOBRE CRÉDITOS PREVIDENCIÁRIOS - INTRA OFSS;Não;Não
442520100;MULTAS E JUROS SOBRE CONTRIBUIÇÕES PREVIDENCIÁRIAS - INTRA OFSS;Não;Não
442520101;MULTAS E JUROS SOBRE CONTRIBUIÇÕES PREVIDENCIÁRIAS - PATRONAL - INTRA OFSS;Não;Não
442520102;MULTAS E JUROS SOBRE CONTRIBUIÇÕES PREVIDENCIÁRIAS - SERVIDOR, APOSENTADO E PENSIONISTA;Não;Não
442520199;DEMAIS MULTAS E JUROS SOBRE CONTRIBUIÇÕES PREVIDENCIÁRIAS;Não;Não
442520200;MULTAS E JUROS SOBRE CONTRIBUIÇÕES PREVIDENCIÁRIAS - PARCELADAS;Não;Não
442520201;MULTAS E JUROS SOBRE CONTRIBUIÇÕES PREVIDENCIÁRIAS - PARCELADAS - PATRONAL;Não;Não
442520202;MULTAS E JUROS SOBRE CONTRIBUIÇÕES PREVIDENCIÁRIAS - PARCELADAS - SERVIDOR, APOSENTADO E PENSIONISTA;Não;Não
442520299;DEMAIS MULTAS E JUROS SOBRE CONTRIBUIÇÕES PREVIDENCIÁRIAS - PARCELADAS;Não;Não
442529900;DEMAIS JUROS E ENCARGOS DE MORA SOBRE CRÉDITOS PREVIDENCIÁRIOS;Não;Não
442530000;JUROS E ENCARGOS DE MORA SOBRE CRÉDITOS PREVIDENCIÁRIOS - INTER OFSS UNIÃO;Não;Não
442540000;JUROS E ENCARGOS DE MORA SOBRE CRÉDITOS PREVIDENCIÁRIOS - INTER OFSS ESTADO;Não;Não
442550000;JUROS E ENCARGOS DE MORA SOBRE CRÉDITOS PREVIDENCIÁRIOS - INTER OFSS MUNICÍPIO;Não;Não
442600000;JUROS E ENCARGOS DE MORA DE EMPRÉSTIMOS E FINANCIAMENTOS OBTIDOS;Não;Não
442610000;JUROS E ENCARGOS DE MORA DE EMPRÉSTIMOS E FINANCIAMENTOS OBTIDOS - CONSOLIDAÇÃO;Não;Não
442620000;JUROS E ENCARGOS DE MORA DE EMPRÉSTIMOS E FINANCIAMENTOS OBTIDOS - INTRA OFSS;Não;Não
442630000;JUROS E ENCARGOS DE MORA DE EMPRÉSTIMOS E FINANCIAMENTOS OBTIDOS - INTER OFSS - UNIÃO;Não;Não
442640000;JUROS E ENCARGOS DE MORA DE EMPRÉSTIMOS E FINANCIAMENTOS OBTIDOS - INTER OFSS - ESTADO;Não;Não
442650000;JUROS E ENCARGOS DE MORA DE EMPRÉSTIMOS E FINANCIAMENTOS OBTIDOS - INTER OFSS - MUNICIPIO;Não;Não
442900000;OUTROS JUROS E ENCARGOS DE MORA;Não;Não
442910000;OUTROS JUROS E ENCARGOS DE MORA - CONSOLIDAÇÃO;Não;Não
442920000;OUTROS JUROS E ENCARGOS DE MORA - INTRA OFSS;Não;Não
442930000;OUTROS JUROS E ENCARGOS DE MORA - INTER OFSS - UNIÃO;Não;Não
442940000;OUTROS JUROS E ENCARGOS DE MORA - INTER OFSS - ESTADO;Não;Não
442950000;OUTROS JUROS E ENCARGOS DE MORA - INTER OFSS - MUNICÍPIO;Não;Não
443000000;VARIAÇÕES MONETÁRIAS E CAMBIAIS;Não;Não
443100000;VARIAÇÕES MONETÁRIAS E CAMBIAIS DE EMPRÉSTIMOS INTERNOS CONCEDIDOS;Não;Não
443110000;VARIAÇÕES MONETÁRIAS E CAMBIAIS DE EMPRÉSTIMOS INTERNOS CONCEDIDOS - CONSOLIDAÇÃO;Não;Não
443110100;VARIAÇÕES MONETÁRIAS DE EMPRÉSTIMOS INTERNOS CONCEDIDOS - CONSOLIDAÇÃO;Não;Não
443110200;VARIAÇÕES CAMBIAIS DE EMPRÉSTIMOS INTERNOS CONCEDIDOS - CONSOLIDAÇÃO;Não;Não
443119900;OUTRAS VARIAÇÕES MONETÁRIAS E CAMBIAIS DE EMPRÉSTIMOS INTERNOS CONCEDIDOS;Não;Não
443120000;VARIAÇÕES MONETÁRIAS E CAMBIAIS DE EMPRÉSTIMOS INTERNOS CONCEDIDOS - INTRA OFSS;Não;Não
443130000;VARIAÇÕES MONETÁRIAS E CAMBIAIS DE EMPRÉSTIMOS INTERNOS CONCEDIDOS - INTER OFSS - UNIÃO;Não;Não
443130100;VARIAÇÕES MONETÁRIAS DE EMPRÉSTIMOS INTERNOS CONCEDIDOS - INTER OFSS - UNIÃO;Não;Não
443140000;VARIAÇÕES MONETÁRIAS E CAMBIAIS DE EMPRÉSTIMOS INTERNOS CONCEDIDOS - INTER OFSS - ESTADO;Não;Não
443140100;VARIAÇÕES MONETÁRIAS DE EMPRÉSTIMOS INTERNOS CONCEDIDOS - INTER OFSS - ESTADO;Não;Não
443150000;VARIAÇÕES MONETÁRIAS E CAMBIAIS DE EMPRÉSTIMOS INTERNOS CONCEDIDOS - INTER OFSS - MUNICÍPIO;Não;Não
443150100;VARIAÇÕES MONETÁRIAS DE EMPRÉSTIMOS INTERNOS CONCEDIDOS - INTER OFSS - MUNICÍPIO;Não;Não
443200000;VARIAÇÕES MONETÁRIAS E CAMBIAIS DE EMPRÉSTIMOS EXTERNOS CONCEDIDOS;Não;Não
443210000;VARIAÇÕES MONETÁRIAS E CAMBIAIS DE EMPRÉSTIMOS EXTERNOS CONCEDIDOS - CONSOLIDAÇÃO;Não;Não
443210100;VARIAÇÕES MONETÁRIAS DA DÍVIDA CONTRATUAL EXTERNA;Não;Não
443210200;VARIAÇÕES CAMBIAIS DE DÍVIDA CONTRATUAL EXTERNA;Não;Não
443300000;VARIAÇÕES MONETÁRIAS E CAMBIAIS DE FINANCIAMENTOS INTERNOS CONCEDIDOS;Não;Não
443310000;VARIAÇÕES MONETÁRIAS E CAMBIAIS DE FINANCIAMENTOS INTERNOS CONCEDIDOS - CONSOLIDAÇÃO;Não;Não
443310100;VARIAÇÕES MONETÁRIAS DE FINANCIAMENTOS INTERNOS CONCEDIDOS - CONSOLIDAÇÃO;Não;Não
443319900;OUTRAS VARIAÇÕES MONETÁRIAS E CAMBIAIS DE FINANCIAMENTOS INTERNOS CONCEDIDOS;Não;Não
443320000;VARIAÇÕES MONETÁRIAS E CAMBIAIS DE FINANCIAMENTOS INTERNOS CONCEDIDOS - INTRA OFSS;Não;Não
443330000;VARIAÇÕES MONETÁRIAS E CAMBIAIS DE FINANCIAMENTOS INTERNOS CONCEDIDOS - INTER OFSS - UNIÃO;Não;Não
443330100;VARIAÇÕES MONETÁRIAS DE FINANCIAMENTOS INTERNOS CONCEDIDOS - INTER OFSS - UNIÃO;Não;Não
443340000;VARIAÇÕES MONETÁRIAS E CAMBIAIS DE FINANCIAMENTOS INTERNOS CONCEDIDOS - INTER OFSS - ESTADO;Não;Não
443340100;VARIAÇÕES MONETÁRIAS DE FINANCIAMENTOS INTERNOS CONCEDIDOS - INTER OFSS - ESTADO;Não;Não
443350000;VARIAÇÕES MONETÁRIAS E CAMBIAIS DE FINANCIAMENTOS INTERNOS CONCEDIDOS - INTER OFSS - MUNICÍPIO;Não;Não
443350100;VARIAÇÕES MONETÁRIAS DE FINANCIAMENTOS INTERNOS CONCEDIDOS - INTER OFSS - MUNICÍPIO;Não;Não
443400000;VARIAÇÕES MONETÁRIAS E CAMBIAIS DE FINANCIAMENTOS EXTERNOS CONCEDIDOS;Não;Não
443410000;VARIAÇÕES MONETÁRIAS E CAMBIAIS DE FINANCIAMENTOS EXTERNOS CONCEDIDOS - CONSOLIDAÇÃO;Não;Não
443410100;VARIAÇÕES MONETÁRIAS DE FINANCIAMENTOS EXTERNOS CONCEDIDOS - CONSOLIDAÇÃO;Não;Não
443410200;VARIAÇÕES CAMBIAIS DE FINANCIAMENTOS EXTERNOS CONCEDIDOS - CONSOLIDAÇÃO;Não;Não
443500000;VARIAÇÕES MONETÁRIAS E CAMBIAIS DE EMPRÉSTIMOS E FINANCIAMENTOS OBTIDOS;Não;Não
443510000;VARIAÇÕES MONETÁRIAS E CAMBIAIS DE EMPRÉSTIMOS E FINANCIAMENTOS OBTIDOS - CONSOLIDAÇÃO;Não;Não
443510100;VARIAÇÕES MONETÁRIAS DE EMPRÉSTIMOS E FINANCIAMENTOS OBTIDOS - CONSOLIDAÇÃO;Não;Não
443510200;VARIAÇÕES CAMBIAIS DE EMPRÉSTIMOS E FINANCIAMENTOS OBTIDOS - CONSOLIDAÇÃO;Não;Não
443520000;VARIAÇÕES MONETÁRIAS E CAMBIAIS DE EMPRÉSTIMOS E FINANCIAMENTOS OBTIDOS - INTRA OFSS;Não;Não
443520100;VARIAÇÕES MONETÁRIAS DE EMPRÉSTIMOS E FINANCIAMENTOS OBTIDOS - INTRA OFSS;Não;Não
443520200;VARIAÇÕES CAMBIAIS DE EMPRÉSTIMOS E FINANCIAMENTOS OBTIDOS - INTRA OFSS;Não;Não
443530000;VARIAÇÕES MONETÁRIAS E CAMBIAIS DE EMPRÉSTIMOS E FINANCIAMENTOS OBTIDOS - INTER OFSS - UNIÃO;Não;Não
443530100;VARIAÇÕES MONETÁRIAS DE EMPRÉSTIMOS E FINANCIAMENTOS OBTIDOS - INTER OFSS - UNIÃO;Não;Não
443530200;VARIAÇÕES CAMBIAIS DE EMPRÉSTIMOS E FINANCIAMENTOS OBTIDOS - INTER OFSS - UNIÃO;Não;Não
443540000;VARIAÇÕES MONETÁRIAS E CAMBIAIS DE EMPRÉSTIMOS E FINANCIAMENTOS OBTIDOS - INTER OFSS - ESTADO;Não;Não
443540100;VARIAÇÕES MONETÁRIAS DE EMPRÉSTIMOS E FINANCIAMENTOS OBTIDOS - INTER OFSS - ESTADO;Não;Não
443540200;VARIAÇÕES CAMBIAIS DE EMPRÉSTIMOS E FINANCIAMENTOS OBTIDOS - INTER OFSS - ESTADO;Não;Não
443550000;VARIAÇÕES MONETÁRIAS E CAMBIAIS DE EMPRÉSTIMOS E FINANCIAMENTOS OBTIDOS - INTER OFSS - MUNICIPIO;Não;Não
443550100;VARIAÇÕES MONETÁRIAS DE EMPRÉSTIMOS E FINANCIAMENTOS OBTIDOS - INTER OFSS - MUNICIPIO;Não;Não
443550200;VARIAÇÕES CAMBIAIS DE EMPRÉSTIMOS E FINANCIAMENTOS OBTIDOS - INTER OFSS - MUNICIPIO;Não;Não
443900000;OUTRAS VARIAÇÕES MONETÁRIAS E CAMBIAIS;Não;Não
443910000;OUTRAS VARIAÇÕES MONETÁRIAS E CAMBIAIS - CONSOLIDAÇÃO;Não;Não
443910100;OUTRAS VARIAÇÕES MONETARIAS;Não;Não
443910101;ENCARGOS FINANCEIROS DEDUTÍVEIS;Não;Não
443910102;ENCARGOS FINANCEIROS INDEDUTÍVEIS;Não;Não
443910170;ATUALIZAÇÃO MONETÁRIA DE PRECATÓRIOS;Não;Não
443910199;DEMAIS VARIAÇÕES MONETÁRIAS;Não;Não
443919900;OUTRAS VARIAÇÕES CAMBIAIS;Não;Não
443920000;OUTRAS VARIAÇÕES MONETÁRIAS E CAMBIAIS - INTRA OFSS;Não;Não
443930000;OUTRAS VARIAÇÕES MONETÁRIAS E CAMBIAIS - INTER OFSS - UNIÃO;Não;Não
443930100;OUTRAS VARIAÇÕES MONETARIAS;Não;Não
443930101;ENCARGOS FINANCEIROS DEDUTÍVEIS;Não;Não
443930102;ENCARGOS FINANCEIROS INDEDUTÍVEIS;Não;Não
443930170;ATUALIZAÇÃO MONETÁRIA DE PRECATÓRIOS;Não;Não
443930171;ATUALIZAÇÃO MONETÁRIA DE TRIBUTOS RENEGOCIADOS;Não;Não
443930199;DEMAIS VARIAÇÕES MONETÁRIAS;Não;Não
443930200;OUTRAS VARIAÇÕES CAMBIAIS;Não;Não
443940000;OUTRAS VARIAÇÕES MONETÁRIAS E CAMBIAIS - INTER OFSS - ESTADO;Não;Não
443940100;OUTRAS VARIAÇÕES MONETARIAS;Não;Não
443940200;OUTRAS VARIAÇÕES CAMBIAIS;Não;Não
443950000;OUTRAS VARIAÇÕES MONETÁRIAS E CAMBIAIS - INTER OFSS - MUNICÍPIO;Não;Não
443950100;OUTRAS VARIAÇÕES MONETARIAS;Não;Não
443950200;OUTRAS VARIAÇÕES CAMBIAIS;Não;Não
444000000;DESCONTOS FINANCEIROS OBTIDOS;Não;Não
444100000;DESCONTOS FINANCEIROS OBTIDOS;Não;Não
444110000;DESCONTOS FINANCEIROS OBTIDOS - CONSOLIDAÇÃO;Não;Não
444120000;DESCONTOS FINANCEIROS OBTIDOS - INTRA OFSS;Não;Não
444130000;DESCONTOS FINANCEIROS OBTIDOS - INTER OFSS - UNIÃO;Não;Não
444140000;DESCONTOS FINANCEIROS OBTIDOS - INTER OFSS - ESTADO;Não;Não
444150000;DESCONTOS FINANCEIROS OBTIDOS - INTER OFSS - MUNICÍPIO;Não;Não
445000000;REMUNERAÇÃO DE DEPÓSITOS BANCÁRIOS E APLICAÇÕES FINANCEIRAS;Não;Não
445100000;REMUNERAÇÃO DE DEPÓSITOS BANCÁRIOS;Não;Não
445110000;REMUNERAÇÃO DE DEPÓSITOS BANCÁRIOS - CONSOLIDAÇÃO;Não;Não
445200000;REMUNERAÇÃO DE APLICAÇÕES FINANCEIRAS;Não;Não
445210000;REMUNERAÇÃO DE APLICAÇÕES FINANCEIRAS - CONSOLIDAÇÃO;Não;Não
445220000;REMUNERAÇÃO DE APLICAÇÕES FINANCEIRAS - INTRA OFSS;Não;Não
446000000;JUROS E ENCARGOS DE EMPRÉSTIMOS OBTIDOS;Não;Não
446100000;JUROS E ENCARGOS DE EMPRÉSTIMOS  OBTIDOS;Não;Não
446110000;JUROS E ENCARGOS DE EMPRÉSTIMOS OBTIDOS - CONSOLIDAÇÃO;Não;Não
446120000;JUROS E ENCARGOS DE EMPRÉSTIMOS OBTIDOS - INTRA - OFSS;Não;Não
446130000;JUROS E ENCARGOS DE EMPRÉSTIMOS OBTIDOS - INTER OFSS - UNIÃO;Não;Não
446140000;JUROS E ENCARGOS DE EMPRÉSTIMOS OBTIDOS - INTER OFSS - UNIÃO;Não;Não
446150000;JUROS E ENCARGOS DE EMPRÉSTIMOS OBTIDOS - INTER OFSS - MUNICÍPIO;Não;Não
448000000;APORTES DO BANCO CENTRAL;Não;Não
448100000;RESULTADO POSITIVO DO BANCO CENTRAL;Não;Não
448110000;RESULTADO POSITIVO DO BANCO CENTRAL - CONSOLIDAÇÃO;Não;Não
449000000;OUTRAS VARIAÇÕES PATRIMONIAIS AUMENTATIVAS - FINANCEIRAS;Não;Não
449100000;OUTRAS VARIAÇÕES PATRIMONIAIS AUMENTATIVAS - FINANCEIRAS;Não;Não
449110000;OUTRAS VARIAÇÕES PATRIMONIAIS AUMENTATIVAS - FINANCEIRAS - CONSOLIDAÇÃO;Não;Não
449120000;OUTRAS VARIAÇÕES PATRIMONIAIS AUMENTATIVAS - FINANCEIRAS - INTRA OFSS;Não;Não
449130000;OUTRAS VARIAÇÕES PATRIMONIAIS AUMENTATIVAS - FINANCEIRAS - INTER OFSS - UNIÃO;Não;Não
449140000;OUTRAS VARIAÇÕES PATRIMONIAIS AUMENTATIVAS - FINANCEIRAS - INTER OFSS - ESTADO;Não;Não
449150000;OUTRAS VARIAÇÕES PATRIMONIAIS AUMENTATIVAS - FINANCEIRAS - INTER OFSS - MUNICÍPIO;Não;Não
450000000;TRANSFERÊNCIAS E DELEGAÇÕES RECEBIDAS;Não;Não
451000000;TRANSFERÊNCIAS INTRAGOVERNAMENTAIS;Não;Não
451100000;TRANSFERÊNCIAS RECEBIDAS PARA A EXECUÇÃO ORÇAMENTÁRIA;Não;Não
451120000;TRANSFERÊNCIAS RECEBIDAS PARA A EXECUÇÃO ORÇAMENTÁRIA - INTRA OFSS;Não;Não
451120100;COTA RECEBIDA;Não;Não
451120200;REPASSE RECEBIDO;Não;Não
451120300;SUB-REPASSE RECEBIDO;Não;Não
451120400;RECURSOS ARRECADADOS - RECEBIDOS;Não;Não
451120500;VALORES DIFERIDOS - BAIXA;Não;Não
451120800;VALORES DIFERIDOS - INSCRIÇÃO;Não;Não
451120900;DEVOLUÇÃO DE TRANSFERÊNCIAS CONCEDIDAS;Não;Não
451129900;OUTRAS TRANSFERÊNCIAS RECEBIDAS PARA EXECUÇÃO ORÇAMENTÁRIA;Não;Não
451200000;TRANSFERÊNCIAS RECEBIDAS INDEPENDENTES DE EXECUÇÃO ORÇAMENTÁRIA;Não;Não
451220000;TRANSFERÊNCIAS RECEBIDAS INDEPENDENTES DE EXECUÇÃO ORÇAMENTÁRIA - INTRA OFSS;Não;Não
451220100;TRANSFERÊNCIAS FINANCEIRAS RECEBIDAS - INDEPENDENTES DE EXECUÇÃO ORÇAMENTÁRIA;Não;Não
451220101;ORDEM DE TRANSFERÊNCIAS RECEBIDAS;Não;Não
451220103;MOVIMENTO DE FUNDOS A DÉBITO - CORRESPONDÊNCIA DE DÉBITOS - SALDOS FINANCEIROS;Não;Não
451220199;OUTRAS TRANSFERÊNCIAS FINANCEIRAS RECEBIDAS - INDEPENDENTES DE EXECUÇÃO ORÇAMENTÁRIA;Não;Não
451220200;TRANSFERÊNCIAS NÃO FINANCEIRAS RECEBIDAS - INDEPENDENTES DE EXECUÇÃO ORÇAMENTÁRIA;Não;Não
451220201;TRANSFERÊNCIAS RECEBIDAS DE BENS IMÓVEIS;Não;Não
451220202;TRANSFERÊNCIAS RECEBIDAS DE BENS IMÓVEIS;Não;Não
451220203;TRANSFERÊNCIAS RECEBIDAS DE BENS MÓVEIS;Não;Não
451220204;TRANSFERÊNCIAS RECEBIDAS DE BENS MÓVEIS;Não;Não
451220205;TRANSFERÊNCIAS CONCEDIDAS DE TÍTULOS E VALORES;Não;Não
451220206;TRANSFERÊNCIAS CONCEDIDAS DE TÍTULOS DA DÍVIDA ATIVA;Não;Não
451220299;OUTRAS TRANSFERÊNCIAS NÃO FINANCEIRAS RECEBIDAS - INDEPENDENTES DE EXECUÇÃO ORÇAMENTÁRIA;Não;Não
451220900;DEVOLUÇÃO DE TRANSFERÊNCIAS;Não;Não
451229900;OUTRAS TRANSFERÊNCIAS RECEBIDAS INDEPENDENTES DE EXECUÇÃO ORÇAMENTÁRIA;Não;Não
451300000;TRANSFERÊNCIAS RECEBIDAS PARA APORTES DE RECURSOS PARA O RPPS;Não;Não
451320000;TRANSFERÊNCIAS RECEBIDAS PARA APORTES DE RECURSOS PARA O RPPS - INTRA OFSS;Não;Não
451320100;FUNDO EM REPARTIÇÃO;Não;Não
451320101;  RECURSOS PARA COBERTURA DE INSUFICIÊNCIAS FINANCEIRAS;Não;Não
451320102;    RECURSOS PARA FORMAÇÃO DE RESERVA;Não;Não
451320199;    OUTROS APORTES PARA O RPPS;Não;Não
451320200;FUNDO EM CAPITALIZAÇÃO;Não;Não
451320201;    RECURSOS PARA COBERTURA DE DÉFICIT FINANCEIRO;Não;Não
451320202;    RECURSOS PARA COBERTURA DE DÉFICIT ATUARIAL - APORTES PERIÓDICOS;Não;Não
451320203;TRANSFERÊNCIA DE BENS IMÓVEIS;Não;Não
451320204;TRANSFERÊNCIA DE BENS MÓVEIS;Não;Não
451320205;    RECURSOS PARA COBERTURA DE DÉFICIT ATUARIAL - ALÍQUOTA SUPLEMENTAR;Não;Não
451320299;    OUTROS APORTES PARA O RPPS;Não;Não
451329900;OUTRAS TRANSFERENCIAS RECEBIDAS PARA APORTES DE RECURSOS PARA O RPPS;Não;Não
451400000;TRANSFERÊNCIAS RECEBIDAS PARA APORTES DE RECURSOS PARA O RGPS;Não;Não
451420000;TRANSFERÊNCIAS RECEBIDAS PARA APORTES DE RECURSOS PARA O RGPS - INTRA OFSS;Não;Não
451420100; RECURSOS PARA COBERTURA DE INSUFICIÊNCIAS FINANCEIRAS;Não;Não
451420101;    PROVENIENTES DO ORÇAMENTO DA SEGURIDADE SOCIAL;Não;Não
451420102; PROVENIENTES DO ORÇAMENTO FISCAL;Não;Não
451420199; OUTROS RECURSOS PARA COBERTURA DE INSUFICIÊNCIAS FINANCEIRAS;Não;Não
451420200;  RECURSOS PARA FORMAÇÃO DE RESERVA;Não;Não
451429900;  OUTROS APORTES PARA O RGPS;Não;Não
451500000;TRANSFERÊNCIAS RECEBIDAS PARA O SISTEMA DE PROTEÇÃO SOCIAL DOS MILITARES (SPSM);Não;Não
451520000;TRANSFERÊNCIAS RECEBIDAS PARA O SISTEMA DE PROTEÇÃO SOCIAL DOS MILITARES (SPSM) - INTRA OFSS;Não;Não
452000000;TRANSFERÊNCIAS INTER GOVERNAMENTAIS;Não;Não
452100000;TRANSFERÊNCIAS CONSTITUCIONAIS E LEGAIS DE RECEITAS;Não;Não
452110000;TRANSFERÊNCIAS CONSTITUCIONAIS E LEGAIS DE RECEITAS - CONSOLIDAÇÃO;Não;Não
452130000;TRANSFERÊNCIAS CONSTITUCIONAIS E LEGAIS DE RECEITAS - INTER OFSS - UNIÃO;Não;Não
452130100;COTA-PARTE FPE;Não;Não
452130200;COTA-PARTE FPM;Não;Não
452130300;COTA-PARTE ITR;Não;Não
452130400;COTA-PARTE IPI;Não;Não
452130500;COTA-PARTE IMPOSTO SOBRE OPERAÇÕES DE CRÉDITO, CAMBIO E SEGURO, OU RELATIVA A TITULOS OU VALORES MOBILIARIOS - COMERCIALIZAÇÃO DO OURO;Não;Não
452130600;TRANSFERENCIA DA COMPENSAÇÃO FINANCEIRA PELA EXPLORAÇÃO DE RECURSOS NATURAIS;Não;Não
452130700;TRANSFERÊNCIAS DE RECURSOS DO SUS;Não;Não
452130800;TRANSFERÊNCIAS DE RECURSOS DO FUNDO NACIONAL DE ASSITENCIA SOCIAL - FNAS;Não;Não
452130900;TRANSFERÊNCIAS DE RECURSOS DO FUNDO NACIONAL DO DESENVOLVIMENTO DA EDUCAÇÃO - FNDE;Não;Não
452131000;TRANSFERENCIA FINANCEIRA DO ICMS DESONERAÇÃO - LC 87/96 (LEI KANDIR);Não;Não
452139900;OUTRAS PARTICIPAÇÕES NA RECEITA DA UNIÃO;Não;Não
452140000;TRANSFERÊNCIAS CONSTITUCIONAIS E LEGAIS DE RECEITAS - INTER OFSS - ESTADO;Não;Não
452140100;COTA-PARTE ICMS;Não;Não
452140200;COTA-PARTE IPVA;Não;Não
452140300;COTA-PARTE IPI-EXPORTAÇÃO;Não;Não
452140400;COTA-PARTE DA CONTRIBUIÇÃO DE INTERVENÇÃO NO DOMÍNIO ECONÔMICO;Não;Não
452140500;TRANSFERÊNCIA DA COMPENSAÇÃO FINANCEIRA PELA EXPLORAÇÃO DE RECURSOS NATURAIS;Não;Não
452140600;TRANSFERÊNCIA DE RECURSOS DO ESTADO PARA PROGRAMAS DE SAÚDE - REPASSE FUNDO A FUNDO;Não;Não
452149900;OUTRAS PARTICIPAÇÕES NA RECEITA DOS ESTADOS;Não;Não
452200000;TRANSFERÊNCIAS DO FUNDEB;Não;Não
452230000;TRANSFERÊNCIAS DO FUNDEB - INTER OFSS - UNIÃO;Não;Não
452240000;TRANSFERÊNCIAS DO FUNDEB - INTER OFSS - ESTADO;Não;Não
452300000;TRANSFERÊNCIAS VOLUNTÁRIAS;Não;Não
452310000;TRANSFERÊNCIAS VOLUNTÁRIAS - CONSOLIDAÇÃO;Não;Não
452330000;TRANSFERÊNCIAS VOLUNTÁRIAS - INTER OFSS - UNIÃO;Não;Não
452330100;CONTRIBUIÇÕES;Não;Não
452330200;AUXÍLIOS;Não;Não
452330300;SUBVENÇÕES SOCIAIS;Não;Não
452330400;SUBVENÇÕES ECONÔMICAS;Não;Não
452339900;DEMAIS TRANSFERÊNCIAS VOLUNTÁRIAS;Não;Não
452340000;TRANSFERÊNCIAS VOLUNTÁRIAS - INTER OFSS - ESTADO;Não;Não
452340100;CONTRIBUIÇÕES;Não;Não
452340200;AUXÍLIOS;Não;Não
452340300;SUBVENÇÕES SOCIAIS;Não;Não
452340400;SUBVENÇÕES ECONÔMICAS;Não;Não
452349900;DEMAIS TRANSFERÊNCIAS VOLUNTÁRIAS;Não;Não
452350000;TRANSFERÊNCIAS VOLUNTÁRIAS - INTER OFSS - MUNICÍPIO;Não;Não
452350100;CONTRIBUIÇÕES;Não;Não
452350200;AUXÍLIOS;Não;Não
452350300;SUBVENÇÕES SOCIAIS;Não;Não
452350400;SUBVENÇÕES ECONÔMICAS;Não;Não
452359900;DEMAIS TRANSFERÊNCIAS VOLUNTÁRIAS;Não;Não
452400000;OUTRAS TRANSFERÊNCIAS;Não;Não
452410000;OUTRAS TRANSFERÊNCIAS - CONSOLIDAÇÃO;Não;Não
452430000;OUTRAS TRANSFERÊNCIAS - INTER OFSS - UNIÃO;Não;Não
452440000;OUTRAS TRANSFERÊNCIAS - INTER OFSS - ESTADO;Não;Não
452450000;OUTRAS TRANSFERÊNCIAS - INTER OFSS - MUNICÍPIO;Não;Não
453000000;TRANSFERÊNCIAS DAS INSTITUIÇÕES PRIVADAS;Não;Não
453100000;TRANSFERÊNCIAS DAS INSTITUIÇÕES PRIVADAS SEM FINS LUCRATIVOS;Não;Não
453110000;TRANSFERÊNCIAS DAS INSTITUIÇÕES PRIVADAS SEM FINS LUCRATIVOS - CONSOLIDAÇÃO;Não;Não
453110100;TRANSFERÊNCIAS DAS INSTITUIÇÕES PRIVADAS SEM FINS LUCRATIVOS PARA CONVÊNIOS;Não;Não
453110200;TRANSFERÊNCIAS DAS INSTITUIÇÕES PRIVADAS SEM FINS LUCRATIVOS PARA COMBATE A FOME;Não;Não
453119900;OUTRAS TRANSFERÊNCIAS DAS INSTITUIÇÕES PRIVADAS SEM FINS LUCRATIVOS;Não;Não
453200000;TRANSFERÊNCIAS DAS INSTITUIÇÕES PRIVADAS COM FINS LUCRATIVOS;Não;Não
453210000;TRANSFERÊNCIAS DAS INSTITUIÇÕES PRIVADAS COM FINS LUCRATIVOS - CONSOLIDAÇÃO;Não;Não
453210100;TRANSFERÊNCIAS DAS INSTITUIÇÕES PRIVADAS COM FINS LUCRATIVOS PARA CONVÊNIOS;Não;Não
453210200;TRANSFERÊNCIAS DAS INSTITUIÇÕES PRIVADAS COM FINS LUCRATIVOS PARA COMBATE A FOME;Não;Não
453219900;OUTRAS TRANSFERÊNCIAS DAS INSTITUIÇÕES PRIVADAS COM FINS LUCRATIVOS;Não;Não
454000000;TRANSFERÊNCIAS DAS INSTITUIÇÕES MULTIGOVERNAMENTAIS;Não;Não
454100000;TRANSFERÊNCIAS DAS INSTITUIÇÕES MULTIGOVERNAMENTAIS;Não;Não
454110000;TRANSFERÊNCIAS DAS INSTITUIÇÕES MULTIGOVERNAMENTAIS - CONSOLIDAÇÃO;Não;Não
454119900;OUTRAS TRANSFERÊNCIAS MULTIGOVERNAMENTAIS;Não;Não
455000000;TRANSFERÊNCIAS DE CONSÓRCIOS PÚBLICOS;Não;Não
455100000;TRANSFERÊNCIAS DE CONSÓRCIOS PÚBLICOS;Não;Não
455110000;TRANSFERÊNCIAS DE CONSÓRCIOS PÚBLICOS - CONSOLIDAÇÃO;Não;Não
456000000;TRANSFERÊNCIAS DO EXTERIOR;Não;Não
456100000;TRANSFERÊNCIAS DO EXTERIOR;Não;Não
456110000;TRANSFERÊNCIAS DO EXTERIOR - CONSOLIDAÇÃO;Não;Não
457000000;EXECUÇÃO ORÇAMENTÁRIA DELEGADA;Não;Não
457100000;EXECUÇÃO ORÇAMENTÁRIA DELEGADA DE ENTES;Não;Não
457130000;EXECUÇÃO ORÇAMENTÁRIA DELEGADA DE ENTES - INTER OFSS - UNIÃO;Não;Não
457130100;DIÁRIAS;Não;Não
457130200;PASSAGENS E DESPESAS COM LOCOMOÇÃO;Não;Não
457130300;MATERIAL DE CONSUMO;Não;Não
457130400;OUTROS SERVIÇOS DE TERCEIRO PESSOA FÍSICA;Não;Não
457130500;OUTROS SERVIÇOS DE TERCEIRO PESSOA JURÍDICA;Não;Não
457130600;INDENIZAÇÕES E RESTITUIÇÕES;Não;Não
457139900;DEMAIS VPAS COM DELEGAÇÕES;Não;Não
457140000;EXECUÇÃO ORÇAMENTÁRIA DELEGADA DE ENTES - INTER OFSS - ESTADO;Não;Não
457140100;DIÁRIAS;Não;Não
457140200;PASSAGENS E DESPESAS COM LOCOMOÇÃO;Não;Não
457140300;MATERIAL DE CONSUMO;Não;Não
457140400;OUTROS SERVIÇOS DE TERCEIRO PESSOA FÍSICA;Não;Não
457140500;OUTROS SERVIÇOS DE TERCEIRO PESSOA JURÍDICA;Não;Não
457140600;INDENIZAÇÕES E RESTITUIÇÕES;Não;Não
457149900;DEMAIS VPAS COM DELEGAÇÕES;Não;Não
457150000;EXECUÇÃO ORÇAMENTÁRIA DELEGADA DE ENTES - INTER OFSS - MUNICÍPIO;Não;Não
457150100;DIÁRIAS;Não;Não
457150200;PASSAGENS E DESPESAS COM LOCOMOÇÃO;Não;Não
457150300;MATERIAL DE CONSUMO;Não;Não
457150400;OUTROS SERVIÇOS DE TERCEIRO PESSOA FÍSICA;Não;Não
457150500;OUTROS SERVIÇOS DE TERCEIRO PESSOA JURÍDICA;Não;Não
457150600;INDENIZAÇÕES E RESTITUIÇÕES;Não;Não
457159900;DEMAIS VPAS COM DELEGAÇÕES;Não;Não
457200000;EXECUÇÃO ORÇAMENTÁRIA DELEGADA DE CONSÓRCIOS;Não;Não
457210000;EXECUÇÃO ORÇAMENTÁRIA DELEGADA DE CONSÓRCIOS - CONSOLIDAÇÃO;Não;Não
457210100;DIÁRIAS;Não;Não
457210200;PASSAGENS E DESPESAS COM LOCOMOÇÃO;Não;Não
457210300;MATERIAL DE CONSUMO;Não;Não
457210400;OUTROS SERVIÇOS DE TERCEIRO PESSOA FÍSICA;Não;Não
457210500;OUTROS SERVIÇOS DE TERCEIRO PESSOA JURÍDICA;Não;Não
457210600;INDENIZAÇÕES E RESTITUIÇÕES;Não;Não
457219900;DEMAIS VPAS COM DELEGAÇÕES;Não;Não
458000000;TRANSFERÊNCIAS DE PESSOAS FÍSICAS;Não;Não
458100000;TRANSFERÊNCIAS DE PESSOAS FÍSICAS;Não;Não
458110000;TRANSFERÊNCIAS DE PESSOAS FÍSICAS - CONSOLIDAÇÃO;Não;Não
459000000;OUTRAS TRANSFERÊNCIAS E DELEGAÇÕES RECEBIDAS;Não;Não
459100000;OUTRAS TRANSFERÊNCIAS E DELEGAÇÕES RECEBIDAS;Não;Não
459110000;OUTRAS TRANSFERÊNCIAS E DELEGAÇÕES RECEBIDAS - CONSOLIDAÇÃO;Não;Não
459110100;DOAÇÕES RECEBIDAS;Não;Não
459119900;DEMAIS TRANSFERÊNCIAS E DELEGAÇÕES RECEBIDAS;Não;Não
459120000;OUTRAS TRANSFERÊNCIAS E DELEGAÇÕES RECEBIDAS -  INTRA OFSS;Não;Não
459130000;OUTRAS TRANSFERÊNCIAS E DELEGAÇÕES RECEBIDAS -  INTER OFSS - UNIÃO;Não;Não
459140000;OUTRAS TRANSFERÊNCIAS E DELEGAÇÕES RECEBIDAS -  INTER OFSS - ESTADO;Não;Não
459150000;OUTRAS TRANSFERÊNCIAS E DELEGAÇÕES RECEBIDAS -  INTER OFSS - MUNICÍPIO;Não;Não
460000000;VALORIZAÇÃO E GANHOS COM ATIVOS E DESINCORPORAÇÃO DE PASSIVOS;Não;Não
461000000;REAVALIAÇÃO DE ATIVOS;Não;Não
461100000;REAVALIAÇÃO DE IMOBILIZADO;Não;Não
461110000;REAVALIAÇÃO DE IMOBILIZADO - CONSOLIDAÇÃO;Não;Não
461110100;REAVALIAÇÃO DE BENS MÓVEIS;Não;Não
461110101;REAVALIAÇÃO DE MÁQUINAS, APARELHOS, EQUIPAMENTOS E FERRAMENTAS;Não;Não
461110102;REAVALIAÇÃO DE BENS DE INFORMÁTICA;Não;Não
461110103;REAVALIAÇÃO DE MÓVEIS E UTENSÍLIOS;Não;Não
461110104;REAVALIAÇÃO DE MATERIAIS CULTURAIS, EDUCACIONAIS E DE COMUNICAÇÃO;Não;Não
461110105;REAVALIAÇÃO DE VEÍCULOS;Não;Não
461110106;REAVALIAÇÃO DE PEÇAS E CONJUNTOS DE REPOSIÇÃO;Não;Não
461110107;REAVALIAÇÃO DE BENS MÓVEIS EM ANDAMENTO;Não;Não
461110108;REAVALIAÇÃO DE BENS MÓVEIS EM ALMOXARIFADO;Não;Não
461110109;REAVALIAÇÃO DE ARMAMENTOS;Não;Não
461110110;REAVALIAÇÃO DE SEMOVENTES;Não;Não
461110199;REAVALIAÇÃO DE DEMAIS BENS MÓVEIS;Não;Não
461110200;REAVALIAÇÃO DE BENS IMÓVEIS;Não;Não
461110201;REAVALIAÇÃO DE BENS DE USO ESPECIAL;Não;Não
461110202;REAVALIAÇÃO DE BENS DOMINICAIS;Não;Não
461110203;REAVALIAÇÃO DE BENS DE USO COMUM DO POVO;Não;Não
461110204;REAVALIAÇÃO DE BENS IMÓVEIS EM ANDAMENTO;Não;Não
461110205;REAVALIAÇÃO DE INSTALAÇÕES;Não;Não
461110206;REAVALIAÇÃO DE BENFEITORIAS EM PROPRIEDADE DE TERCEIROS;Não;Não
461110299;REAVALIAÇÃO DE DEMAIS BENS IMÓVEIS;Não;Não
461200000;REAVALIAÇÃO DE INTANGÍVEIS;Não;Não
461210000;REAVALIAÇÃO DE INTANGÍVEIS - CONSOLIDAÇÃO;Não;Não
461700000;VARIAÇÃO PATRIMONIAL AUMENTATIVA COM AJUSTE DE GANHOS DE CRÉDITOS E DE INVESTIMENTOS E APLICAÇÕES TEMPORÁRIOS;Não;Não
461710000;VARIAÇÃO PATRIMONIAL AUMENTATIVA COM AJUSTE DE GANHOS DE CRÉDITOS E DE INVESTIMENTOS E APLICAÇÕES TEMPORÁRIOS;Não;Não
461710800;VALORIZAÇÃO A VALOR JUSTO DOS INVESTIMENTOS TEMPORÁRIOS DO RPPS;Não;Não
461900000;REAVALIAÇÃO DE OUTROS ATIVOS;Não;Não
461910000;REAVALIAÇÃO DE OUTROS ATIVOS - CONSOLIDAÇÃO;Não;Não
462000000;GANHOS COM ALIENAÇÃO;Não;Não
462100000;GANHOS COM ALIENAÇÃO DE INVESTIMENTOS;Não;Não
462110000;GANHOS COM ALIENAÇÃO DE INVESTIMENTOS - CONSOLIDAÇÃO;Não;Não
462110100;GANHOS COM ALIENAÇÃO DE PARTICIPAÇÕES PERMANENTES;Não;Não
462110200;"GANHOS COM ALIENAÇÃO DE PROPRIEDADES PARA 
INVESTIMENTO";Não;Não
462110300;"GANHOS COM ALIENAÇÃO DE INVESTIMENTOS DO RPPS DE 
LONGO PRAZO";Não;Não
462119900;"GANHOS COM ALIENAÇÃO DE DEMAIS INVESTIMENTOS 
PERMANENTES";Não;Não
462120000;GANHOS COM ALIENAÇÃO DE INVESTIMENTOS - INTRA OFSS;Não;Não
462200000;GANHOS COM ALIENAÇÃO DE IMOBILIZADO;Não;Não
462210000;GANHOS COM ALIENAÇÃO DE IMOBILIZADO - CONSOLIDAÇÃO;Não;Não
462210100;GANHO LÍQUIDO COM A ALIENAÇÃO DE BENS MÓVEIS;Não;Não
462210101;GANHO LÍQUIDO COM A ALIENAÇÃO DE MÁQUINAS, APARELHOS, EQUIPAMENTOS E FERRAMENTAS;Não;Não
462210102;GANHO LÍQUIDO COM A ALIENAÇÃO DE BENS DE INFORMÁTICA;Não;Não
462210103;GANHO LÍQUIDO COM A ALIENAÇÃO DE MÓVEIS E UTENSÍLIOS;Não;Não
462210104;GANHO LÍQUIDO COM A ALIENAÇÃO DE MATERIAIS CULTURAIS, EDUCACIONAIS E DE COMUNICAÇÃO;Não;Não
462210105;GANHO LÍQUIDO COM A ALIENAÇÃO DE VEÍCULOS;Não;Não
462210107;GANHO LÍQUIDO COM A ALIENAÇÃO DE BENS MÓVEIS EM ANDAMENTO;Não;Não
462210108;GANHO LÍQUIDO COM A ALIENAÇÃO DE BENS MÓVEIS EM ALMOXARIFADO;Não;Não
462210109;GANHO LÍQUIDO COM A ALIENAÇÃO DE ARMAMENTOS;Não;Não
462210110;GANHO LÍQUIDO COM A ALIENAÇÃO DE SEMOVENTES;Não;Não
462210199;GANHO LÍQUIDO COM A ALIENAÇÃO DE DEMAIS BENS MÓVEIS;Não;Não
462210200;GANHO LÍQUIDO COM A ALIENAÇÃO DE BENS IMÓVEIS;Não;Não
462210201;PRODUTO DE ALIENAÇÕES;Não;Não
462210202;ALIENAÇÃO DE IMÓVEIS RURAIS;Não;Não
462210203;ALIENAÇÃO DE IMÓVEIS URBANOS;Não;Não
462210299;ALIENAÇÃO DE OUTROS BENS IMÓVEIS;Não;Não
462219700;(-) DEDUÇÃO DOS GANHOS COM ALIENAÇÃO DE IMOBILIZADO;Não;Não
462219701;(-) DEDUÇÃO ALIENAÇÃO DE BENS MÓVEIS;Não;Não
462219702;(-) DEDUÇÃO ALIENAÇÃO DE BENS IMÓVEIS;Não;Não
462300000;GANHOS COM ALIENAÇÃO DE INTANGÍVEIS;Não;Não
462310000;GANHOS COM ALIENAÇÃO DE INTANGÍVEIS - CONSOLIDAÇÃO;Não;Não
462310100;GANHOS COM ALIENAÇÃO DE SOFTWARES;Não;Não
462310200;"GANHOS COM ALIENAÇÃO DE MARCAS, DIREITOS E PATENTES 
INDUSTRIAIS";Não;Não
462310300;GANHOS COM ALIENAÇÃO DE DIREITO DE USO DE IMÓVEIS;Não;Não
462319900;GANHOS COM ALIENAÇÃO DE OUTROS INTANGÍVEIS;Não;Não
462900000;GANHOS COM ALIENAÇÃO DE DEMAIS ATIVOS;Não;Não
462910000;GANHOS COM ALIENAÇÃO DE DEMAIS ATIVOS - CONSOLIDAÇÃO;Não;Não
463000000;GANHOS COM INCORPORAÇÃO DE ATIVOS;Não;Não
463100000;GANHOS COM INCORPORAÇÃO DE ATIVOS POR DESCOBERTAS;Não;Não
463110000;GANHOS COM INCORPORAÇÃO DE ATIVOS POR DESCOBERTAS - CONSOLIDAÇÃO;Não;Não
463200000;GANHOS COM INCORPORAÇÃO DE ATIVOS POR NASCIMENTOS;Não;Não
463210000;GANHOS COM INCORPORAÇÃO DE ATIVOS POR NASCIMENTOS - CONSOLIDAÇÃO;Não;Não
463300000;GANHOS COM INCORPORAÇÃO DE ATIVOS APREENDIDOS;Não;Não
463310000;GANHOS COM INCORPORAÇÃO DE ATIVOS APREENDIDOS - CONSOLIDAÇÃO;Não;Não
463400000;GANHOS COM INCORPORAÇÃO DE ATIVOS POR PRODUÇÃO;Não;Não
463410000;GANHOS COM INCORPORAÇÃO DE ATIVOS POR PRODUÇÃO - CONSOLIDAÇÃO;Não;Não
463900000;OUTROS GANHOS COM INCORPORAÇÃO DE ATIVOS;Não;Não
463910000;OUTROS GANHOS COM INCORPORAÇÃO DE ATIVOS - CONSOLIDAÇÃO;Não;Não
463920000;OUTROS GANHOS COM INCORPORAÇÃO DE ATIVOS - INTRA OFSS;Não;Não
463930000;OUTROS GANHOS COM INCORPORAÇÃO DE ATIVOS -  INTER OFSS - UNIÃO;Não;Não
463940000;OUTROS GANHOS COM INCORPORAÇÃO DE ATIVOS -    INTER OFSS - ESTADO;Não;Não
463950000;OUTROS GANHOS COM INCORPORAÇÃO DE ATIVOS -  INTER OFSS - MUNICÍPIO;Não;Não
464000000;GANHOS COM DESINCORPORAÇÃO DE PASSIVOS;Não;Não
464100000;GANHOS COM DESINCORPORAÇÃO DE PASSIVOS;Não;Não
464110000;GANHOS COM DESINCORPORAÇÃO DE PASSIVOS - CONSOLIDAÇÃO;Não;Não
464120000;GANHOS COM DESINCORPORAÇÃO DE PASSIVOS - INTRA OFSS;Não;Não
464130000;GANHOS COM DESINCORPORAÇÃO DE PASSIVOS - INTER OFSS - UNIÃO;Não;Não
464140000;GANHOS COM DESINCORPORAÇÃO DE PASSIVOS - INTER OFSS - ESTADO;Não;Não
464150000;GANHOS COM DESINCORPORAÇÃO DE PASSIVOS - INTER OFSS - MUNICÍPIO;Não;Não
465000000;REVERSÃO DE REDUÇÃO A VALOR RECUPERÁVEL;Não;Não
465100000;REVERSÃO DE REDUÇÃO A VALOR RECUPERÁVEL DE INVESTIMENTOS;Não;Não
465110000;REVERSÃO DE REDUÇÃO A VALOR RECUPERÁVEL DE INVESTIMENTOS - CONSOLIDAÇÃO;Não;Não
465110100;REVERSÃO DE REDUÇÃO A VALOR RECUPERÁVEL DE PARTICIPAÇÕES PERMANENTES;Não;Não
465110200;REVERSÃO DE REDUÇÃO A VALOR RECUPERÁVEL DE PROPRIEDADES PARA INVESTIMENTO;Não;Não
465110300;"REVERSÃO DE REDUÇÃO A VALOR RECUPERÁVEL DE INVESTIMENTOS DO RPPS DE 
LONGO PRAZO";Não;Não
465110500;"REVERSÃO DE REDUÇÃO A VALOR RECUPERÁVEL DE INVESTIMENTOS 
MANTIDOS PARA VENDA";Não;Não
465119900;"REVERSÃO DE REDUÇÃO A VALOR RECUPERÁVEL DE DEMAIS INVESTIMENTOS 
PERMANENTES";Não;Não
465120000;REVERSÃO DE REDUÇÃO A VALOR RECUPERÁVEL DE INVESTIMENTOS - INTRA OFSS;Não;Não
465120100;REVERSÃO DE REDUÇÃO A VALOR RECUPERÁVEL DE PARTICIPAÇÕES PERMANENTES;Não;Não
465120200;REVERSÃO DE REDUÇÃO A VALOR RECUPERÁVEL DE PROPRIEDADES PARA INVESTIMENTO;Não;Não
465120300;"REVERSÃO DE REDUÇÃO A VALOR RECUPERÁVEL DE INVESTIMENTOS DO RPPS DE 
LONGO PRAZO";Não;Não
465120500;"REVERSÃO DE REDUÇÃO A VALOR RECUPERÁVEL DE INVESTIMENTOS 
MANTIDOS PARA VENDA";Não;Não
465129900;"REVERSÃO DE REDUÇÃO A VALOR RECUPERÁVEL DE DEMAIS INVESTIMENTOS 
PERMANENTES";Não;Não
465130000;REVERSÃO DE REDUÇÃO A VALOR RECUPERÁVEL DE INVESTIMENTOS - INTER OFSS - UNIÃO;Não;Não
465130100;REVERSÃO DE REDUÇÃO A VALOR RECUPERÁVEL DE PARTICIPAÇÕES PERMANENTES;Não;Não
465130200;REVERSÃO DE REDUÇÃO A VALOR RECUPERÁVEL DE PROPRIEDADES PARA INVESTIMENTO;Não;Não
465130300;"REVERSÃO DE REDUÇÃO A VALOR RECUPERÁVEL DE INVESTIMENTOS DO RPPS DE 
LONGO PRAZO";Não;Não
465130500;"REVERSÃO DE REDUÇÃO A VALOR RECUPERÁVEL DE INVESTIMENTOS 
MANTIDOS PARA VENDA";Não;Não
465139900;"REVERSÃO DE REDUÇÃO A VALOR RECUPERÁVEL DE DEMAIS INVESTIMENTOS 
PERMANENTES";Não;Não
465140000;REVERSÃO DE REDUÇÃO A VALOR RECUPERÁVEL DE INVESTIMENTOS - INTER OFSS - ESTADO;Não;Não
465140100;REVERSÃO DE REDUÇÃO A VALOR RECUPERÁVEL DE PARTICIPAÇÕES PERMANENTES;Não;Não
465140200;REVERSÃO DE REDUÇÃO A VALOR RECUPERÁVEL DE PROPRIEDADES PARA INVESTIMENTO;Não;Não
465140300;"REVERSÃO DE REDUÇÃO A VALOR RECUPERÁVEL DE INVESTIMENTOS DO RPPS DE 
LONGO PRAZO";Não;Não
465140500;"REVERSÃO DE REDUÇÃO A VALOR RECUPERÁVEL DE INVESTIMENTOS 
MANTIDOS PARA VENDA";Não;Não
465149900;"REVERSÃO DE REDUÇÃO A VALOR RECUPERÁVEL DE DEMAIS INVESTIMENTOS 
PERMANENTES";Não;Não
465150000;REVERSÃO DE REDUÇÃO A VALOR RECUPERÁVEL DE INVESTIMENTOS - INTER OFSS - MUNICÍPIO;Não;Não
465150100;REVERSÃO DE REDUÇÃO A VALOR RECUPERÁVEL DE PARTICIPAÇÕES PERMANENTES;Não;Não
465150200;REVERSÃO DE REDUÇÃO A VALOR RECUPERÁVEL DE PROPRIEDADES PARA INVESTIMENTO;Não;Não
465150300;"REVERSÃO DE REDUÇÃO A VALOR RECUPERÁVEL DE INVESTIMENTOS DO RPPS DE 
LONGO PRAZO";Não;Não
465150500;"REVERSÃO DE REDUÇÃO A VALOR RECUPERÁVEL DE INVESTIMENTOS 
MANTIDOS PARA VENDA";Não;Não
465159900;"REVERSÃO DE REDUÇÃO A VALOR RECUPERÁVEL DE DEMAIS INVESTIMENTOS 
PERMANENTES";Não;Não
465200000;REVERSÃO DE REDUÇÃO A VALOR RECUPERÁVEL DE IMOBILIZADO;Não;Não
465210000;REVERSÃO DE REDUÇÃO A VALOR RECUPERÁVEL DE IMOBILIZADO - CONSOLIDAÇÃO;Não;Não
465210100;REVERSÃO DE REDUÇÃO A VALOR RECUPERÁVEL DE BENS MÓVEIS;Não;Não
465210101;REVERSÃO DE REDUÇÃO A VALOR RECUPERÁVEL DE MÁQUINAS, APARELHOS, EQUIPAMENTOS E FERRAMENTAS;Não;Não
465210102;REVERSÃO DE REDUÇÃO A VALOR RECUPERÁVEL DE BENS DE INFORMÁTICA;Não;Não
465210103;REVERSÃO DE REDUÇÃO A VALOR RECUPERÁVEL DE MÓVEIS E UTENSÍLIOS;Não;Não
465210104;REVERSÃO DE REDUÇÃO A VALOR RECUPERÁVEL DE MATERIAIS CULTURAIS, EDUCACIONAIS E DE COMUNICAÇÃO;Não;Não
465210105;REVERSÃO DE REDUÇÃO A VALOR RECUPERÁVEL DE VEÍCULOS;Não;Não
465210106;REVERSÃO DE REDUÇÃO A VALOR RECUPERÁVEL DE PEÇAS E CONJUNTOS DE REPOSIÇÃO;Não;Não
465210107;REVERSÃO DE REDUÇÃO A VALOR RECUPERÁVEL DE BENS MÓVEIS EM ANDAMENTO;Não;Não
465210108;REVERSÃO DE REDUÇÃO A VALOR RECUPERÁVEL DE BENS MÓVEIS EM ALMOXARIFADO;Não;Não
465210109;REVERSÃO DE REDUÇÃO A VALOR RECUPERÁVEL DE ARMAMENTOS;Não;Não
465210110;REVERSÃO DE REDUÇÃO A VALOR RECUPERÁVEL DE SEMOVENTES;Não;Não
465210199;REVERSÃO DE REDUÇÃO A VALOR RECUPERÁVEL DE DEMAIS BENS MÓVEIS;Não;Não
465210200;REVERSÃO DE REDUÇÃO A VALOR RECUPERÁVEL DE BENS IMÓVEIS;Não;Não
465210201;REVERSÃO DE REDUÇÃO A VALOR RECUPERÁVEL DE BENS DE USO ESPECIAL;Não;Não
465210202;REVERSÃO DE REDUÇÃO A VALOR RECUPERÁVEL DE BENS DOMINICAIS;Não;Não
465210203;REVERSÃO DE REDUÇÃO A VALOR RECUPERÁVEL DE BENS DE USO COMUM DO POVO;Não;Não
465210204;REVERSÃO DE REDUÇÃO A VALOR RECUPERÁVEL DE BENS IMÓVEIS EM ANDAMENTO;Não;Não
465210205;REVERSÃO DE REDUÇÃO A VALOR RECUPERÁVEL DE INSTALAÇÕES;Não;Não
465210206;REVERSÃO DE REDUÇÃO A VALOR RECUPERÁVEL DE BENFEITORIAS EM PROPRIEDADE DE TERCEIROS;Não;Não
465210299;REVERSÃO DE REDUÇÃO A VALOR RECUPERÁVEL DE DEMAIS BENS IMÓVEIS;Não;Não
465210300;REVERSÃO DE REDUÇÃO A VALOR RECUPERÁVEL DE IMOBILIZADO MANTIDO PARA VENDA;Não;Não
465300000;REVERSÃO DE REDUÇÃO A VALOR RECUPERÁVEL DE INTANGÍVEIS;Não;Não
465310000;REVERSÃO DE REDUÇÃO A VALOR RECUPERÁVEL DE INTANGÍVEIS - CONSOLIDAÇÃO;Não;Não
465310100;REVERSÃO DE REDUÇÃO A VALOR RECUPERÁVEL DE SOFTWARES;Não;Não
465310200;REVERSÃO DE REDUÇÃO A VALOR RECUPERÁVEL DE MARCAS, DIREITOS E PATENTES;Não;Não
465310300;REVERSÃO DE REDUÇÃO A VALOR RECUPERÁVEL DE DIREITO DE USO DE IMÓVEIS;Não;Não
465310400;REVERSÃO DE REDUÇÃO A VALOR RECUPERÁVEL DE INTANGÍVEL MANTIDO PARA VENDA;Não;Não
465319900;REVERSÃO DE REDUÇÃO A VALOR RECUPERÁVEL DE OUTROS INTANGÍVEIS;Não;Não
490000000;OUTRAS VARIAÇÕES PATRIMONIAIS AUMENTATIVAS;Não;Não
491000000;VARIAÇÃO PATRIMONIAL AUMENTATIVA A CLASSIFICAR;Não;Não
491100000;VARIAÇÃO PATRIMONIAL AUMENTATIVA A CLASSIFICAR;Não;Não
491110000;VARIAÇÃO PATRIMONIAL AUMENTATIVA A CLASSIFICAR - CONSOLIDAÇÃO;Não;Não
491110100;VARIAÇÃO PATRIMONIAL AUMENTATIVA BRUTA A CLASSIFICAR;Não;Não
491119900;(-) DEDUÇÕES DA VARIAÇÃO PATRIMONIAL AUMENTATIVA BRUTA A CLASSIFICAR;Não;Não
491120000;VARIAÇÃO PATRIMONIAL AUMENTATIVA A CLASSIFICAR - INTRA OFSS;Não;Não
491130000;VARIAÇÃO PATRIMONIAL AUMENTATIVA A CLASSIFICAR - INTER OFSS - UNIÃO;Não;Não
491140000;VARIAÇÃO PATRIMONIAL AUMENTATIVA A CLASSIFICAR - INTER OFSS - ESTADO;Não;Não
491150000;VARIAÇÃO PATRIMONIAL AUMENTATIVA A CLASSIFICAR - INTER OFSS - MUNICÍPIO;Não;Não
492000000;RESULTADO POSITIVO DE PARTICIPAÇÕES;Não;Não
492100000;RESULTADO POSITIVO DE EQUIVALÊNCIA PATRIMONIAL;Não;Não
492110000;RESULTADO POSITIVO DE EQUIVALÊNCIA PATRIMONIAL - CONSOLIDAÇÃO;Não;Não
492120000;RESULTADO POSITIVO DE EQUIVALÊNCIA PATRIMONIAL - INTRA OFSS;Não;Não
492130000;RESULTADO POSITIVO DE EQUIVALÊNCIA PATRIMONIAL - INTER OFSS - UNIÃO;Não;Não
492140000;RESULTADO POSITIVO DE EQUIVALÊNCIA PATRIMONIAL - INTER OFSS - ESTADO;Não;Não
492150000;RESULTADO POSITIVO DE EQUIVALÊNCIA PATRIMONIAL - INTER OFSS - MUNICÍPIO;Não;Não
492200000;DIVIDENDOS E RENDIMENTOS DE OUTROS INVESTIMENTOS;Não;Não
492210000;DIVIDENDOS E RENDIMENTOS DE OUTROS INVESTIMENTOS - CONSOLIDAÇÃO;Não;Não
492220000;DIVIDENDOS E RENDIMENTOS DE OUTROS INVESTIMENTOS - INTRA OFSS;Não;Não
492230000;DIVIDENDOS E RENDIMENTOS DE OUTROS INVESTIMENTOS - INTER OFSS - UNIÃO;Não;Não
492240000;DIVIDENDOS E RENDIMENTOS DE OUTROS INVESTIMENTOS - INTER OFSS - ESTADO;Não;Não
492250000;DIVIDENDOS E RENDIMENTOS DE OUTROS INVESTIMENTOS - INTER OFSS - MUNICÍPIO;Não;Não
493000000;OPERAÇÕES DA AUTORIDADE MONETÁRIA;Não;Não
493100000;JUROS;Não;Não
493110000;JUROS - CONSOLIDAÇÃO;Não;Não
493200000;POSIÇÃO DE NEGOCIAÇÃO;Não;Não
493210000;POSIÇÃO DE NEGOCIAÇÃO - CONSOLIDAÇÃO;Não;Não
493300000;POSIÇÃO DE INVESTIMENTOS;Não;Não
493310000;POSIÇÃO DE INVESTIMENTOS - CONSOLIDAÇÃO;Não;Não
493400000;CORREÇÃO CAMBIAL;Não;Não
493410000;CORREÇÃO CAMBIAL - CONSOLIDAÇÃO;Não;Não
493900000;OUTRAS VPD DE OPERAÇÕES DA AUTORIDADE MONETÁRIA;Não;Não
493910000;OUTRAS VPD DE OPERAÇÕES DA AUTORIDADE MONETÁRIA - CONSOLIDAÇÃO;Não;Não
495000000;SUBVENÇÕES ECONÔMICAS;Não;Não
495100000;SUBVENÇÕES ECONÔMICAS;Não;Não
495110000;SUBVENÇÕES ECONÔMICAS - CONSOLIDAÇÃO;Não;Não
495120000;SUBVENÇÕES ECONÔMICAS - INTRA OFSS;Não;Não
495130000;SUBVENÇÕES ECONÔMICAS - INTER OFSS - UNIÃO;Não;Não
495140000;SUBVENÇÕES ECONÔMICAS - INTER OFSS - ESTADO;Não;Não
495150000;SUBVENÇÕES ECONÔMICAS - INTER OFSS - MUNICÍPIO;Não;Não
497000000;REVERSÃO DE PROVISÕES E AJUSTES DE PERDAS;Não;Não
497100000;REVERSÃO DE PROVISÕES;Não;Não
497110000;REVERSÃO DE PROVISÕES - CONSOLIDAÇÃO;Não;Não
497110100;REVERSÃO DE PROVISÃO PARA RISCOS TRABALHISTAS;Não;Não
497110200;REVERSÃO DE PROVISÕES MATEMÁTICAS PREVIDENCIÁRIAS A LONGO PRAZO;Não;Não
497110300;REVERSÃO DE PROVISÕES PARA RISCOS FISCAIS;Não;Não
497110400;REVERSÃO DE PROVISÕES PARA RISCOS CÍVEIS;Não;Não
497110500;REVERSÃO DE PROVISÕES REPARTIÇÃO DE CRÉDITO;Não;Não
497110600;REVERSÃO DE PROVISÕES DECORRENTES DE CONTRATOS DE PPP;Não;Não
497119900;REVERSÃO DE OUTRAS PROVISÕES;Não;Não
497120000;REVERSÃO DE PROVISÕES - INTRA OFSS;Não;Não
497130000;REVERSÃO DE PROVISÕES - INTER OFSS - UNIÃO;Não;Não
497140000;REVERSÃO DE PROVISÕES - INTER OFSS - ESTADOS;Não;Não
497150000;REVERSÃO DE PROVISÕES - INTER OFSS - MUNICÍPIOS;Não;Não
497200000;REVERSÃO DE AJUSTES DE PERDAS;Não;Não
497210000;REVERSÃO DE AJUSTES DE PERDAS - CONSOLIDAÇÃO;Não;Não
497210100;REVERSÃO DE AJUSTES DE PERDAS DE CRÉDITOS;Não;Não
497210200;REVERSÃO DE AJUSTES DE PERDAS DE ESTOQUES;Não;Não
497210300;REVERSÃO DE AJUSTES DE INVESTIMENTOS E APLICAÇÕES;Não;Não
497219900;OUTRAS REVERSÕES DE AJUSTES DE PERDAS;Não;Não
497220000;REVERSÃO DE AJUSTES DE PERDAS - INTRA OFSS;Não;Não
497230000;REVERSÃO DE AJUSTES DE PERDAS -INTER OFSS - UNIÃO;Não;Não
497240000;REVERSÃO DE AJUSTES DE PERDAS -INTER OFSS - ESTADO;Não;Não
497250000;REVERSÃO DE AJUSTES DE PERDAS -INTER OFSS - MUNICÍPIO;Não;Não
499000000;DIVERSAS VARIAÇÕES PATRIMONIAIS AUMENTATIVAS;Não;Não
499100000;COMPENSAÇÃO FINANCEIRA ENTRE RGPS/RPPS;Não;Não
499120000;COMPENSAÇÃO FINANCEIRA ENTRE RGPS/RPPS - INTRA OFSS;Não;Não
499130000;COMPENSAÇÃO FINANCEIRA ENTRE RGPS/RPPS - INTER OFSS - UNIÃO;Não;Não
499140000;COMPENSAÇÃO FINANCEIRA ENTRE RGPS/RPPS - INTER OFSS - ESTADO;Não;Não
499150000;COMPENSAÇÃO FINANCEIRA ENTRE RGPS/RPPS - INTER OFSS - MUNICÍPIO;Não;Não
499200000;COMPENSAÇÃO FINANCEIRA ENTRE REGIMES PRÓPRIOS;Não;Não
499230000;COMPENSAÇÃO FINANCEIRA ENTRE REGIMES PRÓPRIOS - INTER OFSS - UNIÃO;Não;Não
499240000;COMPENSAÇÃO FINANCEIRA ENTRE REGIMES PRÓPRIOS - INTER OFSS - ESTADO;Não;Não
499250000;COMPENSAÇÃO FINANCEIRA ENTRE REGIMES PRÓPRIOS - INTER OFSS - MUNICÍPIO;Não;Não
499300000;VARIAÇÃO PATRIMONIAL AUMENTATIVA COM BONIFICAÇÕES;Não;Não
499310000;VARIAÇÃO PATRIMONIAL AUMENTATIVA COM BONIFICAÇÕES - CONSOLIDAÇÃO;Não;Não
499320000;VARIAÇÃO PATRIMONIAL AUMENTATIVA COM BONIFICAÇÕES - INTRA OFSS;Não;Não
499330000;VARIAÇÃO PATRIMONIAL AUMENTATIVA COM BONIFICAÇÕES - INTER OFSS - UNIÃO;Não;Não
499340000;VARIAÇÃO PATRIMONIAL AUMENTATIVA COM BONIFICAÇÕES - INTER OFSS - ESTADO;Não;Não
499350000;VARIAÇÃO PATRIMONIAL AUMENTATIVA COM BONIFICAÇÕES - INTER OFSS - MUNICÍPIO;Não;Não
499400000;AMORTIZAÇÃO DE DESÁGIO EM INVESTIMENTOS;Não;Não
499410000;AMORTIZAÇÃO DE DESÁGIO EM INVESTIMENTOS - CONSOLIDAÇÃO;Não;Não
499420000;AMORTIZAÇÃO DE DESÁGIO EM INVESTIMENTOS - INTRA OFSS;Não;Não
499430000;AMORTIZAÇÃO DE DESÁGIO EM INVESTIMENTOS - INTER OFSS - UNIÃO;Não;Não
499440000;AMORTIZAÇÃO DE DESÁGIO EM INVESTIMENTOS - INTER OFSS - ESTADO;Não;Não
499450000;AMORTIZAÇÃO DE DESÁGIO EM INVESTIMENTOS - INTER OFSS - MUNICÍPIO;Não;Não
499500000;MULTAS ADMINISTRATIVAS;Não;Não
499510000;MULTAS ADMINISTRATIVAS - CONSOLIDAÇÃO;Não;Não
499520000;MULTAS ADMINISTRATIVAS - INTRA OFSS;Não;Não
499530000;MULTAS ADMINISTRATIVAS - INTER OFSS - UNIÃO;Não;Não
499540000;MULTAS ADMINISTRATIVAS - INTER OFSS - ESTADO;Não;Não
499550000;MULTAS ADMINISTRATIVAS - INTER OFSS - MUNICÍPIO;Não;Não
499600000;INDENIZAÇÕES, RESTITUIÇÕES E RESSARCIMENTOS;Não;Não
499610000;INDENIZAÇÕES, RESTITUIÇÕES E RESSARCIMENTOS - CONSOLIDAÇÃO;Não;Não
499610100;INDENIZAÇÕES;Não;Não
499610200;RESTITUIÇÕES;Não;Não
499610300;RESSARCIMENTOS;Não;Não
499620000;INDENIZAÇÕES, RESTITUIÇÕES E RESSARCIMENTOS - INTRA OFSS;Não;Não
499630000;INDENIZAÇÕES, RESTITUIÇÕES E RESSARCIMENTOS - INTER OFSS - UNIÃO;Não;Não
499640000;INDENIZAÇÕES, RESTITUIÇÕES E RESSARCIMENTOS - INTER OFSS - ESTADO;Não;Não
499650000;INDENIZAÇÕES, RESTITUIÇÕES E RESSARCIMENTOS - INTER OFSS - MUNICÍPIO;Não;Não
499900000;VARIAÇÕES PATRIMONIAIS AUMENTATIVAS DECORRENTES DE FATOS GERADORES DIVERSOS;Não;Não
499910000;VARIAÇÕES PATRIMONIAIS AUMENTATIVAS DECORRENTES DE FATOS GERADORES DIVERSOS - CONSOLIDAÇÃO;Não;Não
499920000;VARIAÇÕES PATRIMONIAIS AUMENTATIVAS DECORRENTES DE FATOS GERADORES DIVERSOS - INTRA OFSS;Não;Não
499930000;VARIAÇÕES PATRIMONIAIS AUMENTATIVAS DECORRENTES DE FATOS GERADORES DIVERSOS - INTER OFSS - UNIÃO;Não;Não
499940000;VARIAÇÕES PATRIMONIAIS AUMENTATIVAS DECORRENTES DE FATOS GERADORES DIVERSOS - INTER OFSS - ESTADO;Não;Não
499950000;VARIAÇÕES PATRIMONIAIS AUMENTATIVAS DECORRENTES DE FATOS GERADORES DIVERSOS - INTER OFSS - MUNICÍPIO;Não;Não
500000000;CONTROLES DA APROVAÇÃO DO PLANEJAMENTO E ORÇAMENTO;Não;Não
510000000;PLANEJAMENTO APROVADO;Não;Não
511000000;PPA - APROVADO;Não;Não
511100000;APROVAÇÃO INICIAL DO PPA;Não;Não
511200000;REVISAO DO PPA;Não;Não
512000000;PLOA;Não;Não
512100000;PROJETO INICIAL DA LEI ORCAMENTARIA - RECEITA;Não;Não
512110000;PLOA INICIAL DA RECEITA;Não;Não
512120000;ALTERAÇÕES DO PROJETO INICIAL DA LOA - RECEITA;Não;Não
512200000;PROJETO INICIAL DA LOA - DESPESA;Não;Não
512210000;PLOA INICIAL DA DESPESA;Não;Não
512220000;ALTERAÇÕES DO PROJETO INICIAL DA LOA - DESPESA;Não;Não
520000000;ORÇAMENTO APROVADO;Não;Não
521000000;PREVISÃO DA RECEITA;Não;Não
521100000;PREVISÃO INICIAL DA RECEITA;Não;Não
521110000;PREVISAO INICIAL DA RECEITA BRUTA;Não;Não
521120000;(-) PREVISÃO DE DEDUÇÕES DA RECEITA;Não;Não
521120100;(-) DEDUÇÕES POR TRANSFERÊNCIAS CONSTITUCIONAIS E LEGAIS;Não;Não
521120101;(-) FUNDEB;Não;Não
521120102;(-) TRANSFERÊNCIAS CONSTITUCIONAIS E LEGAIS A MUNICÍPIOS;Não;Não
521120200;(-) RENÚNCIA;Não;Não
521129900;(-) OUTRAS DEDUÇÕES;Não;Não
521190000;OUTROS CONTROLES - PREVISÃO INICIAL DA RECEITA;Não;Não
521200000;ALTERAÇÃO DA PREVISÃO DA RECEITA;Não;Não
521210000;PREVISÃO ADICIONAL DA RECEITA;Não;Não
521210100;REESTIMATIVA;Não;Não
521210200;CORREÇÃO;Não;Não
521210300;(-) PREVISÃO DE DEDUÇÕES DA RECEITA POR TRANSFERÊNCIAS CONSTITUCIONAIS E LEGAIS;Não;Não
521210301;(-) FUNDEB;Não;Não
521210302;(-) TRANSFERÊNCIAS CONSTITUCIONAIS E LEGAIS A MUNICÍPIOS;Não;Não
521210400;(-) PREVISÃO DE DEDUÇÕES DA RECEITA POR RENÚNCIA;Não;Não
521219900;(-) PREVISÃO DE OUTRAS DEDUÇÕES DA RECEITA;Não;Não
521280000;OUTROS CONTROLES - PREVISÃO ADICIONAL DA RECEITA;Não;Não
521290000;(-) ANULAÇÃO DA PREVISÃO DA RECEITA;Não;Não
522000000;FIXAÇÃO DA DESPESA;Não;Não
522100000;DOTAÇÃO ORÇAMENTÁRIA;Não;Não
522110000;DOTAÇÃO INICIAL;Não;Não
522110100;CREDITO INICIAL;Não;Não
522110200;CREDITOS ANTECIPADOS - LDO;Não;Não
522110201;ANTECIPAÇÃO - LDO;Não;Não
522110209;(-) ANULAÇÃO DA ANTECIPAÇÃO - LDO;Não;Não
522119900;DOTAÇÃO INICIAL - OUTRAS;Não;Não
522120000;DOTAÇÃO ADICIONAL POR TIPO DE CREDITO;Não;Não
522120100;CREDITO ADICIONAL - SUPLEMENTAR;Não;Não
522120200;CREDITO ADICIONAL - ESPECIAL;Não;Não
522120201;CRÉDITOS ESPECIAIS ABERTOS;Não;Não
522120202;CRÉDITOS ESPECIAIS REABERTOS;Não;Não
522120203;CRÉDITOS ESPECIAIS REABERTOS - SUPLEMENTAÇÃO;Não;Não
522120300;CREDITO ADICIONAL - EXTRAORDINÁRIO;Não;Não
522120301;CRÉDITOS EXTRAORDINÁRIOS ABERTOS;Não;Não
522120302;CRÉDITOS EXTRAORDINÁRIOS REABERTOS;Não;Não
522120303;CRÉDITOS EXTRAORDINÁRIOS REABERTOS - SUPLEMENTAÇÃO;Não;Não
522130000;DOTAÇÃO ADICIONAL POR FONTE;Não;Não
522130100;SUPERAVIT FINANCEIRO DE EXERCÍCIO ANTERIOR;Não;Não
522130200;EXCESSO DE ARRECADAÇÃO;Não;Não
522130300;ANULAÇÃO DE DOTAÇÃO;Não;Não
522130400;OPERAÇÕES DE CRÉDITO;Não;Não
522130500;RESERVA DE CONTINGENCIA;Não;Não
522130600;DOTAÇÃO TRANSFERIDA;Não;Não
522130700;RECURSOS SEM DESPESAS CORRESPONDENTES;Não;Não
522130900;(-) CANCELAMENTO DE DOTAÇÕES;Não;Não
522139900;VALOR GLOBAL DA DOTAÇÃO ADICIONAL POR FONTE;Não;Não
522190000;CANCELAMENTO/REMANEJAMENTO DE DOTAÇÃO;Não;Não
522190100;ALTERAÇÃO DO QUADRO DE DETALHAMENTO DA DESPESA;Não;Não
522190101;ACRESCIMO;Não;Não
522190109;(-) REDUÇÃO;Não;Não
522190200;ALTERAÇÃO DA LEI ORCAMENTARIA;Não;Não
522190201;ACRESCIMO;Não;Não
522190209;(-) REDUÇÃO;Não;Não
522190400;(-) CANCELAMENTO DE DOTAÇÕES;Não;Não
522199900;(-) OUTROS CANCELAMENTOS/REMANEJAMENTOS DE DOTAÇÃO;Não;Não
522200000;MOVIMENTAÇÃO DE CRÉDITOS RECEBIDOS;Não;Não
522210000;DESCENTRALIZAÇÃO INTERNA DE CRÉDITOS - PROVISÃO;Não;Não
522210100;PROVISAO RECEBIDA;Não;Não
522210200;PROVISAO RECEBIDA - BLOQUEADA;Não;Não
522210900;ALTERAÇÃO DE CREDITOS MOVIMENTADOS;Não;Não
522210901;ACRESCIMO;Não;Não
522210909;(-) REDUÇÃO;Não;Não
522219900;OUTRAS DESCENTRALIZAÇÕES INTERNAS DE CRÉDITOS;Não;Não
522220000;DESCENTRALIZAÇÃO EXTERNA DE CRÉDITOS - DESTAQUE;Não;Não
522220100;ADMINISTRAÇÃO DIRETA;Não;Não
522220101;CREDITOS RECEBIDOS;Não;Não
522220109;(-) CREDITOS TRANSFERIDOS;Não;Não
522220200;ADMINISTRAÇÃO INDIRETA;Não;Não
522220201;CREDITOS RECEBIDOS;Não;Não
522220209;(-) CREDITOS TRANSFERIDOS;Não;Não
522220900;ALTERAÇÃO DE CREDITOS MOVIMENTADOS;Não;Não
522220901;ACRESCIMO;Não;Não
522220909;(-) REDUÇÃO;Não;Não
522229900;OUTRAS DESCENTRALIZAÇÕES EXTERNAS DE CRÉDITOS;Não;Não
522290000;OUTRAS DESCENTRALIZAÇÕES DE CRÉDITOS;Não;Não
522290100;CREDITOS EXT. RECEB. POR FUSAO/CISAO/EXTINÇÃO;Não;Não
522290200;CREDITOS INT. RECEB. POR FUSAO/CISAO/EXTINÇÃO;Não;Não
522299900;DEMAIS DESCENTRALIZAÇÕES DE CRÉDITOS;Não;Não
522300000;DETALHAMENTO DE CREDITO;Não;Não
522310000;CREDITOS A DETALHAR;Não;Não
522900000;OUTROS CONTROLES DA DESPESA ORÇAMENTÁRIA;Não;Não
522910000;PRÉ-EMPENHOS DA DESPESA;Não;Não
522910100;PRÉ-EMPENHOS EMITIDOS;Não;Não
522910200;REFORÇO DE PRÉ-EMPENHO;Não;Não
522910300;(-) ANULAÇÃO DE PRÉ-EMPENHO;Não;Não
522920000;EMPENHOS POR EMISSÃO;Não;Não
522920100;EXECUÇÃO DA DESPESA POR NOTA DE EMPENHO;Não;Não
522920101;EMISSAO DE EMPENHOS;Não;Não
522920102;REFORCO DE EMPENHOS;Não;Não
522920103;(-) ANULAÇÃO DE EMPENHOS;Não;Não
522920104;(-) CANCEL. DE EMPENHO POR FALTA DE DISPON. CAIXA;Não;Não
522990000;DEMAIS CONTROLES DA DESPESA ORÇAMENTÁRIA;Não;Não
530000000;INSCRIÇÃO DE RESTOS A PAGAR;Não;Não
531000000;INSCRIÇÃO DE RP NÃO PROCESSADOS;Não;Não
531100000;RP NÃO PROCESSADOS INSCRITOS;Não;Não
531200000;RP NÃO PROCESSADOS - EXERCÍCIOS ANTERIORES;Não;Não
531600000;RP NÃO PROCESSADOS RECEBIDOS POR TRANSFERÊNCIA;Não;Não
531700000;RP NÃO PROCESSADOS - INSCRIÇÃO NO EXERCÍCIO;Não;Não
532000000;INSCRIÇÃO DE RP PROCESSADOS;Não;Não
532100000;RP PROCESSADOS - INSCRITOS;Não;Não
532200000;RP PROCESSADOS - EXERCÍCIOS ANTERIORES;Não;Não
532600000;RP PROCESSADOS RECEBIDOS POR TRANSFERÊNCIA;Não;Não
532700000;RP PROCESSADOS - INSCRIÇÃO NO EXERCÍCIO;Não;Não
600000000;CONTROLES DA EXECUÇÃO DO PLANEJAMENTO E ORÇAMENTO;Não;Não
610000000;EXECUÇÃO DO PLANEJAMENTO;Não;Não
611000000;EXECUÇÃO DO PPA;Não;Não
611100000;PPA A ALOCAR EM LEIS ORÇAMENTÁRIAS ANUAIS;Não;Não
611200000;PPA ALOCADO EM LEIS ORÇAMENTÁRIAS ANUAIS;Não;Não
611300000;PPA EXECUTADO;Não;Não
611900000;EXECUÇÃO DO PPA - OUTRAS;Não;Não
612000000;EXECUÇÃO DO PLOA;Não;Não
612100000;PROCESSAMENTO DO PLOA -RECEITA;Não;Não
612200000;PROCESSAMENTO DO PLOA -DESPESA;Não;Não
612900000;PROCESSAMENTO DO PLOA - OUTRAS;Não;Não
620000000;EXECUÇÃO DO ORÇAMENTO;Não;Não
621000000;EXECUÇÃO DA RECEITA;Não;Não
621100000;RECEITA A REALIZAR;Não;Não
621200000;RECEITA REALIZADA;Não;Não
621300000;(-) DEDUÇÕES DA RECEITA ORÇAMENTÁRIA;Não;Não
621310000;(-) DEDUÇÕES POR TRANSFERÊNCIAS CONSTITUCIONAIS E LEGAIS;Não;Não
621310100;(-) FUNDEB;Não;Não
621310200;(-) TRANSFERÊNCIAS CONSTITUCIONAIS E LEGAIS A MUNICÍPIOS;Não;Não
621320000;(-) RENÚNCIA;Não;Não
621390000;(-) OUTRAS DEDUÇÕES DA RECEITA REALIZADA;Não;Não
621800000;CORREÇÃO DE DIFERENÇAS RESULTANTES DE VARIAÇÃO CAMBIAL;Não;Não
621900000;OUTROS CONTROLES DA RECEITA ORÇAMENTÁRIA;Não;Não
622000000;EXECUÇÃO DA DESPESA;Não;Não
622100000;DISPONIBILIDADES DE CREDITO;Não;Não
622110000;CREDITO DISPONÍVEL;Não;Não
622120000;CREDITO INDISPONÍVEL;Não;Não
622120100;BLOQUEIO DE CREDITO;Não;Não
622120200;CREDITO PRE-EMPENHADO;Não;Não
622129900;OUTRAS INDISPONIBILIDADES;Não;Não
622130000;CREDITO UTILIZADO;Não;Não
622130100;CREDITO EMPENHADO A LIQUIDAR;Não;Não
622130200;CREDITO EMPENHADO EM LIQUIDAÇÃO;Não;Não
622130300;CREDITO EMPENHADO LIQUIDADO A PAGAR;Não;Não
622130400;CREDITO EMPENHADO LIQUIDADO PAGO;Não;Não
622130500;EMPENHOS A LIQUIDAR INSCRITOS EM RESTOS A PAGAR NAO PROCESSADOS;Não;Não
622130600;EMPENHOS EM LIQUIDAÇÃO INSCRITOS EM RESTOS A PAGAR NÃO PROCESSADOS;Não;Não
622130700;EMPENHOS LIQUIDADOS INSCRITOS EM RESTOS A PAGAR PROCESSADOS;Não;Não
622200000;MOVIMENTAÇÃO DE CRÉDITOS CONCEDIDOS;Não;Não
622210000;DESCENTRALIZAÇÃO INTERNA DE CRÉDITOS - PROVISÃO;Não;Não
622210100;PROVISAO CONCEDIDA;Não;Não
622210200;PROVISAO CONCEDIDA - BLOQUEADA;Não;Não
622210900;ALTERAÇÃO DE CREDITOS MOVIMENTADOS;Não;Não
622210901;ACRESCIMO;Não;Não
622210909;(-) REDUÇÃO;Não;Não
622219900;OUTRAS DESCENTRALIZAÇÕES INTERNAS DE CRÉDITOS;Não;Não
622220000;DESCENTRALIZAÇÃO EXTERNA DE CRÉDITOS - DESTAQUE;Não;Não
622220100;ADMINISTRAÇÃO DIRETA;Não;Não
622220101;CREDITOS CONCEDIDOS;Não;Não
622220200;ADMINISTRAÇÃO INDIRETA;Não;Não
622220201;CREDITOS CONCEDIDOS;Não;Não
622220900;ALTERAÇÃO DE CREDITOS MOVIMENTADOS;Não;Não
622220901;ACRESCIMO;Não;Não
622220909;(-) REDUÇÃO;Não;Não
622229900;OUTRAS DESCENTRALIZAÇOES EXTERNAS DE CRÉDITOS;Não;Não
622290000;OUTRAS DESCENTRALIZAÇÕES DE CRÉDITOS;Não;Não
622300000;DETALHAMENTO DE CREDITO;Não;Não
622310000;CREDITOS DETALHADOS;Não;Não
622800000;CORREÇÃO DE DIFERENÇAS RESULTANTES DE VARIAÇÃO CAMBIAL;Não;Não
622900000;OUTROS CONTROLES DA DESPESA ORÇAMENTÁRIA;Não;Não
622910000;DESPESA PRE-EMPENHADA;Não;Não
622910100;PRE-EMPENHOS A EMPENHAR;Não;Não
622910200;PRE-EMPENHOS EMPENHADOS;Não;Não
622910300;PRE-EMPENHOS TRANSFERIDOS;Não;Não
622920000;EMISSAO DE EMPENHO;Não;Não
622920100;EMPENHOS POR NOTA DE EMPENHO;Não;Não
622920101;EMPENHOS A LIQUIDAR;Não;Não
622920102;EMPENHOS EM LIQUIDAÇÃO;Não;Não
622920103;EMPENHOS LIQUIDADOS A PAGAR;Não;Não
622920104;EMPENHOS LIQUIDADOS PAGOS;Não;Não
622920900;EMISSÃO DE EMPENHOS - OUTROS;Não;Não
622990000;DEMAIS CONTROLES DA DESPESA ORÇAMENTÁRIA;Não;Não
630000000;EXECUÇÃO DE RESTOS A PAGAR;Não;Não
631000000;EXECUÇÃO DE RP NÃO PROCESSADOS;Não;Não
631100000;RP NÃO PROCESSADOS A LIQUIDAR;Não;Não
631200000;RP NÃO PROCESSADOS EM LIQUIDAÇÃO;Não;Não
631300000;RP NÃO PROCESSADOS LIQUIDADOS A PAGAR;Não;Não
631400000;RP NÃO PROCESSADOS PAGOS;Não;Não
631500000;RP NÃO PROCESSADOS A LIQUIDAR BLOQUEADOS;Não;Não
631600000;RP NÃO PROCESSADOS TRANSFERIDOS;Não;Não
631700000;RP NÃO PROCESSADOS - INSCRIÇÃO NO EXERCÍCIO;Não;Não
631710000;RP NÃO PROCESSADOS A LIQUIDAR - INSCRIÇÃO NO EXERCÍCIO;Não;Não
631720000;RP NÃO PROCESSADOS EM LIQUIDAÇÃO - INSCRIÇÃO NO EXERCÍCIO;Não;Não
631900000;RP NÃO PROCESSADOS CANCELADOS;Não;Não
631910000; CANCELAMENTOS POR INSUFICIENCIA DE RECURSOS;Não;Não
631990000;OUTROS CANCELAMENTOS DE RP;Não;Não
632000000;EXECUÇÃO DE RP PROCESSADOS;Não;Não
632100000;RP PROCESSADOS A PAGAR;Não;Não
632200000;RP PROCESSADOS PAGOS;Não;Não
632600000;RP PROCESSADOS TRANSFERIDOS;Não;Não
632700000;RP PROCESSADOS - INSCRIÇÃO NO EXERCÍCIO;Não;Não
632900000;RP PROCESSADOS CANCELADOS;Não;Não
632910000;POR VALORES E/OU INSCRIÇÕES INDEVIDAS;Não;Não
632990000;OUTROS CANCELAMENTOS DE RP;Não;Não
700000000;CONTROLES DEVEDORES;Não;Não
710000000;ATOS POTENCIAIS;Não;Não
711000000;ATOS POTENCIAIS ATIVOS;Não;Não
711100000;GARANTIAS E CONTRAGARANTIAS RECEBIDAS;Não;Não
711110000;GARANTIAS E CONTRAGARANTIAS RECEBIDAS - CONSOLIDAÇÃO;Não;Não
711110100;GARANTIAS RECEBIDAS NO PAÍS;Não;Não
711110101;AVAIS;Não;Não
711110102;FIANÇAS;Não;Não
711110103;HIPOTECAS;Não;Não
711110104;SEGUROS-GARANTIA;Não;Não
711110105;CAUÇÕES;Não;Não
711110106;GARANTIAS INSTITUÍDAS POR LEI ESPECÍFICA;Não;Não
711110107;GARANTIAS DA DÍVIDA PÚBLICA;Não;Não
711110108;APÓLICES DE SEGUROS;Não;Não
711110199;OUTRAS GARANTIAS RECEBIDAS NO PAÍS;Não;Não
711110200;GARANTIAS RECEBIDAS NO EXTERIOR;Não;Não
711110201;AVAIS;Não;Não
711110202;FIANÇAS;Não;Não
711110203;HIPOTECAS;Não;Não
711110204;SEGUROS-GARANTIA;Não;Não
711110205;CAUÇÕES;Não;Não
711110206;GARANTIAS INSTITUÍDAS POR LEI ESPECÍFICA;Não;Não
711110207;GARANTIAS DA DÍVIDA PÚBLICA;Não;Não
711110208;APÓLICES DE SEGUROS;Não;Não
711110299;OUTRAS GARANTIAS RECEBIDAS NO EXTERIOR;Não;Não
711110300;CONTRAGARANTIAS RECEBIDAS NO PAÍS;Não;Não
711110301;AVAIS;Não;Não
711110302;FIANÇAS;Não;Não
711110303;CONTRAGARANTIAS INSTITUÍDAS POR LEI ESPECÍFICA;Não;Não
711110399;OUTRAS CONTRAGARANTIAS RECEBIDAS NO PAÍS;Não;Não
711110400;CONTRAGARANTIAS RECEBIDAS NO EXTERIOR;Não;Não
711110401;AVAIS;Não;Não
711110402;FIANÇAS;Não;Não
711110403;CONTRAGARANTIAS INSTITUÍDAS POR LEI ESPECÍFICA;Não;Não
711110499;OUTRAS CONTRAGARANTIAS RECEBIDAS NO EXTERIOR;Não;Não
711120000;GARANTIAS E CONTRAGARANTIAS RECEBIDAS - INTRA OFSS;Não;Não
711120100;GARANTIAS RECEBIDAS NO PAÍS;Não;Não
711120101;AVAIS;Não;Não
711120102;FIANÇAS;Não;Não
711120103;HIPOTECAS;Não;Não
711120104;SEGUROS-GARANTIA;Não;Não
711120105;CAUÇÕES;Não;Não
711120106;GARANTIAS INSTITUÍDAS POR LEI ESPECÍFICA;Não;Não
711120107;GARANTIAS DA DÍVIDA PÚBLICA;Não;Não
711120108;APÓLICES DE SEGUROS;Não;Não
711120199;OUTRAS GARANTIAS RECEBIDAS NO PAÍS;Não;Não
711120200;GARANTIAS RECEBIDAS NO EXTERIOR;Não;Não
711120201;AVAIS;Não;Não
711120202;FIANÇAS;Não;Não
711120203;HIPOTECAS;Não;Não
711120204;SEGUROS-GARANTIA;Não;Não
711120205;CAUÇÕES;Não;Não
711120206;GARANTIAS INSTITUÍDAS POR LEI ESPECÍFICA;Não;Não
711120207;GARANTIAS DA DÍVIDA PÚBLICA;Não;Não
711120208;APÓLICES DE SEGUROS;Não;Não
711120299;OUTRAS GARANTIAS RECEBIDAS NO EXTERIOR;Não;Não
711120300;CONTRAGARANTIAS RECEBIDAS NO PAÍS;Não;Não
711120301;AVAIS;Não;Não
711120302;FIANÇAS;Não;Não
711120303;CONTRAGARANTIAS INSTITUÍDAS POR LEI ESPECÍFICA;Não;Não
711120399;OUTRAS CONTRAGARANTIAS RECEBIDAS NO PAÍS;Não;Não
711120400;CONTRAGARANTIAS RECEBIDAS NO EXTERIOR;Não;Não
711120401;AVAIS;Não;Não
711120402;FIANÇAS;Não;Não
711120403;CONTRAGARANTIAS INSTITUÍDAS POR LEI ESPECÍFICA;Não;Não
711120404;OUTRAS CONTRAGARANTIAS RECEBIDAS NO EXTERIOR;Não;Não
711130000;GARANTIAS E CONTRAGARANTIAS RECEBIDAS - INTER OFSS - UNIÃO;Não;Não
711130100;GARANTIAS RECEBIDAS NO PAÍS;Não;Não
711130101;AVAIS;Não;Não
711130102;FIANÇAS;Não;Não
711130103;HIPOTECAS;Não;Não
711130104;SEGUROS-GARANTIA;Não;Não
711130105;CAUÇÕES;Não;Não
711130106;GARANTIAS INSTITUÍDAS POR LEI ESPECÍFICA;Não;Não
711130107;GARANTIAS DA DÍVIDA PÚBLICA;Não;Não
711130108;APÓLICES DE SEGUROS;Não;Não
711130199;OUTRAS GARANTIAS RECEBIDAS NO PAÍS;Não;Não
711130200;GARANTIAS RECEBIDAS NO EXTERIOR;Não;Não
711130201;AVAIS;Não;Não
711130202;FIANÇAS;Não;Não
711130203;HIPOTECAS;Não;Não
711130204;SEGUROS-GARANTIA;Não;Não
711130205;CAUÇÕES;Não;Não
711130206;GARANTIAS INSTITUÍDAS POR LEI ESPECÍFICA;Não;Não
711130207;GARANTIAS DA DÍVIDA PÚBLICA;Não;Não
711130208;APÓLICES DE SEGUROS;Não;Não
711130299;OUTRAS GARANTIAS RECEBIDAS NO EXTERIOR;Não;Não
711130300;CONTRAGARANTIAS RECEBIDAS NO PAÍS;Não;Não
711130301;AVAIS;Não;Não
711130302;FIANÇAS;Não;Não
711130303;CONTRAGARANTIAS INSTITUÍDAS POR LEI ESPECÍFICA;Não;Não
711130399;OUTRAS CONTRAGARANTIAS RECEBIDAS NO PAÍS;Não;Não
711130400;CONTRAGARANTIAS RECEBIDAS NO EXTERIOR;Não;Não
711130401;AVAIS;Não;Não
711130402;FIANÇAS;Não;Não
711130403;CONTRAGARANTIAS INSTITUÍDAS POR LEI ESPECÍFICA;Não;Não
711130499;OUTRAS CONTRAGARANTIAS RECEBIDAS NO EXTERIOR;Não;Não
711140000;GARANTIAS E CONTRAGARANTIAS RECEBIDAS - INTER OFSS - ESTADO;Não;Não
711140100;GARANTIAS RECEBIDAS NO PAÍS;Não;Não
711140101;AVAIS;Não;Não
711140102;FIANÇAS;Não;Não
711140103;HIPOTECAS;Não;Não
711140104;SEGUROS-GARANTIA;Não;Não
711140105;CAUÇÕES;Não;Não
711140106;GARANTIAS INSTITUÍDAS POR LEI ESPECÍFICA;Não;Não
711140107;GARANTIAS DA DÍVIDA PÚBLICA;Não;Não
711140108;APÓLICES DE SEGUROS;Não;Não
711140199;OUTRAS GARANTIAS RECEBIDAS NO PAÍS;Não;Não
711140200;GARANTIAS RECEBIDAS NO EXTERIOR;Não;Não
711140201;AVAIS;Não;Não
711140202;FIANÇAS;Não;Não
711140203;HIPOTECAS;Não;Não
711140204;SEGUROS-GARANTIA;Não;Não
711140205;CAUÇÕES;Não;Não
711140206;GARANTIAS INSTITUÍDAS POR LEI ESPECÍFICA;Não;Não
711140207;GARANTIAS DA DÍVIDA PÚBLICA;Não;Não
711140208;APÓLICES DE SEGUROS;Não;Não
711140299;OUTRAS GARANTIAS RECEBIDAS NO EXTERIOR;Não;Não
711140300;CONTRAGARANTIAS RECEBIDAS NO PAÍS;Não;Não
711140301;AVAIS;Não;Não
711140302;FIANÇAS;Não;Não
711140303;CONTRAGARANTIAS INSTITUÍDAS POR LEI ESPECÍFICA;Não;Não
711140399;OUTRAS CONTRAGARANTIAS RECEBIDAS NO PAÍS;Não;Não
711140400;CONTRAGARANTIAS RECEBIDAS NO EXTERIOR;Não;Não
711140401;AVAIS;Não;Não
711140402;FIANÇAS;Não;Não
711140403;CONTRAGARANTIAS INSTITUÍDAS POR LEI ESPECÍFICA;Não;Não
711140499;OUTRAS CONTRAGARANTIAS RECEBIDAS NO EXTERIOR;Não;Não
711150000;GARANTIAS E CONTRAGARANTIAS RECEBIDAS - INTER OFSS - MUNICÍPIO;Não;Não
711150100;GARANTIAS RECEBIDAS NO PAÍS;Não;Não
711150101;AVAIS;Não;Não
711150102;FIANÇAS;Não;Não
711150103;HIPOTECAS;Não;Não
711150104;SEGUROS-GARANTIA;Não;Não
711150105;CAUÇÕES;Não;Não
711150106;GARANTIAS INSTITUÍDAS POR LEI ESPECÍFICA;Não;Não
711150107;GARANTIAS DA DÍVIDA PÚBLICA;Não;Não
711150108;APÓLICES DE SEGUROS;Não;Não
711150199;OUTRAS GARANTIAS RECEBIDAS NO PAÍS;Não;Não
711150200;GARANTIAS RECEBIDAS NO EXTERIOR;Não;Não
711150201;AVAIS;Não;Não
711150202;FIANÇAS;Não;Não
711150203;HIPOTECAS;Não;Não
711150204;SEGUROS-GARANTIA;Não;Não
711150205;CAUÇÕES;Não;Não
711150206;GARANTIAS INSTITUÍDAS POR LEI ESPECÍFICA;Não;Não
711150207;GARANTIAS DA DÍVIDA PÚBLICA;Não;Não
711150208;APÓLICES DE SEGUROS;Não;Não
711150299;OUTRAS GARANTIAS RECEBIDAS NO EXTERIOR;Não;Não
711150300;CONTRAGARANTIAS RECEBIDAS NO PAÍS;Não;Não
711150301;AVAIS;Não;Não
711150302;FIANÇAS;Não;Não
711150303;CONTRAGARANTIAS INSTITUÍDAS POR LEI ESPECÍFICA;Não;Não
711150399;OUTRAS CONTRAGARANTIAS RECEBIDAS NO PAÍS;Não;Não
711150400;CONTRAGARANTIAS RECEBIDAS NO EXTERIOR;Não;Não
711150401;AVAIS;Não;Não
711150402;FIANÇAS;Não;Não
711150403;CONTRAGARANTIAS INSTITUÍDAS POR LEI ESPECÍFICA;Não;Não
711150499;OUTRAS CONTRAGARANTIAS RECEBIDAS NO EXTERIOR;Não;Não
711200000;DIREITOS CONVENIADOS E OUTROS INSTRUMENTOS CONGÊNERES;Não;Não
711210000;DIREITOS CONVENIADOS E OUTROS INSTRUMENTOS CONGÊNERES - CONSOLIDAÇÃO;Não;Não
711210100;DIREITOS CONVENIADOS;Não;Não
711210200;TERMO DE COOPERAÇÃO;Não;Não
711219900;OUTROS INSTRUMENTOS CONGÊNERES;Não;Não
711220000;DIREITOS CONVENIADOS E OUTROS INSTRUMENTOS CONGÊNERES - INTRA OFSS;Não;Não
711230000;DIREITOS CONVENIADOS E OUTROS INSTRUMENTOS CONGÊNERES - INTER OFSS - UNIÃO;Não;Não
711240000;DIREITOS CONVENIADOS E OUTROS INSTRUMENTOS CONGÊNERES - INTER OFSS - ESTADO;Não;Não
711250000;DIREITOS CONVENIADOS E OUTROS INSTRUMENTOS CONGÊNERES - INTER OFSS - MUNICÍPIO;Não;Não
711300000;DIREITOS CONTRATUAIS;Não;Não
711310000;DIREITOS CONTRATUAIS - CONSOLIDAÇÃO;Não;Não
711310100;CONTRATOS DE SEGUROS;Não;Não
711310200;CONTRATOS DE SERVIÇOS;Não;Não
711310300;CONTRATOS DE ALUGUÉIS;Não;Não
711310400;CONTRATOS DE FORNECIMENTO DE BENS;Não;Não
711310500;CONTRATOS DE EMPRÉSTIMOS E FINANCIAMENTOS;Não;Não
711310600;CONTRATOS DE PPP - DO ENTE FEDERADO;Não;Não
711310700;CONTRATOS DE PPP - DAS ESTATAIS NÃO DEPENDENTES;Não;Não
711310800;CONTRATOS DE RATEIO DE CONSÓRCIOS PÚBLICOS;Não;Não
711311200;CONTRATOS DE CESSÃO DE BENS MÓVEIS;Não;Não
711311300;CONTRATOS DE CESSÃO DE BENS IMÓVEIS;Não;Não
711319900;OUTROS DIREITOS CONTRATUAIS;Não;Não
711320000;DIREITOS CONTRATUAIS - INTRA OFSS;Não;Não
711330000;DIREITOS CONTRATUAIS - INTER OFSS - UNIÃO;Não;Não
711340000;DIREITOS CONTRATUAIS - INTER OFSS - ESTADO;Não;Não
711350000;DIREITOS CONTRATUAIS - INTER OFSS - MUNICÍPIO;Não;Não
711400000;DEMANDAS JUDICIAIS;Não;Não
711410000;DEMANDAS JUDICIAIS - CONSOLIDAÇÃO;Não;Não
711420000;DEMANDAS JUDICIAIS - INTRA OFSS;Não;Não
711430000;DEMANDAS JUDICIAIS - INTER OFSS - UNIÃO;Não;Não
711440000;DEMANDAS JUDICIAIS - INTER OFSS - ESTADO;Não;Não
711450000;DEMANDAS JUDICIAIS - INTER OFSS - MUNICÍPIO;Não;Não
711900000;OUTROS ATOS POTENCIAIS ATIVOS;Não;Não
711910000;OUTROS ATOS POTENCIAIS ATIVOS - CONSOLIDAÇÃO;Não;Não
711920000;OUTROS ATOS POTENCIAIS ATIVOS - INTRA OFSS;Não;Não
711930000;OUTROS ATOS POTENCIAIS ATIVOS - INTER OFSS - UNIÃO;Não;Não
711940000;OUTROS ATOS POTENCIAIS ATIVOS - INTER OFSS - ESTADO;Não;Não
711950000;OUTROS ATOS POTENCIAIS ATIVOS - INTER OFSS - MUNICÍPIO;Não;Não
712000000;ATOS POTENCIAIS PASSIVOS;Não;Não
712100000;GARANTIAS E CONTRAGARANTIAS CONCEDIDAS;Não;Não
712110000;GARANTIAS E CONTRAGARANTIAS CONCEDIDAS - CONSOLIDAÇÃO;Não;Não
712110100;GARANTIAS CONCEDIDAS NO PAÍS;Não;Não
712110101;AVAIS;Não;Não
712110102;FIANÇAS;Não;Não
712110103;HIPOTECAS;Não;Não
712110104;SEGUROS-GARANTIA;Não;Não
712110105;CAUÇÕES;Não;Não
712110106;GARANTIAS INSTITUÍDAS POR LEI ESPECÍFICA;Não;Não
712110107;GARANTIAS CONCEDIDAS EM CONTRATOS DE PPP;Não;Não
712110199;OUTRAS GARANTIAS E CONTRAGARANTIAS CONCEDIDAS NO PAÍS;Não;Não
712110200;GARANTIAS CONCEDIDAS NO EXTERIOR;Não;Não
712110201;AVAIS;Não;Não
712110202;FIANÇAS;Não;Não
712110203;HIPOTECAS;Não;Não
712110204;SEGUROS-GARANTIA;Não;Não
712110205;CAUÇÕES;Não;Não
712110206;GARANTIAS INSTITUÍDAS POR LEI ESPECÍFICA;Não;Não
712110299;OUTRAS GARANTIAS E CONTRAGARANTIAS CONCEDIDAS NO EXTERIOR;Não;Não
712110300;CONTRAGARANTIAS CONCEDIDAS NO PAÍS;Não;Não
712110301;AVAIS;Não;Não
712110302;FIANÇAS;Não;Não
712110303;CONTRAGARANTIAS INSTITUÍDAS POR LEI ESPECÍFICA;Não;Não
712110304;OUTRAS CONTRAGARANTIAS CONCEDIDAS NO PAÍS;Não;Não
712110400;CONTRAGARANTIAS CONCEDIDAS NO EXTERIOR;Não;Não
712110401;AVAIS;Não;Não
712110402;FIANÇAS;Não;Não
712110403;CONTRAGARANTIAS INSTITUÍDAS POR LEI ESPECÍFICA;Não;Não
712110499;OUTRAS CONTRAGARANTIAS CONCEDIDAS NO EXTERIOR;Não;Não
712120000;GARANTIAS E CONTRAGARANTIAS CONCEDIDAS - INTRA OFSS;Não;Não
712120100;GARANTIAS CONCEDIDAS NO PAÍS;Não;Não
712120101;AVAIS;Não;Não
712120102;FIANÇAS;Não;Não
712120103;HIPOTECAS;Não;Não
712120104;SEGUROS-GARANTIA;Não;Não
712120105;CAUÇÕES;Não;Não
712120106;GARANTIAS INSTITUÍDAS POR LEI ESPECÍFICA;Não;Não
712120107;GARANTIAS CONCEDIDAS EM CONTRATOS DE PPP;Não;Não
712120199;OUTRAS GARANTIAS CONCEDIDAS NO PAÍS;Não;Não
712120200;GARANTIAS CONCEDIDAS NO EXTERIOR;Não;Não
712120201;AVAIS;Não;Não
712120202;FIANÇAS;Não;Não
712120203;HIPOTECAS;Não;Não
712120204;SEGUROS-GARANTIA;Não;Não
712120205;CAUÇÕES;Não;Não
712120206;GARANTIAS INSTITUÍDAS POR LEI ESPECÍFICA;Não;Não
712120299;OUTRAS GARANTIAS CONCEDIDAS NO EXTERIOR;Não;Não
712120300;CONTRAGARANTIAS CONCEDIDAS NO PAÍS;Não;Não
712120301;AVAIS;Não;Não
712120302;FIANÇAS;Não;Não
712120303;CONTRAGARANTIAS INSTITUÍDAS POR LEI ESPECÍFICA;Não;Não
712120399;OUTRAS CONTRAGARANTIAS CONCEDIDAS NO PAÍS;Não;Não
712120400;CONTRAGARANTIAS CONCEDIDAS NO EXTERIOR;Não;Não
712120401;AVAIS;Não;Não
712120402;FIANÇAS;Não;Não
712120403;CONTRAGARANTIAS INSTITUÍDAS POR LEI ESPECÍFICA;Não;Não
712120499;OUTRAS CONTRAGARANTIAS CONCEDIDAS NO EXTERIOR;Não;Não
712130000;GARANTIAS E CONTRAGARANTIAS CONCEDIDAS - INTER OFSS - UNIÃO;Não;Não
712130100;GARANTIAS CONCEDIDAS NO PAÍS;Não;Não
712130101;AVAIS;Não;Não
712130102;FIANÇAS;Não;Não
712130103;HIPOTECAS;Não;Não
712130104;SEGUROS-GARANTIA;Não;Não
712130105;CAUÇÕES;Não;Não
712130106;GARANTIAS INSTITUÍDAS POR LEI ESPECÍFICA;Não;Não
712130107;GARANTIAS CONCEDIDAS EM CONTRATOS DE PPP;Não;Não
712130199;OUTRAS GARANTIAS CONCEDIDAS NO PAÍS;Não;Não
712130200;GARANTIAS CONCEDIDAS NO EXTERIOR;Não;Não
712130201;AVAIS;Não;Não
712130202;FIANÇAS;Não;Não
712130203;HIPOTECAS;Não;Não
712130204;SEGUROS-GARANTIA;Não;Não
712130205;CAUÇÕES;Não;Não
712130206;GARANTIAS INSTITUÍDAS POR LEI ESPECÍFICA;Não;Não
712130299;OUTRAS GARANTIAS CONCEDIDAS NO EXTERIOR;Não;Não
712130300;CONTRAGARANTIAS CONCEDIDAS NO PAÍS;Não;Não
712130301;AVAIS;Não;Não
712130302;FIANÇAS;Não;Não
712130303;CONTRAGARANTIAS INSTITUÍDAS POR LEI ESPECÍFICA;Não;Não
712130399;OUTRAS CONTRAGARANTIAS CONCEDIDAS NO PAÍS;Não;Não
712130400;CONTRAGARANTIAS CONCEDIDAS NO EXTERIOR;Não;Não
712130401;AVAIS;Não;Não
712130402;FIANÇAS;Não;Não
712130403;CONTRAGARANTIAS INSTITUÍDAS POR LEI ESPECÍFICA;Não;Não
712130499;OUTRAS CONTRAGARANTIAS CONCEDIDAS NO EXTERIOR;Não;Não
712140000;GARANTIAS E CONTRAGARANTIAS CONCEDIDAS - INTER OFSS - ESTADO;Não;Não
712140100;GARANTIAS CONCEDIDAS NO PAÍS;Não;Não
712140101;AVAIS;Não;Não
712140102;FIANÇAS;Não;Não
712140103;HIPOTECAS;Não;Não
712140104;SEGUROS-GARANTIA;Não;Não
712140105;CAUÇÕES;Não;Não
712140106;GARANTIAS INSTITUÍDAS POR LEI ESPECÍFICA;Não;Não
712140107;GARANTIAS CONCEDIDAS EM CONTRATOS DE PPP;Não;Não
712140199;OUTRAS GARANTIAS CONCEDIDAS NO PAÍS;Não;Não
712140200;GARANTIAS CONCEDIDAS NO EXTERIOR;Não;Não
712140201;AVAIS;Não;Não
712140202;FIANÇAS;Não;Não
712140203;HIPOTECAS;Não;Não
712140204;SEGUROS-GARANTIA;Não;Não
712140205;CAUÇÕES;Não;Não
712140206;GARANTIAS INSTITUÍDAS POR LEI ESPECÍFICA;Não;Não
712140299;OUTRAS GARANTIAS CONCEDIDAS NO EXTERIOR;Não;Não
712140300;CONTRAGARANTIAS CONCEDIDAS NO PAÍS;Não;Não
712140301;AVAIS;Não;Não
712140302;FIANÇAS;Não;Não
712140303;CONTRAGARANTIAS INSTITUÍDAS POR LEI ESPECÍFICA;Não;Não
712140399;OUTRAS CONTRAGARANTIAS CONCEDIDAS NO PAÍS;Não;Não
712140400;CONTRAGARANTIAS CONCEDIDAS NO EXTERIOR;Não;Não
712140401;AVAIS;Não;Não
712140402;FIANÇAS;Não;Não
712140403;CONTRAGARANTIAS INSTITUÍDAS POR LEI ESPECÍFICA;Não;Não
712140499;OUTRAS CONTRAGARANTIAS CONCEDIDAS NO EXTERIOR;Não;Não
712150000;GARANTIAS E CONTRAGARANTIAS CONCEDIDAS - INTER OFSS - MUNICÍPIO;Não;Não
712150100;GARANTIAS CONCEDIDAS NO PAÍS;Não;Não
712150101;AVAIS;Não;Não
712150102;FIANÇAS;Não;Não
712150103;HIPOTECAS;Não;Não
712150104;SEGUROS-GARANTIA;Não;Não
712150105;CAUÇÕES;Não;Não
712150106;GARANTIAS INSTITUÍDAS POR LEI ESPECÍFICA;Não;Não
712150107;GARANTIAS CONCEDIDAS EM CONTRATOS DE PPP;Não;Não
712150199;OUTRAS GARANTIAS CONCEDIDAS NO PAÍS;Não;Não
712150200;GARANTIAS CONCEDIDAS NO EXTERIOR;Não;Não
712150201;AVAIS;Não;Não
712150202;FIANÇAS;Não;Não
712150203;HIPOTECAS;Não;Não
712150204;SEGUROS-GARANTIA;Não;Não
712150205;CAUÇÕES;Não;Não
712150206;GARANTIAS INSTITUÍDAS POR LEI ESPECÍFICA;Não;Não
712150299;OUTRAS GARANTIAS CONCEDIDAS NO EXTERIOR;Não;Não
712150300;CONTRAGARANTIAS CONCEDIDAS NO PAÍS;Não;Não
712150301;AVAIS;Não;Não
712150302;FIANÇAS;Não;Não
712150303;CONTRAGARANTIAS INSTITUÍDAS POR LEI ESPECÍFICA;Não;Não
712150399;OUTRAS CONTRAGARANTIAS CONCEDIDAS NO PAÍS;Não;Não
712150400;CONTRAGARANTIAS CONCEDIDAS NO EXTERIOR;Não;Não
712150401;AVAIS;Não;Não
712150402;FIANÇAS;Não;Não
712150403;CONTRAGARANTIAS INSTITUÍDAS POR LEI ESPECÍFICA;Não;Não
712150499;OUTRAS CONTRAGARANTIAS CONCEDIDAS NO EXTERIOR;Não;Não
712200000;OBRIGAÇÕES CONVENIADAS E OUTROS INSTRUMENTOS CONGÊNERES;Não;Não
712210000;OBRIGAÇÕES CONVENIADAS E OUTROS INSTRUMENTOS CONGÊNERES - CONSOLIDAÇÃO;Não;Não
712210100;OBRIGAÇÕES CONVENIADAS;Não;Não
712210200;TERMO DE COOPERAÇÃO;Não;Não
712219900;OUTROS INSTRUMENTOS CONGÊNERES;Não;Não
712220000;OBRIGAÇÕES CONVENIADAS E OUTROS INSTRUMENTOS CONGÊNERES - INTRA OFSS;Não;Não
712230000;OBRIGAÇÕES CONVENIADAS E OUTROS INSTRUMENTOS CONGÊNERES - INTER OFSS - UNIÃO;Não;Não
712240000;OBRIGAÇÕES CONVENIADAS E OUTROS INSTRUMENTOS CONGÊNERES - INTER OFSS - ESTADO;Não;Não
712250000;OBRIGAÇÕES CONVENIADAS E OUTROS INSTRUMENTOS CONGÊNERES - INTER OFSS - MUNICÍPIO;Não;Não
712300000;OBRIGAÇÕES CONTRATUAIS;Não;Não
712310000;OBRIGAÇÕES CONTRATUAIS - CONSOLIDAÇÃO;Não;Não
712310100;CONTRATOS DE SEGUROS;Não;Não
712310200;CONTRATOS DE SERVIÇOS;Não;Não
712310300;CONTRATOS DE ALUGUÉIS;Não;Não
712310400;CONTRATOS DE FORNECIMENTO DE BENS;Não;Não
712310500;CONTRATOS DE EMPRÉSTIMOS E FINANCIAMENTOS;Não;Não
712310600;CONTRATO DE GESTÃO;Não;Não
712310700;TERMO DE PARCERIA;Não;Não
712310800;CONTRATOS DE PPP;Não;Não
712310801;OBRIGAÇÕES CONTRATUAIS-CONTRAPRESTAÇÕES FUTURAS;Não;Não
712310802;RISCOS NÃO PROVISIONADOS;Não;Não
712310803;OUTROS PASSIVOS CONTINGENTES;Não;Não
712310899;OUTRAS OBRIGAÇÕES CONTRATUAIS DECORRENTES DE PPP;Não;Não
712310900;CONTRATOS DE RATEIO DE CONSÓRCIOS PÚBLICOS;Não;Não
712311000;CONTRATOS DE PPP - DO ENTE FEDERADO, EXCETO ESTATAIS NÃO DEPENDENTES;Não;Não
712311100;CONTRATOS DE PPP - DAS ESTATAIS NÃO DEPENDENTES;Não;Não
712311200;CONTRATOS DE CESSÃO DE BENS MÓVEIS;Não;Não
712311300;CONTRATOS DE CESSÃO DE BENS IMÓVEIS;Não;Não
712319900;OUTROS OBRIGAÇÕES CONTRATUAIS;Não;Não
712320000;OBRIGAÇÕES CONTRATUAIS - INTRA OFSS;Não;Não
712330000;OBRIGAÇÕES CONTRATUAIS - INTER OFSS - UNIÃO;Não;Não
712340000;OBRIGAÇÕES CONTRATUAIS - INTER OFSS - ESTADO;Não;Não
712350000;OBRIGAÇÕES CONTRATUAIS - INTER OFSS - MUNICÍPIO;Não;Não
712400000;DEMANDAS JUDICIAIS;Não;Não
712410000;DEMANDAS JUDICIAIS - CONSOLIDAÇÃO;Não;Não
712420000;DEMANDAS JUDICIAIS - INTRA OFSS;Não;Não
712430000;DEMANDAS JUDICIAIS - INTER OFSS - UNIÃO;Não;Não
712440000;DEMANDAS JUDICIAIS - INTER OFSS - ESTADO;Não;Não
712450000;DEMANDAS JUDICIAIS - INTER OFSS - MUNICÍPIO;Não;Não
712900000;OUTROS ATOS POTENCIAIS PASSIVOS;Não;Não
712910000;OUTROS ATOS POTENCIAIS PASSIVOS - CONSOLIDAÇÃO;Não;Não
712920000;OUTROS ATOS POTENCIAIS PASSIVOS - INTRA OFSS;Não;Não
712930000;OUTROS ATOS POTENCIAIS PASSIVOS - INTER OFSS - UNIÃO;Não;Não
712940000;OUTROS ATOS POTENCIAIS PASSIVOS - INTER OFSS - ESTADO;Não;Não
712950000;OUTROS ATOS POTENCIAIS PASSIVOS - INTER OFSS - MUNICÍPIOS;Não;Não
720000000;ADMINISTRAÇÃO FINANCEIRA;Não;Não
721000000;DISPONIBILIDADES POR DESTINAÇÃO;Não;Não
721100000;CONTROLE DA DISPONIBILIDADE DE RECURSOS;Não;Não
721110000;RECURSOS ORDINÁRIOS;Não;Não
721120000;RECURSOS VINCULADOS;Não;Não
721130000;RECURSOS EXTRAORÇAMENTÁRIOS;Não;Não
721140000;RECURSOS PARA COMPENSAÇÃO FINANCEIRA;Não;Não
721190000;OUTROS CONTROLES DA DISPONIBILIDADE DE RECURSOS;Não;Não
721200000;LIMITE DE RESTOS A PAGAR POR DESTINAÇÃO;Não;Não
721300000;RECURSO DIFERIDO POR DESTINAÇÃO;Não;Não
721900000;OUTROS CONTROLES - DISPONIBILIDADES POR DESTINAÇÃO;Não;Não
722000000;PROGRAMAÇÃO FINANCEIRA;Não;Não
722100000;CRONOGRAMA DE EXECUÇÃO MENSAL DE DESEMBOLSO;Não;Não
722110000;CONTROLE DE DESEMBOLSO MENSAL ORÇAMENTÁRIO;Não;Não
722110100;CONTROLE DE DESEMBOLSO MENSAL - DESPESAS ORÇAMENTÁRIAS;Não;Não
722110200;CONTROLE DE DESEMBOLSO MENSAL - TRANSFERÊNCIAS;Não;Não
722119900;OUTROS CONTROLES DE DESEMBOLSO MENSAL ORÇAMENTÁRIO;Não;Não
722120000;CONTROLE DE DESEMBOLSO MENSAL EXTRAORÇAMENTÁRIO;Não;Não
722120100;CONTROLE DE DESEMBOLSO MENSAL - RESTITUIÇÃO DE RECEITAS E DEPÓSITOS;Não;Não
722129900;OUTROS CONTROLES DE DESEMBOLSO MENSAL EXTRAORÇAMENTÁRIO;Não;Não
722190000;OUTROS CONTROLES - CRONOGRAMA DE EXECUÇÃO MENSAL DE DESEMBOLSO;Não;Não
722900000;OUTROS CONTROLES - PROGRAMAÇÃO FINANCEIRA;Não;Não
723000000;INSCRIÇÃO DO LIMITE ORÇAMENTÁRIO;Não;Não
724000000;CONTROLES DA ARRECADAÇÃO;Não;Não
730000000;DÍVIDA ATIVA;Não;Não
731000000;CONTROLE DO ENCAMINHAMENTO DE CRÉDITOS PARA INSCRIÇÃO EM DÍVIDA ATIVA;Não;Não
731100000;ENCAMINHAMENTO DE CRÉDITOS PARA INSCRIÇÃO EM DÍVIDA ATIVA;Não;Não
731110000;ENCAMINHAMENTO DE CRÉDITOS PARA INSCRIÇÃO EM DÍVIDA ATIVA TRIBUTÁRIA;Não;Não
731110100;ENCAMINHAMENTO DE CRÉDITOS PARA INSCRIÇÃO EM DÍVIDA ATIVA TRIBUTÁRIA - IMPOSTOS;Não;Não
731110200;ENCAMINHAMENTO DE CRÉDITOS PARA INSCRIÇÃO EM DÍVIDA ATIVA TRIBUTÁRIA - TAXAS;Não;Não
731110300;ENCAMINHAMENTO DE CRÉDITOS PARA INSCRIÇÃO EM DÍVIDA ATIVA TRIBUTÁRIA - CONTRIBUIÇÃO DE MELHORIA;Não;Não
731119900;OUTROS CONTROLES - ENCAMINHAMENTO DE CRÉDITOS PARA INSCRIÇÃO EM DÍVIDA ATIVA TRIBUTÁRIA;Não;Não
731120000;ENCAMINHAMENTO DE CRÉDITOS PARA INSCRIÇÃO EM DÍVIDA ATIVA NÃO-TRIBUTÁRIA;Não;Não
731120100;ENCAMINHAMENTO DE CRÉDITOS PARA INSCRIÇÃO EM DÍVIDA ATIVA NÃO-TRIBUTÁRIA;Não;Não
732000000;CONTROLE DA INSCRIÇÃO DE CRÉDITOS EM DÍVIDA ATIVA;Não;Não
732100000;INSCRIÇÃO DE CRÉDITOS EM DÍVIDA ATIVA;Não;Não
732110000;INSCRIÇÃO DE CRÉDITOS EM DÍVIDA ATIVA TRIBUTÁRIA;Não;Não
732120000;INSCRIÇÃO DE CRÉDITOS EM DÍVIDA ATIVA NÃO-TRIBUTÁRIA;Não;Não
732190000;OUTROS CONTROLES - INSCRIÇÃO DE CRÉDITOS EM DÍVIDA ATIVA;Não;Não
740000000;RISCOS FISCAIS;Não;Não
741000000;CONTROLE DE PASSIVOS CONTINGENTES;Não;Não
741100000;PASSIVOS CONTINGENTES;Não;Não
741110000;DEMANDAS JUDICIAIS;Não;Não
741120000;DÍVIDAS EM PROCESSO DE RECONHECIMENTO;Não;Não
741130000;AVAIS E GARANTIAS CONCEDIDAS;Não;Não
741140000;ASSUNÇÃO DE PASSIVOS;Não;Não
741150000;ASSISTÊNCIAS DIVERSAS;Não;Não
741190000;OUTROS PASSIVOS CONTINGENTES;Não;Não
742000000;CONTROLE DOS DEMAIS RISCOS FISCAIS;Não;Não
742100000;DEMAIS RISCOS FISCAIS;Não;Não
742110000;FRUSTRAÇÃO DE ARRECADAÇÃO;Não;Não
742120000;RESTITUIÇÃO DE TRIBUTOS A MAIOR;Não;Não
742130000;DISCREPÂNCIA DE PROJEÇÕES:;Não;Não
742140000;OUTROS RISCOS FISCAIS;Não;Não
750000000;CONSÓRCIOS PÚBLICOS;Não;Não
752000000;PRESTAÇÃO DE CONTAS DE CONSÓRCIOS PÚBLICOS;Não;Não
753000000;CONSOLIDAÇÃO DA EXECUÇÃO DO CONSÓRCIO;Não;Não
753100000;VALORES TRANSFERIDOS POR CONTRATO DE RATEIO;Não;Não
753200000;DESPESAS EXECUTADAS EM CONSÓRCIOS PÚBLICOS;Não;Não
753300000;EXECUÇÃO DE RP NÃO PROCESSADOS EM CONSÓRCIOS PÚBLICOS;Não;Não
753400000;EXECUÇÃO DE RP PROCESSADOS EM CONSÓRCIOS PÚBLICOS;Não;Não
753500000;INSUFICIÊNCIA DE CAIXA DO CONSÓRCIO PÚBLICO;Não;Não
753600000;OPERAÇÃO DE CRÉDITO CONTRATADA PELO CONSÓRCIO PÚBLICO;Não;Não
753700000;DÍVIDA CONSOLIDADA REFERENTE AO CONSÓRCIO PÚBLICO;Não;Não
760000000;CONTROLES FISCAIS;Não;Não
761000000;BENEFÍCIOS FISCAIS;Não;Não
761100000;BENEFÍCIOS TRIBUTÁRIOS;Não;Não
761200000;BENEFÍCIOS FINANCEIROS;Não;Não
761300000;BENEFÍCIOS CREDITÍCIOS;Não;Não
761900000;OUTROS BENEFÍCIOS FISCAIS;Não;Não
762000000;CONTROLES DA PROJEÇÃO ATUARIAL;Não;Não
763000000;CONTROLES PARA FINS DA LRF;Não;Não
763100000;CONTROLE DE OPERAÇÕES DE CRÉDITO PARA FINS DA LRF;Não;Não
763200000;CONTROLES DO PASSIVO PARA FINS DA LRF;Não;Não
763300000;CONTROLES DA DESPESA COM PESSOAL PARA FINS DA LRF;Não;Não
780000000;CUSTOS;Não;Não
790000000;OUTROS CONTROLES;Não;Não
791000000;RESPONSABILIDADE POR VALORES, TÍTULOS E BENS;Não;Não
791100000;RESPONSABILIDADE COM TERCEIROS POR VALORES, TÍTULOS E BENS;Não;Não
791110000;DEPÓSITOS JUDICIAIS;Não;Não
791120000;DEPÓSITOS COMPULSÓRIOS;Não;Não
791130000;OUTRAS RESPONSABILIDADES COM TERCEIROS;Não;Não
791140000;CONTRATOS DE CESSÃO DE BENS MÓVEIS;Não;Não
791150000;CONTRATOS DE CESSÃO DE BENS IMÓVEIS;Não;Não
791190000;OUTRAS RESPONSABILIDADES COM TERCEIROS;Não;Não
791200000;RESPONSABILIDADE DE TERCEIROS POR VALORES, TÍTULOS E BENS;Não;Não
791210000;CONTROLE DE ADIANTAMENTOS/SUPRIMENTOS DE FUNDOS CONCEDIDOS;Não;Não
791220000;ATIVOS DE PPP CONTABILIZADOS NO ENTE;Não;Não
791240000;CONTRATOS DE CESSÃO DE BENS MÓVEIS;Não;Não
791250000;CONTRATOS DE CESSÃO DE BENS IMÓVEIS;Não;Não
791290000;OUTRAS RESPONSABILIDADES DE TERCEIROS;Não;Não
792000000;DIVERSOS RESPONSÁVEIS EM APURAÇÃO;Não;Não
799000000;DEMAIS CONTROLES;Não;Não
800000000;CONTROLES CREDORES;Não;Não
810000000;EXECUÇÃO DOS ATOS POTENCIAIS;Não;Não
811000000;EXECUÇÃO DOS ATOS POTENCIAIS ATIVOS;Não;Não
811100000;EXECUÇÃO DE GARANTIAS E CONTRAGARANTIAS RECEBIDAS;Não;Não
811110000;EXECUÇÃO DE GARANTIAS E CONTRAGARANTIAS RECEBIDAS - CONSOLIDAÇÃO;Não;Não
811110100;EXECUÇÃO DE GARANTIAS RECEBIDAS NO PAÍS;Não;Não
811110101;AVAIS A EXECUTAR;Não;Não
811110102;AVAIS EXECUTADOS;Não;Não
811110103;FIANÇAS A EXECUTAR;Não;Não
811110104;FIANÇAS EXECUTADAS;Não;Não
811110105;HIPOTECAS A EXECUTAR;Não;Não
811110106;HIPOTECAS EXECUTADAS;Não;Não
811110107;SEGUROS-GARANTIA A EXECUTAR;Não;Não
811110108;SEGUROS-GARANTIA EXECUTADAS;Não;Não
811110109;CAUÇÕES A EXECUTAR;Não;Não
811110110;CAUÇÕES EXECUTADAS;Não;Não
811110111;GARANTIAS INSTITUÍDAS POR LEI ESPECÍFICA A EXECUTAR;Não;Não
811110112;GARANTIAS INSTITUÍDAS POR LEI ESPECÍFICA EXECUTADAS;Não;Não
811110113;GARANTIAS DA DÍVIDA PUBLICA A EXECUTAR;Não;Não
811110114;GARANTIAS DA DÍVIDA PUBLICA EXECUTADAS;Não;Não
811110115;APÓLICES DE SEGUROS A EXECUTAR;Não;Não
811110116;APÓLICES DE SEGUROS EXECUTADAS;Não;Não
811110198;OUTRAS GARANTIAS RECEBIDAS NO PAÍS A EXECUTAR;Não;Não
811110199;OUTRAS GARANTIAS RECEBIDAS NO PAÍS EXECUTADAS;Não;Não
811110200;EXECUÇÃO DE GARANTIAS  RECEBIDAS NO EXTERIOR;Não;Não
811110201;AVAIS A EXECUTAR;Não;Não
811110202;AVAIS EXECUTADOS;Não;Não
811110203;FIANÇAS A EXECUTAR;Não;Não
811110204;FIANÇAS EXECUTADAS;Não;Não
811110205;HIPOTECAS A EXECUTAR;Não;Não
811110206;HIPOTECAS EXECUTADAS;Não;Não
811110207;SEGUROS-GARANTIA A EXECUTAR;Não;Não
811110208;SEGUROS-GARANTIA EXECUTADAS;Não;Não
811110209;CAUÇÕES A EXECUTAR;Não;Não
811110210;CAUÇÕES EXECUTADAS;Não;Não
811110211;GARANTIAS INSTITUÍDAS POR LEI ESPECÍFICA A EXECUTAR;Não;Não
811110212;GARANTIAS INSTITUÍDAS POR LEI ESPECÍFICA EXECUTADAS;Não;Não
811110213;GARANTIAS DA DÍVIDA PUBLICA A EXECUTAR;Não;Não
811110214;GARANTIAS DA DÍVIDA PUBLICA EXECUTADAS;Não;Não
811110215;APÓLICES DE SEGUROS A EXECUTAR;Não;Não
811110216;APÓLICES DE SEGUROS EXECUTADAS;Não;Não
811110298;OUTRAS GARANTIAS RECEBIDAS NO EXTERIOR A EXECUTAR;Não;Não
811110299;OUTRAS GARANTIAS RECEBIDAS NO EXTERIOR EXECUTADAS;Não;Não
811110300;EXECUÇÃO DE CONTRAGARANTIAS RECEBIDAS NO PAÍS;Não;Não
811110301;AVAIS A EXECUTAR;Não;Não
811110302;AVAIS EXECUTADOS;Não;Não
811110303;FIANÇAS A EXECUTAR;Não;Não
811110304;FIANÇAS EXECUTADAS;Não;Não
811110305;CONTRAGARANTIAS INSTITUÍDAS POR LEI ESPECÍFICA A EXECUTAR;Não;Não
811110306;CONTRAGARANTIAS INSTITUÍDAS POR LEI ESPECÍFICA EXECUTADAS;Não;Não
811110398;OUTRAS CONTRAGARANTIAS RECEBIDAS NO PAÍS A EXECUTAR;Não;Não
811110399;OUTRAS CONTRAGARANTIAS RECEBIDAS NO PAÍS EXECUTADAS;Não;Não
811110400;EXECUÇÃO DE CONTRAGARANTIAS RECEBIDAS NO EXTERIOR;Não;Não
811110401;AVAIS A EXECUTAR;Não;Não
811110402;AVAIS EXECUTADOS;Não;Não
811110403;FIANÇAS A EXECUTAR;Não;Não
811110404;FIANÇAS EXECUTADAS;Não;Não
811110405;CONTRAGARANTIAS INSTITUÍDAS POR LEI ESPECÍFICA A EXECUTAR;Não;Não
811110406;CONTRAGARANTIAS INSTITUÍDAS POR LEI ESPECÍFICA EXECUTADAS;Não;Não
811110498;OUTRAS CONTRAGARANTIAS RECEBIDAS NO EXTERIOR A EXECUTAR;Não;Não
811110499;OUTRAS CONTRAGARANTIAS RECEBIDAS NO EXTERIOR EXECUTADAS;Não;Não
811120000;EXECUÇÃO DE GARANTIAS E CONTRAGARANTIAS RECEBIDAS - INTRA OFSS;Não;Não
811120100;EXECUÇÃO DE GARANTIAS RECEBIDAS NO PAÍS;Não;Não
811120101;AVAIS A EXECUTAR;Não;Não
811120102;AVAIS EXECUTADOS;Não;Não
811120103;FIANÇAS A EXECUTAR;Não;Não
811120104;FIANÇAS EXECUTADAS;Não;Não
811120105;HIPOTECAS A EXECUTAR;Não;Não
811120106;HIPOTECAS EXECUTADAS;Não;Não
811120107;SEGUROS-GARANTIA A EXECUTAR;Não;Não
811120108;SEGUROS-GARANTIA EXECUTADAS;Não;Não
811120109;CAUÇÕES A EXECUTAR;Não;Não
811120110;CAUÇÕES EXECUTADAS;Não;Não
811120111;GARANTIAS INSTITUÍDAS POR LEI ESPECÍFICA A EXECUTAR;Não;Não
811120112;GARANTIAS INSTITUÍDAS POR LEI ESPECÍFICA EXECUTADAS;Não;Não
811120113;GARANTIAS DA DÍVIDA PUBLICA A EXECUTAR;Não;Não
811120114;GARANTIAS DA DÍVIDA PUBLICA EXECUTADAS;Não;Não
811120115;APÓLICES DE SEGUROS A EXECUTAR;Não;Não
811120116;APÓLICES DE SEGUROS EXECUTADAS;Não;Não
811120198;OUTRAS GARANTIAS RECEBIDAS NO PAÍS A EXECUTAR;Não;Não
811120199;OUTRAS GARANTIAS RECEBIDAS NO PAÍS EXECUTADAS;Não;Não
811120200;EXECUÇÃO DE GARANTIAS  RECEBIDAS NO EXTERIOR;Não;Não
811120201;AVAIS A EXECUTAR;Não;Não
811120202;AVAIS EXECUTADOS;Não;Não
811120203;FIANÇAS A EXECUTAR;Não;Não
811120204;FIANÇAS EXECUTADAS;Não;Não
811120205;HIPOTECAS A EXECUTAR;Não;Não
811120206;HIPOTECAS EXECUTADAS;Não;Não
811120207;SEGUROS-GARANTIA A EXECUTAR;Não;Não
811120208;SEGUROS-GARANTIA EXECUTADAS;Não;Não
811120209;CAUÇÕES A EXECUTAR;Não;Não
811120210;CAUÇÕES EXECUTADAS;Não;Não
811120211;GARANTIAS INSTITUÍDAS POR LEI ESPECÍFICA A EXECUTAR;Não;Não
811120212;GARANTIAS INSTITUÍDAS POR LEI ESPECÍFICA EXECUTADAS;Não;Não
811120213;GARANTIAS DA DÍVIDA PUBLICA A EXECUTAR;Não;Não
811120214;GARANTIAS DA DÍVIDA PUBLICA EXECUTADAS;Não;Não
811120215;APÓLICES DE SEGUROS A EXECUTAR;Não;Não
811120216;APÓLICES DE SEGUROS EXECUTADAS;Não;Não
811120298;OUTRAS GARANTIAS RECEBIDAS NO EXTERIOR A EXECUTAR;Não;Não
811120299;OUTRAS GARANTIAS RECEBIDAS NO EXTERIOR EXECUTADAS;Não;Não
811120300;EXECUÇÃO DE CONTRAGARANTIAS RECEBIDAS NO PAÍS;Não;Não
811120301;AVAIS A EXECUTAR;Não;Não
811120302;AVAIS EXECUTADOS;Não;Não
811120303;FIANÇAS A EXECUTAR;Não;Não
811120304;FIANÇAS EXECUTADAS;Não;Não
811120305;CONTRAGARANTIAS INSTITUÍDAS POR LEI ESPECÍFICA A EXECUTAR;Não;Não
811120306;CONTRAGARANTIAS INSTITUÍDAS POR LEI ESPECÍFICA EXECUTADAS;Não;Não
811120398;OUTRAS CONTRAGARANTIAS RECEBIDAS NO PAÍS A EXECUTAR;Não;Não
811120399;OUTRAS CONTRAGARANTIAS RECEBIDAS NO PAÍS EXECUTADAS;Não;Não
811120400;EXECUÇÃO DE CONTRAGARANTIAS RECEBIDAS NO EXTERIOR;Não;Não
811120401;AVAIS A EXECUTAR;Não;Não
811120402;AVAIS EXECUTADOS;Não;Não
811120403;FIANÇAS A EXECUTAR;Não;Não
811120404;FIANÇAS EXECUTADAS;Não;Não
811120405;CONTRAGARANTIAS INSTITUÍDAS POR LEI ESPECÍFICA A EXECUTAR;Não;Não
811120406;CONTRAGARANTIAS INSTITUÍDAS POR LEI ESPECÍFICA EXECUTADAS;Não;Não
811120498;OUTRAS CONTRAGARANTIAS RECEBIDAS NO EXTERIOR A EXECUTAR;Não;Não
811120499;OUTRAS CONTRAGARANTIAS RECEBIDAS NO EXTERIOR EXECUTADAS;Não;Não
811130000;EXECUÇÃO DE GARANTIAS E CONTRAGARANTIAS RECEBIDAS - INTER OFSS - UNIÃO;Não;Não
811130100;EXECUÇÃO DE GARANTIAS RECEBIDAS NO PAÍS;Não;Não
811130101;AVAIS A EXECUTAR;Não;Não
811130102;AVAIS EXECUTADOS;Não;Não
811130103;FIANÇAS A EXECUTAR;Não;Não
811130104;FIANÇAS EXECUTADAS;Não;Não
811130105;HIPOTECAS A EXECUTAR;Não;Não
811130106;HIPOTECAS EXECUTADAS;Não;Não
811130107;SEGUROS-GARANTIA A EXECUTAR;Não;Não
811130108;SEGUROS-GARANTIA EXECUTADAS;Não;Não
811130109;CAUÇÕES A EXECUTAR;Não;Não
811130110;CAUÇÕES EXECUTADAS;Não;Não
811130111;GARANTIAS INSTITUÍDAS POR LEI ESPECÍFICA A EXECUTAR;Não;Não
811130112;GARANTIAS INSTITUÍDAS POR LEI ESPECÍFICA EXECUTADAS;Não;Não
811130113;GARANTIAS DA DÍVIDA PUBLICA A EXECUTAR;Não;Não
811130114;GARANTIAS DA DÍVIDA PUBLICA EXECUTADAS;Não;Não
811130115;APÓLICES DE SEGUROS A EXECUTAR;Não;Não
811130116;APÓLICES DE SEGUROS EXECUTADAS;Não;Não
811130198;OUTRAS GARANTIAS RECEBIDAS NO PAÍS A EXECUTAR;Não;Não
811130199;OUTRAS GARANTIAS RECEBIDAS NO PAÍS EXECUTADAS;Não;Não
811130200;EXECUÇÃO DE GARANTIAS  RECEBIDAS NO EXTERIOR;Não;Não
811130201;AVAIS A EXECUTAR;Não;Não
811130202;AVAIS EXECUTADOS;Não;Não
811130203;FIANÇAS A EXECUTAR;Não;Não
811130204;FIANÇAS EXECUTADAS;Não;Não
811130205;HIPOTECAS A EXECUTAR;Não;Não
811130206;HIPOTECAS EXECUTADAS;Não;Não
811130207;SEGUROS-GARANTIA A EXECUTAR;Não;Não
811130208;SEGUROS-GARANTIA EXECUTADAS;Não;Não
811130209;CAUÇÕES A EXECUTAR;Não;Não
811130210;CAUÇÕES EXECUTADAS;Não;Não
811130211;GARANTIAS INSTITUÍDAS POR LEI ESPECÍFICA A EXECUTAR;Não;Não
811130212;GARANTIAS INSTITUÍDAS POR LEI ESPECÍFICA EXECUTADAS;Não;Não
811130213;GARANTIAS DA DÍVIDA PUBLICA A EXECUTAR;Não;Não
811130214;GARANTIAS DA DÍVIDA PUBLICA EXECUTADAS;Não;Não
811130215;APÓLICES DE SEGUROS A EXECUTAR;Não;Não
811130216;APÓLICES DE SEGUROS EXECUTADAS;Não;Não
811130298;OUTRAS GARANTIAS RECEBIDAS NO EXTERIOR A EXECUTAR;Não;Não
811130299;OUTRAS GARANTIAS RECEBIDAS NO EXTERIOR EXECUTADAS;Não;Não
811130300;EXECUÇÃO DE CONTRAGARANTIAS RECEBIDAS NO PAÍS;Não;Não
811130301;AVAIS A EXECUTAR;Não;Não
811130302;AVAIS EXECUTADOS;Não;Não
811130303;FIANÇAS A EXECUTAR;Não;Não
811130304;FIANÇAS EXECUTADAS;Não;Não
811130305;CONTRAGARANTIAS INSTITUÍDAS POR LEI ESPECÍFICA A EXECUTAR;Não;Não
811130306;CONTRAGARANTIAS INSTITUÍDAS POR LEI ESPECÍFICA EXECUTADAS;Não;Não
811130398;OUTRAS CONTRAGARANTIAS RECEBIDAS NO PAÍS A EXECUTAR;Não;Não
811130399;OUTRAS CONTRAGARANTIAS RECEBIDAS NO PAÍS EXECUTADAS;Não;Não
811130400;EXECUÇÃO DE CONTRAGARANTIAS RECEBIDAS NO EXTERIOR;Não;Não
811130401;AVAIS A EXECUTAR;Não;Não
811130402;AVAIS EXECUTADOS;Não;Não
811130403;FIANÇAS A EXECUTAR;Não;Não
811130404;FIANÇAS EXECUTADAS;Não;Não
811130405;CONTRAGARANTIAS INSTITUÍDAS POR LEI ESPECÍFICA A EXECUTAR;Não;Não
811130406;CONTRAGARANTIAS INSTITUÍDAS POR LEI ESPECÍFICA EXECUTADAS;Não;Não
811130498;OUTRAS CONTRAGARANTIAS RECEBIDAS NO EXTERIOR A EXECUTAR;Não;Não
811130499;OUTRAS CONTRAGARANTIAS RECEBIDAS NO EXTERIOR EXECUTADAS;Não;Não
811140000;EXECUÇÃO DE GARANTIAS E CONTRAGARANTIAS RECEBIDAS - INTER OFSS - ESTADO;Não;Não
811140100;EXECUÇÃO DE GARANTIAS RECEBIDAS NO PAÍS;Não;Não
811140101;AVAIS A EXECUTAR;Não;Não
811140102;AVAIS EXECUTADOS;Não;Não
811140103;FIANÇAS A EXECUTAR;Não;Não
811140104;FIANÇAS EXECUTADAS;Não;Não
811140105;HIPOTECAS A EXECUTAR;Não;Não
811140106;HIPOTECAS EXECUTADAS;Não;Não
811140107;SEGUROS-GARANTIA A EXECUTAR;Não;Não
811140108;SEGUROS-GARANTIA EXECUTADAS;Não;Não
811140109;CAUÇÕES A EXECUTAR;Não;Não
811140110;CAUÇÕES EXECUTADAS;Não;Não
811140111;GARANTIAS INSTITUÍDAS POR LEI ESPECÍFICA A EXECUTAR;Não;Não
811140112;GARANTIAS INSTITUÍDAS POR LEI ESPECÍFICA EXECUTADAS;Não;Não
811140113;GARANTIAS DA DÍVIDA PUBLICA A EXECUTAR;Não;Não
811140114;GARANTIAS DA DÍVIDA PUBLICA EXECUTADAS;Não;Não
811140115;APÓLICES DE SEGUROS A EXECUTAR;Não;Não
811140116;APÓLICES DE SEGUROS EXECUTADAS;Não;Não
811140198;OUTRAS GARANTIAS RECEBIDAS NO PAÍS A EXECUTAR;Não;Não
811140199;OUTRAS GARANTIAS RECEBIDAS NO PAÍS EXECUTADAS;Não;Não
811140200;EXECUÇÃO DE GARANTIAS  RECEBIDAS NO EXTERIOR;Não;Não
811140201;AVAIS A EXECUTAR;Não;Não
811140202;AVAIS EXECUTADOS;Não;Não
811140203;FIANÇAS A EXECUTAR;Não;Não
811140204;FIANÇAS EXECUTADAS;Não;Não
811140205;HIPOTECAS A EXECUTAR;Não;Não
811140206;HIPOTECAS EXECUTADAS;Não;Não
811140207;SEGUROS-GARANTIA A EXECUTAR;Não;Não
811140208;SEGUROS-GARANTIA EXECUTADAS;Não;Não
811140209;CAUÇÕES A EXECUTAR;Não;Não
811140210;CAUÇÕES EXECUTADAS;Não;Não
811140211;GARANTIAS INSTITUÍDAS POR LEI ESPECÍFICA A EXECUTAR;Não;Não
811140212;GARANTIAS INSTITUÍDAS POR LEI ESPECÍFICA EXECUTADAS;Não;Não
811140213;GARANTIAS DA DÍVIDA PUBLICA A EXECUTAR;Não;Não
811140214;GARANTIAS DA DÍVIDA PUBLICA EXECUTADAS;Não;Não
811140215;APÓLICES DE SEGUROS A EXECUTAR;Não;Não
811140216;APÓLICES DE SEGUROS EXECUTADAS;Não;Não
811140298;OUTRAS GARANTIAS RECEBIDAS NO EXTERIOR A EXECUTAR;Não;Não
811140299;OUTRAS GARANTIAS RECEBIDAS NO EXTERIOR EXECUTADAS;Não;Não
811140300;EXECUÇÃO DE CONTRAGARANTIAS RECEBIDAS NO PAÍS;Não;Não
811140301;AVAIS A EXECUTAR;Não;Não
811140302;AVAIS EXECUTADOS;Não;Não
811140303;FIANÇAS A EXECUTAR;Não;Não
811140304;FIANÇAS EXECUTADAS;Não;Não
811140305;CONTRAGARANTIAS INSTITUÍDAS POR LEI ESPECÍFICA A EXECUTAR;Não;Não
811140306;CONTRAGARANTIAS INSTITUÍDAS POR LEI ESPECÍFICA EXECUTADAS;Não;Não
811140398;OUTRAS CONTRAGARANTIAS RECEBIDAS NO PAÍS A EXECUTAR;Não;Não
811140399;OUTRAS CONTRAGARANTIAS RECEBIDAS NO PAÍS EXECUTADAS;Não;Não
811140400;EXECUÇÃO DE CONTRAGARANTIAS RECEBIDAS NO EXTERIOR;Não;Não
811140401;AVAIS A EXECUTAR;Não;Não
811140402;AVAIS EXECUTADOS;Não;Não
811140403;FIANÇAS A EXECUTAR;Não;Não
811140404;FIANÇAS EXECUTADAS;Não;Não
811140405;CONTRAGARANTIAS INSTITUÍDAS POR LEI ESPECÍFICA A EXECUTAR;Não;Não
811140406;CONTRAGARANTIAS INSTITUÍDAS POR LEI ESPECÍFICA EXECUTADAS;Não;Não
811140498;OUTRAS CONTRAGARANTIAS RECEBIDAS NO EXTERIOR A EXECUTAR;Não;Não
811140499;OUTRAS CONTRAGARANTIAS RECEBIDAS NO EXTERIOR EXECUTADAS;Não;Não
811150000;EXECUÇÃO DE GARANTIAS E CONTRAGARANTIAS RECEBIDAS - INTER OFSS - MUNICÍPIO;Não;Não
811150100;EXECUÇÃO DE GARANTIAS RECEBIDAS NO PAÍS;Não;Não
811150101;AVAIS A EXECUTAR;Não;Não
811150102;AVAIS EXECUTADOS;Não;Não
811150103;FIANÇAS A EXECUTAR;Não;Não
811150104;FIANÇAS EXECUTADAS;Não;Não
811150105;HIPOTECAS A EXECUTAR;Não;Não
811150106;HIPOTECAS EXECUTADAS;Não;Não
811150107;SEGUROS-GARANTIA A EXECUTAR;Não;Não
811150108;SEGUROS-GARANTIA EXECUTADAS;Não;Não
811150109;CAUÇÕES A EXECUTAR;Não;Não
811150110;CAUÇÕES EXECUTADAS;Não;Não
811150111;GARANTIAS INSTITUÍDAS POR LEI ESPECÍFICA A EXECUTAR;Não;Não
811150112;GARANTIAS INSTITUÍDAS POR LEI ESPECÍFICA EXECUTADAS;Não;Não
811150113;GARANTIAS DA DÍVIDA PUBLICA A EXECUTAR;Não;Não
811150114;GARANTIAS DA DÍVIDA PUBLICA EXECUTADAS;Não;Não
811150115;APÓLICES DE SEGUROS A EXECUTAR;Não;Não
811150116;APÓLICES DE SEGUROS EXECUTADAS;Não;Não
811150198;OUTRAS GARANTIAS RECEBIDAS NO PAÍS A EXECUTAR;Não;Não
811150199;OUTRAS GARANTIAS RECEBIDAS NO PAÍS EXECUTADAS;Não;Não
811150200;EXECUÇÃO DE GARANTIAS  RECEBIDAS NO EXTERIOR;Não;Não
811150201;AVAIS A EXECUTAR;Não;Não
811150202;AVAIS EXECUTADOS;Não;Não
811150203;FIANÇAS A EXECUTAR;Não;Não
811150204;FIANÇAS EXECUTADAS;Não;Não
811150205;HIPOTECAS A EXECUTAR;Não;Não
811150206;HIPOTECAS EXECUTADAS;Não;Não
811150207;SEGUROS-GARANTIA A EXECUTAR;Não;Não
811150208;SEGUROS-GARANTIA EXECUTADAS;Não;Não
811150209;CAUÇÕES A EXECUTAR;Não;Não
811150210;CAUÇÕES EXECUTADAS;Não;Não
811150211;GARANTIAS INSTITUÍDAS POR LEI ESPECÍFICA A EXECUTAR;Não;Não
811150212;GARANTIAS INSTITUÍDAS POR LEI ESPECÍFICA EXECUTADAS;Não;Não
811150213;GARANTIAS DA DÍVIDA PUBLICA A EXECUTAR;Não;Não
811150214;GARANTIAS DA DÍVIDA PUBLICA EXECUTADAS;Não;Não
811150215;APÓLICES DE SEGUROS A EXECUTAR;Não;Não
811150216;APÓLICES DE SEGUROS EXECUTADAS;Não;Não
811150298;OUTRAS GARANTIAS RECEBIDAS NO EXTERIOR A EXECUTAR;Não;Não
811150299;OUTRAS GARANTIAS RECEBIDAS NO EXTERIOR EXECUTADAS;Não;Não
811150300;EXECUÇÃO DE CONTRAGARANTIAS RECEBIDAS NO PAÍS;Não;Não
811150301;AVAIS A EXECUTAR;Não;Não
811150302;AVAIS EXECUTADOS;Não;Não
811150303;FIANÇAS A EXECUTAR;Não;Não
811150304;FIANÇAS EXECUTADAS;Não;Não
811150305;CONTRAGARANTIAS INSTITUÍDAS POR LEI ESPECÍFICA A EXECUTAR;Não;Não
811150306;CONTRAGARANTIAS INSTITUÍDAS POR LEI ESPECÍFICA EXECUTADAS;Não;Não
811150398;OUTRAS CONTRAGARANTIAS RECEBIDAS NO PAÍS A EXECUTAR;Não;Não
811150399;OUTRAS CONTRAGARANTIAS RECEBIDAS NO PAÍS EXECUTADAS;Não;Não
811150400;EXECUÇÃO DE CONTRAGARANTIAS RECEBIDAS NO EXTERIOR;Não;Não
811150401;AVAIS A EXECUTAR;Não;Não
811150402;AVAIS EXECUTADOS;Não;Não
811150403;FIANÇAS A EXECUTAR;Não;Não
811150404;FIANÇAS EXECUTADAS;Não;Não
811150405;CONTRAGARANTIAS INSTITUÍDAS POR LEI ESPECÍFICA A EXECUTAR;Não;Não
811150406;CONTRAGARANTIAS INSTITUÍDAS POR LEI ESPECÍFICA EXECUTADAS;Não;Não
811150498;OUTRAS CONTRAGARANTIAS RECEBIDAS NO EXTERIOR A EXECUTAR;Não;Não
811150499;OUTRAS CONTRAGARANTIAS RECEBIDAS NO EXTERIOR EXECUTADAS;Não;Não
811200000;EXECUÇÃO DE DIREITOS CONVENIADOS E OUTROS INSTRUMENTOS CONGÊNERES;Não;Não
811210000;EXECUÇÃO DE DIREITOS CONVENIADOS E OUTROS INSTRUMENTOS CONGÊNERES - CONSOLIDAÇÃO;Não;Não
811210100;EXECUÇÃO DE CONVÊNIOS;Não;Não
811210101;CONVÊNIOS A RECEBER;Não;Não
811210102;CONVÊNIOS A COMPROVAR;Não;Não
811210103;CONVÊNIOS A APROVAR;Não;Não
811210104;CONVÊNIOS APROVADOS;Não;Não
811210105;CONVÊNIOS IMPUGNADOS;Não;Não
811210106;CONVÊNIOS EM INADIMPLÊNCIA EFETIVA;Não;Não
811210107;CONVÊNIO EM INADIMPLÊNCIA SUSPENSA;Não;Não
811210108;CONVÊNIOS HOMOLOGADOS;Não;Não
811210109;CONVÊNIOS CANCELADOS;Não;Não
811210110;CONVÊNIOS NÃO RECEBIDOS;Não;Não
811210111;CONVÊNIOS ARQUIVADOS;Não;Não
811210112;CONVÊNIOS E INSTRUMENTOS CONGÊNERES CONCLUÍDOS;Não;Não
811210199;EXECUÇÃO DE CONVÊNIOS - OUTRAS;Não;Não
811210200;TERMO DE COOPERAÇÃO;Não;Não
811210201;TERMO DE COOPERAÇÃO A RECEBER;Não;Não
811210202;TERMO DE COOPERAÇÃO A COMPROVAR;Não;Não
811210203;TERMO DE COOPERAÇÃO A APROVAR;Não;Não
811210204;TERMO DE COOPERAÇÃO APROVADOS;Não;Não
811210205;TERMO DE COOPERAÇÃO IMPUGNADOS;Não;Não
811210206;TERMO DE COOPERAÇÃO EM INADIMPLÊNCIA EFETIVA;Não;Não
811210207;TERMO DE COOPERAÇÃO EM INADIMPLÊNCIA SUSPENSA;Não;Não
811210208;TERMO DE COOPERAÇÃO CANCELADOS;Não;Não
811210209;TERMO DE COOPERAÇÃO NÃO RECEBIDOS;Não;Não
811210210;TERMO DE COOPERAÇÃO CONCLUÍDOS;Não;Não
811210299;TERMO DE COOPERAÇÃO - OUTRAS;Não;Não
811219900;OUTROS INSTRUMENTOS CONGÊNERES;Não;Não
811219901;OUTROS INSTRUMENTOS CONGÊNERES A RECEBER;Não;Não
811219902;OUTROS INSTRUMENTOS CONGÊNERES A COMPROVAR;Não;Não
811219903;OUTROS INSTRUMENTOS CONGÊNERES A APROVAR;Não;Não
811219904;OUTROS INSTRUMENTOS CONGÊNERES APROVADOS;Não;Não
811219905;OUTROS INSTRUMENTOS CONGÊNERES IMPUGNADOS;Não;Não
811219906;OUTROS INSTRUMENTOS CONGÊNERES EM INADIMPLÊNCIA EFETIVA;Não;Não
811219907;OUTROS INSTRUMENTOS CONGÊNERES EM INADIMPLÊNCIA SUSPENSA;Não;Não
811219908;OUTROS INSTRUMENTOS CONGÊNERES CANCELADOS;Não;Não
811219909;OUTROS INSTRUMENTOS CONGÊNERES NÃO RECEBIDOS;Não;Não
811219910;OUTROS INSTRUMENTOS CONGÊNERES CONCLUÍDOS;Não;Não
811219999;DEMAIS INSTRUMENTOS CONGÊNERES;Não;Não
811220000;EXECUÇÃO DE DIREITOS CONVENIADOS E OUTROS INSTRUMENTOS CONGÊNERES -  INTRA OFSS;Não;Não
811230000;EXECUÇÃO DE DIREITOS CONVENIADOS E OUTROS INSTRUMENTOS CONGÊNERES -  INTER OFSS - UNIÃO;Não;Não
811240000;EXECUÇÃO DE DIREITOS CONVENIADOS E OUTROS INSTRUMENTOS CONGÊNERES -  INTER OFSS - ESTADO;Não;Não
811250000;EXECUÇÃO DE DIREITOS CONVENIADOS E OUTROS INSTRUMENTOS CONGÊNERES -  INTER OFSS - MUNICÍPIO;Não;Não
811300000;EXECUÇÃO DE DIREITOS CONTRATUAIS;Não;Não
811310000;EXECUÇÃO DE DIREITOS CONTRATUAIS - CONSOLIDAÇÃO;Não;Não
811310100;CONTRATOS DE SEGUROS;Não;Não
811310101;EM EXECUÇÃO;Não;Não
811310102;EXECUTADOS;Não;Não
811310200;CONTRATOS DE SERVIÇOS;Não;Não
811310201;EM EXECUÇÃO;Não;Não
811310202;EXECUTADOS;Não;Não
811310300;CONTRATOS DE ALUGUÉIS;Não;Não
811310301;EM EXECUÇÃO;Não;Não
811310302;EXECUTADOS;Não;Não
811310400;CONTRATOS DE FORNECIMENTO DE BENS;Não;Não
811310401;EM EXECUÇÃO;Não;Não
811310402;EXECUTADOS;Não;Não
811310500;CONTRATOS DE EMPRÉSTIMOS E FINANCIAMENTOS;Não;Não
811310501;EM EXECUÇÃO;Não;Não
811310502;EXECUTADOS;Não;Não
811310800;EXECUÇÃO DE CONTRATOS DE RATEIO DE CONSÓRCIOS PÚBLICOS;Não;Não
811310801;CONTRATOS DE RATEIO - A EXECUTAR;Não;Não
811310802;CONTRATOS DE RATEIO - EM EXECUÇÃO;Não;Não
811310803;CONTRATOS DE RATEIO - EXECUTADOS;Não;Não
811311200;CONTRATOS DE CESSÃO DE BENS MÓVEIS;Não;Não
811311201;A EXECUTAR;Não;Não
811311202;EM EXECUÇÃO;Não;Não
811311203;EXECUTADOS;Não;Não
811311300;CONTRATOS DE CESSÃO DE BENS IMÓVEIS;Não;Não
811311301;A EXECUTAR;Não;Não
811311302;EM EXECUÇÃO;Não;Não
811311303;EXECUTADOS;Não;Não
811319900;OUTROS DIREITOS CONTRATUAIS;Não;Não
811319901;OUTROS DIREITOS CONTRATUAIS - A EXECUTAR;Não;Não
811319902;OUTROS DIREITOS CONTRATUAIS - EM EXECUÇÃO;Não;Não
811319903;OUTROS DIREITOS CONTRATUAIS - EXECUTADOS;Não;Não
811320000;EXECUÇÃO DE DIREITOS CONTRATUAIS -  INTRA OFSS;Não;Não
811330000;EXECUÇÃO DE DIREITOS CONTRATUAIS -  INTER OFSS - UNIÃO;Não;Não
811340000;EXECUÇÃO DE DIREITOS CONTRATUAIS -  INTER OFSS - ESTADO;Não;Não
811350000;EXECUÇÃO DE DIREITOS CONTRATUAIS -  INTER OFSS - MUNICÍPIO;Não;Não
811400000;DEMANDAS JUDICIAIS;Não;Não
811410000;DEMANDAS JUDICIAIS - CONSOLIDAÇÃO;Não;Não
811420000;DEMANDAS JUDICIAIS - INTRA OFSS;Não;Não
811430000;DEMANDAS JUDICIAIS - INTER OFSS - UNIÃO;Não;Não
811440000;DEMANDAS JUDICIAIS - INTER OFSS - ESTADO;Não;Não
811450000;DEMANDAS JUDICIAIS - INTER OFSS - MUNICÍPIO;Não;Não
811900000;EXECUÇÃO DE OUTROS ATOS POTENCIAIS ATIVOS;Não;Não
811910000;EXECUÇÃO DE OUTROS ATOS POTENCIAIS ATIVOS - CONSOLIDAÇÃO;Não;Não
811920000;EXECUÇÃO DE OUTROS ATOS POTENCIAIS ATIVOS - INTRA OFSS;Não;Não
811930000;EXECUÇÃO DE OUTROS ATOS POTENCIAIS ATIVOS - INTER OFSS - UNIÃO;Não;Não
811940000;EXECUÇÃO DE OUTROS ATOS POTENCIAIS ATIVOS - INTER OFSS - ESTADO;Não;Não
811950000;EXECUÇÃO DE OUTROS ATOS POTENCIAIS ATIVOS - INTER OFSS - MUNICÍPIO;Não;Não
812000000;EXECUÇÃO DOS ATOS POTENCIAIS PASSIVOS;Não;Não
812100000;EXECUÇÃO DE GARANTIAS E CONTRAGARANTIAS CONCEDIDAS;Não;Não
812110000;EXECUÇÃO DE GARANTIAS E CONTRAGARANTIAS CONCEDIDAS - CONSOLIDAÇÃO;Não;Não
812110100;EXECUÇÃO DE GARANTIAS CONCEDIDAS NO PAÍS;Não;Não
812110101;AVAIS A EXECUTAR;Não;Não
812110103;AVAIS EXECUTADOS;Não;Não
812110104;FIANÇAS A EXECUTAR;Não;Não
812110106;FIANÇAS EXECUTADAS;Não;Não
812110107;HIPOTECAS A EXECUTAR;Não;Não
812110109;HIPOTECAS EXECUTADAS;Não;Não
812110110;SEGUROS-GARANTIA A EXECUTAR;Não;Não
812110112;SEGUROS-GARANTIA EXECUTADAS;Não;Não
812110113;CAUÇÕES A EXECUTAR;Não;Não
812110115;CAUÇÕES EXECUTADA;Não;Não
812110116;GARANTIAS INSTITUÍDAS POR LEI ESPECÍFICA A EXECUTAR;Não;Não
812110118;GARANTIAS INSTITUÍDAS POR LEI ESPECÍFICA EXECUTADAS;Não;Não
812110119;OUTRAS GARANTIAS CONCEDIDAS NO PAÍS A EXECUTAR;Não;Não
812110121;OUTRAS GARANTIAS CONCEDIDAS NO PAÍS EXECUTADAS;Não;Não
812110122;GARANTIAS CONCEDIDAS EM CONTRATOS DE PPP- A EXECUTAR;Não;Não
812110123;GARANTIAS CONCEDIDAS EM CONTRATOS DE PPP- EXECUTADAS;Não;Não
812110200;EXECUÇÃO DE GARANTIAS CONCEDIDAS NO EXTERIOR;Não;Não
812110201;AVAIS A EXECUTAR;Não;Não
812110203;AVAIS EXECUTADOS;Não;Não
812110204;FIANÇAS A EXECUTAR;Não;Não
812110206;FIANÇAS EXECUTADAS;Não;Não
812110207;HIPOTECAS A EXECUTAR;Não;Não
812110209;HIPOTECAS EXECUTADAS;Não;Não
812110210;SEGUROS-GARANTIA A EXECUTAR;Não;Não
812110212;SEGUROS-GARANTIA EXECUTADAS;Não;Não
812110213;CAUÇÕES A EXECUTAR;Não;Não
812110215;CAUÇÕES EXECUTADA;Não;Não
812110216;GARANTIAS INSTITUÍDAS POR LEI ESPECÍFICA A EXECUTAR;Não;Não
812110218;GARANTIAS INSTITUÍDAS POR LEI ESPECÍFICA EXECUTADAS;Não;Não
812110219;OUTRAS GARANTIAS CONCEDIDAS NO EXTERIOR A EXECUTAR;Não;Não
812110221;OUTRAS GARANTIAS CONCEDIDAS NO EXTERIOR EXECUTADAS;Não;Não
812110300;EXECUÇÃO DE CONTRAGARANTIAS CONCEDIDAS NO PAÍS;Não;Não
812110301;AVAIS A EXECUTAR;Não;Não
812110303;AVAIS EXECUTADOS;Não;Não
812110304;FIANÇAS A EXECUTAR;Não;Não
812110306;FIANÇAS EXECUTADAS;Não;Não
812110307;CONTRAGARANTIAS INSTITUÍDAS POR LEI ESPECÍFICA A EXECUTAR;Não;Não
812110309;CONTRAGARANTIAS INSTITUÍDAS POR LEI ESPECÍFICA EXECUTADAS;Não;Não
812110310;OUTRAS CONTRAGARANTIAS CONCEDIDAS NO PAÍS A EXECUTAR;Não;Não
812110312;OUTRAS CONTRAGARANTIAS CONCEDIDAS NO PAÍS EXECUTADAS;Não;Não
812110400;EXECUÇÃO DE CONTRAGARANTIAS CONCEDIDAS NO EXTERIOR;Não;Não
812110401;AVAIS A EXECUTAR;Não;Não
812110403;AVAIS EXECUTADOS;Não;Não
812110404;FIANÇAS A EXECUTAR;Não;Não
812110406;FIANÇAS EXECUTADAS;Não;Não
812110407;CONTRAGARANTIAS INSTITUÍDAS POR LEI ESPECÍFICA A EXECUTAR;Não;Não
812110409;CONTRAGARANTIAS INSTITUÍDAS POR LEI ESPECÍFICA EXECUTADAS;Não;Não
812110410;OUTRAS CONTRAGARANTIAS CONCEDIDAS NO EXTERIOR A EXECUTAR;Não;Não
812110412;OUTRAS CONTRAGARANTIAS CONCEDIDAS NO EXTERIOR EXECUTADAS;Não;Não
812120000;EXECUÇÃO DE GARANTIAS E CONTRAGARANTIAS CONCEDIDAS - INTRA OFSS;Não;Não
812120100;EXECUÇÃO DE GARANTIAS CONCEDIDAS NO PAÍS;Não;Não
812120101;AVAIS A EXECUTAR;Não;Não
812120103;AVAIS EXECUTADOS;Não;Não
812120104;FIANÇAS A EXECUTAR;Não;Não
812120106;FIANÇAS EXECUTADAS;Não;Não
812120107;HIPOTECAS A EXECUTAR;Não;Não
812120109;HIPOTECAS EXECUTADAS;Não;Não
812120110;SEGUROS-GARANTIA A EXECUTAR;Não;Não
812120112;SEGUROS-GARANTIA EXECUTADAS;Não;Não
812120113;CAUÇÕES A EXECUTAR;Não;Não
812120115;CAUÇÕES EXECUTADA;Não;Não
812120116;GARANTIAS INSTITUÍDAS POR LEI ESPECÍFICA A EXECUTAR;Não;Não
812120118;GARANTIAS INSTITUÍDAS POR LEI ESPECÍFICA EXECUTADAS;Não;Não
812120119;OUTRAS GARANTIAS CONCEDIDAS NO PAÍS A EXECUTAR;Não;Não
812120121;OUTRAS GARANTIAS CONCEDIDAS NO PAÍS EXECUTADAS;Não;Não
812120122;GARANTIAS CONCEDIDAS EM CONTRATOS DE PPP- A EXECUTAR;Não;Não
812120123;GARANTIAS CONCEDIDAS EM CONTRATOS DE PPP- EXECUTADAS;Não;Não
812120200;EXECUÇÃO DE GARANTIAS CONCEDIDAS NO EXTERIOR;Não;Não
812120201;AVAIS A EXECUTAR;Não;Não
812120203;AVAIS EXECUTADOS;Não;Não
812120204;FIANÇAS A EXECUTAR;Não;Não
812120206;FIANÇAS EXECUTADAS;Não;Não
812120207;HIPOTECAS A EXECUTAR;Não;Não
812120209;HIPOTECAS EXECUTADAS;Não;Não
812120210;SEGUROS-GARANTIA A EXECUTAR;Não;Não
812120212;SEGUROS-GARANTIA EXECUTADAS;Não;Não
812120213;CAUÇÕES A EXECUTAR;Não;Não
812120215;CAUÇÕES EXECUTADA;Não;Não
812120216;GARANTIAS INSTITUÍDAS POR LEI ESPECÍFICA A EXECUTAR;Não;Não
812120218;GARANTIAS INSTITUÍDAS POR LEI ESPECÍFICA EXECUTADAS;Não;Não
812120219;OUTRAS GARANTIAS CONCEDIDAS NO EXTERIOR A EXECUTAR;Não;Não
812120221;OUTRAS GARANTIAS CONCEDIDAS NO EXTERIOR EXECUTADAS;Não;Não
812120300;EXECUÇÃO DE CONTRAGARANTIAS CONCEDIDAS NO PAÍS;Não;Não
812120301;AVAIS A EXECUTAR;Não;Não
812120303;AVAIS EXECUTADOS;Não;Não
812120304;FIANÇAS A EXECUTAR;Não;Não
812120306;FIANÇAS EXECUTADAS;Não;Não
812120307;CONTRAGARANTIAS INSTITUÍDAS POR LEI ESPECÍFICA A EXECUTAR;Não;Não
812120309;CONTRAGARANTIAS INSTITUÍDAS POR LEI ESPECÍFICA EXECUTADAS;Não;Não
812120310;OUTRAS CONTRAGARANTIAS CONCEDIDAS NO PAÍS A EXECUTAR;Não;Não
812120312;OUTRAS CONTRAGARANTIAS CONCEDIDAS NO PAÍS EXECUTADAS;Não;Não
812120400;EXECUÇÃO DE CONTRAGARANTIAS CONCEDIDAS NO EXTERIOR;Não;Não
812120401;AVAIS A EXECUTAR;Não;Não
812120403;AVAIS EXECUTADOS;Não;Não
812120404;FIANÇAS A EXECUTAR;Não;Não
812120406;FIANÇAS EXECUTADAS;Não;Não
812120407;CONTRAGARANTIAS INSTITUÍDAS POR LEI ESPECÍFICA A EXECUTAR;Não;Não
812120409;CONTRAGARANTIAS INSTITUÍDAS POR LEI ESPECÍFICA EXECUTADAS;Não;Não
812120410;OUTRAS CONTRAGARANTIAS CONCEDIDAS NO EXTERIOR A EXECUTAR;Não;Não
812120412;OUTRAS CONTRAGARANTIAS CONCEDIDAS NO EXTERIOR EXECUTADAS;Não;Não
812130000;EXECUÇÃO DE GARANTIAS E CONTRAGARANTIAS CONCEDIDAS - INTER OFSS - UNIÃO;Não;Não
812130100;EXECUÇÃO DE GARANTIAS CONCEDIDAS NO PAÍS;Não;Não
812130101;AVAIS A EXECUTAR;Não;Não
812130103;AVAIS EXECUTADOS;Não;Não
812130104;FIANÇAS A EXECUTAR;Não;Não
812130106;FIANÇAS EXECUTADAS;Não;Não
812130107;HIPOTECAS A EXECUTAR;Não;Não
812130109;HIPOTECAS EXECUTADAS;Não;Não
812130110;SEGUROS-GARANTIA A EXECUTAR;Não;Não
812130112;SEGUROS-GARANTIA EXECUTADAS;Não;Não
812130113;CAUÇÕES A EXECUTAR;Não;Não
812130115;CAUÇÕES EXECUTADA;Não;Não
812130116;GARANTIAS INSTITUÍDAS POR LEI ESPECÍFICA A EXECUTAR;Não;Não
812130118;GARANTIAS INSTITUÍDAS POR LEI ESPECÍFICA EXECUTADAS;Não;Não
812130119;OUTRAS GARANTIAS CONCEDIDAS NO PAÍS A EXECUTAR;Não;Não
812130121;OUTRAS GARANTIAS CONCEDIDAS NO PAÍS EXECUTADAS;Não;Não
812130122;GARANTIAS CONCEDIDAS EM CONTRATOS DE PPP- A EXECUTAR;Não;Não
812130123;GARANTIAS CONCEDIDAS EM CONTRATOS DE PPP- EXECUTADAS;Não;Não
812130200;EXECUÇÃO DE GARANTIAS CONCEDIDAS NO EXTERIOR;Não;Não
812130201;AVAIS A EXECUTAR;Não;Não
812130203;AVAIS EXECUTADOS;Não;Não
812130204;FIANÇAS A EXECUTAR;Não;Não
812130206;FIANÇAS EXECUTADAS;Não;Não
812130207;HIPOTECAS A EXECUTAR;Não;Não
812130209;HIPOTECAS EXECUTADAS;Não;Não
812130210;SEGUROS-GARANTIA A EXECUTAR;Não;Não
812130212;SEGUROS-GARANTIA EXECUTADAS;Não;Não
812130213;CAUÇÕES A EXECUTAR;Não;Não
812130215;CAUÇÕES EXECUTADA;Não;Não
812130216;GARANTIAS INSTITUÍDAS POR LEI ESPECÍFICA A EXECUTAR;Não;Não
812130218;GARANTIAS INSTITUÍDAS POR LEI ESPECÍFICA EXECUTADAS;Não;Não
812130219;OUTRAS GARANTIAS CONCEDIDAS NO EXTERIOR A EXECUTAR;Não;Não
812130221;OUTRAS GARANTIAS CONCEDIDAS NO EXTERIOR EXECUTADAS;Não;Não
812130300;EXECUÇÃO DE CONTRAGARANTIAS CONCEDIDAS NO PAÍS;Não;Não
812130301;AVAIS A EXECUTAR;Não;Não
812130303;AVAIS EXECUTADOS;Não;Não
812130304;FIANÇAS A EXECUTAR;Não;Não
812130306;FIANÇAS EXECUTADAS;Não;Não
812130307;CONTRAGARANTIAS INSTITUÍDAS POR LEI ESPECÍFICA A EXECUTAR;Não;Não
812130309;CONTRAGARANTIAS INSTITUÍDAS POR LEI ESPECÍFICA EXECUTADAS;Não;Não
812130310;OUTRAS CONTRAGARANTIAS CONCEDIDAS NO PAÍS A EXECUTAR;Não;Não
812130312;OUTRAS CONTRAGARANTIAS CONCEDIDAS NO PAÍS EXECUTADAS;Não;Não
812130400;EXECUÇÃO DE CONTRAGARANTIAS CONCEDIDAS NO EXTERIOR;Não;Não
812130401;AVAIS A EXECUTAR;Não;Não
812130403;AVAIS EXECUTADOS;Não;Não
812130404;FIANÇAS A EXECUTAR;Não;Não
812130406;FIANÇAS EXECUTADAS;Não;Não
812130407;CONTRAGARANTIAS INSTITUÍDAS POR LEI ESPECÍFICA A EXECUTAR;Não;Não
812130409;CONTRAGARANTIAS INSTITUÍDAS POR LEI ESPECÍFICA EXECUTADAS;Não;Não
812130410;OUTRAS CONTRAGARANTIAS CONCEDIDAS NO EXTERIOR A EXECUTAR;Não;Não
812130412;OUTRAS CONTRAGARANTIAS CONCEDIDAS NO EXTERIOR EXECUTADAS;Não;Não
812140000;EXECUÇÃO DE GARANTIAS E CONTRAGARANTIAS CONCEDIDAS - INTER OFSS - ESTADO;Não;Não
812140100;EXECUÇÃO DE GARANTIAS CONCEDIDAS NO PAÍS;Não;Não
812140101;AVAIS A EXECUTAR;Não;Não
812140103;AVAIS EXECUTADOS;Não;Não
812140104;FIANÇAS A EXECUTAR;Não;Não
812140106;FIANÇAS EXECUTADAS;Não;Não
812140107;HIPOTECAS A EXECUTAR;Não;Não
812140109;HIPOTECAS EXECUTADAS;Não;Não
812140110;SEGUROS-GARANTIA A EXECUTAR;Não;Não
812140112;SEGUROS-GARANTIA EXECUTADAS;Não;Não
812140113;CAUÇÕES A EXECUTAR;Não;Não
812140115;CAUÇÕES EXECUTADA;Não;Não
812140116;GARANTIAS INSTITUÍDAS POR LEI ESPECÍFICA A EXECUTAR;Não;Não
812140118;GARANTIAS INSTITUÍDAS POR LEI ESPECÍFICA EXECUTADAS;Não;Não
812140119;OUTRAS GARANTIAS CONCEDIDAS NO PAÍS A EXECUTAR;Não;Não
812140121;OUTRAS GARANTIAS CONCEDIDAS NO PAÍS EXECUTADAS;Não;Não
812140122;GARANTIAS CONCEDIDAS EM CONTRATOS DE PPP- A EXECUTAR;Não;Não
812140123;GARANTIAS CONCEDIDAS EM CONTRATOS DE PPP- EXECUTADAS;Não;Não
812140200;EXECUÇÃO DE GARANTIAS CONCEDIDAS NO EXTERIOR;Não;Não
812140201;AVAIS A EXECUTAR;Não;Não
812140203;AVAIS EXECUTADOS;Não;Não
812140204;FIANÇAS A EXECUTAR;Não;Não
812140206;FIANÇAS EXECUTADAS;Não;Não
812140207;HIPOTECAS A EXECUTAR;Não;Não
812140209;HIPOTECAS EXECUTADAS;Não;Não
812140210;SEGUROS-GARANTIA A EXECUTAR;Não;Não
812140212;SEGUROS-GARANTIA EXECUTADAS;Não;Não
812140213;CAUÇÕES A EXECUTAR;Não;Não
812140215;CAUÇÕES EXECUTADA;Não;Não
812140216;GARANTIAS INSTITUÍDAS POR LEI ESPECÍFICA A EXECUTAR;Não;Não
812140218;GARANTIAS INSTITUÍDAS POR LEI ESPECÍFICA EXECUTADAS;Não;Não
812140219;OUTRAS GARANTIAS CONCEDIDAS NO EXTERIOR A EXECUTAR;Não;Não
812140221;OUTRAS GARANTIAS CONCEDIDAS NO EXTERIOR EXECUTADAS;Não;Não
812140300;EXECUÇÃO DE CONTRAGARANTIAS CONCEDIDAS NO PAÍS;Não;Não
812140301;AVAIS A EXECUTAR;Não;Não
812140303;AVAIS EXECUTADOS;Não;Não
812140304;FIANÇAS A EXECUTAR;Não;Não
812140306;FIANÇAS EXECUTADAS;Não;Não
812140307;CONTRAGARANTIAS INSTITUÍDAS POR LEI ESPECÍFICA A EXECUTAR;Não;Não
812140309;CONTRAGARANTIAS INSTITUÍDAS POR LEI ESPECÍFICA EXECUTADAS;Não;Não
812140310;OUTRAS CONTRAGARANTIAS CONCEDIDAS NO PAÍS A EXECUTAR;Não;Não
812140312;OUTRAS CONTRAGARANTIAS CONCEDIDAS NO PAÍS EXECUTADAS;Não;Não
812140400;EXECUÇÃO DE CONTRAGARANTIAS CONCEDIDAS NO EXTERIOR;Não;Não
812140401;AVAIS A EXECUTAR;Não;Não
812140403;AVAIS EXECUTADOS;Não;Não
812140404;FIANÇAS A EXECUTAR;Não;Não
812140406;FIANÇAS EXECUTADAS;Não;Não
812140407;CONTRAGARANTIAS INSTITUÍDAS POR LEI ESPECÍFICA A EXECUTAR;Não;Não
812140409;CONTRAGARANTIAS INSTITUÍDAS POR LEI ESPECÍFICA EXECUTADAS;Não;Não
812140410;OUTRAS CONTRAGARANTIAS CONCEDIDAS NO EXTERIOR A EXECUTAR;Não;Não
812140412;OUTRAS CONTRAGARANTIAS CONCEDIDAS NO EXTERIOR EXECUTADAS;Não;Não
812150000;EXECUÇÃO DE GARANTIAS E CONTRAGARANTIAS CONCEDIDAS - INTER OFSS - MUNICÍPIO;Não;Não
812150100;EXECUÇÃO DE GARANTIAS CONCEDIDAS NO PAÍS;Não;Não
812150101;AVAIS A EXECUTAR;Não;Não
812150103;AVAIS EXECUTADOS;Não;Não
812150104;FIANÇAS A EXECUTAR;Não;Não
812150106;FIANÇAS EXECUTADAS;Não;Não
812150107;HIPOTECAS A EXECUTAR;Não;Não
812150109;HIPOTECAS EXECUTADAS;Não;Não
812150110;SEGUROS-GARANTIA A EXECUTAR;Não;Não
812150112;SEGUROS-GARANTIA EXECUTADAS;Não;Não
812150113;CAUÇÕES A EXECUTAR;Não;Não
812150115;CAUÇÕES EXECUTADA;Não;Não
812150116;GARANTIAS INSTITUÍDAS POR LEI ESPECÍFICA A EXECUTAR;Não;Não
812150118;GARANTIAS INSTITUÍDAS POR LEI ESPECÍFICA EXECUTADAS;Não;Não
812150119;OUTRAS GARANTIAS CONCEDIDAS NO PAÍS A EXECUTAR;Não;Não
812150121;OUTRAS GARANTIAS CONCEDIDAS NO PAÍS EXECUTADAS;Não;Não
812150122;GARANTIAS CONCEDIDAS EM CONTRATOS DE PPP- A EXECUTAR;Não;Não
812150123;GARANTIAS CONCEDIDAS EM CONTRATOS DE PPP- EXECUTADAS;Não;Não
812150200;EXECUÇÃO DE GARANTIAS CONCEDIDAS NO EXTERIOR;Não;Não
812150201;AVAIS A EXECUTAR;Não;Não
812150203;AVAIS EXECUTADOS;Não;Não
812150204;FIANÇAS A EXECUTAR;Não;Não
812150206;FIANÇAS EXECUTADAS;Não;Não
812150207;HIPOTECAS A EXECUTAR;Não;Não
812150209;HIPOTECAS EXECUTADAS;Não;Não
812150210;SEGUROS-GARANTIA A EXECUTAR;Não;Não
812150212;SEGUROS-GARANTIA EXECUTADAS;Não;Não
812150213;CAUÇÕES A EXECUTAR;Não;Não
812150215;CAUÇÕES EXECUTADA;Não;Não
812150216;GARANTIAS INSTITUÍDAS POR LEI ESPECÍFICA A EXECUTAR;Não;Não
812150218;GARANTIAS INSTITUÍDAS POR LEI ESPECÍFICA EXECUTADAS;Não;Não
812150219;OUTRAS GARANTIAS CONCEDIDAS NO EXTERIOR A EXECUTAR;Não;Não
812150221;OUTRAS GARANTIAS CONCEDIDAS NO EXTERIOR EXECUTADAS;Não;Não
812150300;EXECUÇÃO DE CONTRAGARANTIAS CONCEDIDAS NO PAÍS;Não;Não
812150301;AVAIS A EXECUTAR;Não;Não
812150303;AVAIS EXECUTADOS;Não;Não
812150304;FIANÇAS A EXECUTAR;Não;Não
812150306;FIANÇAS EXECUTADAS;Não;Não
812150307;CONTRAGARANTIAS INSTITUÍDAS POR LEI ESPECÍFICA A EXECUTAR;Não;Não
812150309;CONTRAGARANTIAS INSTITUÍDAS POR LEI ESPECÍFICA EXECUTADAS;Não;Não
812150310;OUTRAS CONTRAGARANTIAS CONCEDIDAS NO PAÍS A EXECUTAR;Não;Não
812150312;OUTRAS CONTRAGARANTIAS CONCEDIDAS NO PAÍS EXECUTADAS;Não;Não
812150400;EXECUÇÃO DE CONTRAGARANTIAS CONCEDIDAS NO EXTERIOR;Não;Não
812150401;AVAIS A EXECUTAR;Não;Não
812150403;AVAIS EXECUTADOS;Não;Não
812150404;FIANÇAS A EXECUTAR;Não;Não
812150406;FIANÇAS EXECUTADAS;Não;Não
812150407;CONTRAGARANTIAS INSTITUÍDAS POR LEI ESPECÍFICA A EXECUTAR;Não;Não
812150409;CONTRAGARANTIAS INSTITUÍDAS POR LEI ESPECÍFICA EXECUTADAS;Não;Não
812150410;OUTRAS CONTRAGARANTIAS CONCEDIDAS NO EXTERIOR A EXECUTAR;Não;Não
812150412;OUTRAS CONTRAGARANTIAS CONCEDIDAS NO EXTERIOR EXECUTADAS;Não;Não
812200000;EXECUÇÃO DE OBRIGAÇÕES CONVENIADAS E OUTROS INSTRUMENTOS CONGÊNERES;Não;Não
812210000;EXECUÇÃO DE OBRIGAÇÕES CONVENIADAS E OUTROS INSTRUMENTOS CONGÊNERES - CONSOLIDAÇÃO;Não;Não
812210100;EXECUÇÃO DE CONVÊNIOS;Não;Não
812210101;CONVÊNIOS A LIBERAR;Não;Não
812210102;CONVÊNIOS A COMPROVAR;Não;Não
812210103;CONVÊNIOS A APROVAR;Não;Não
812210104;CONVÊNIOS APROVADOS;Não;Não
812210105;CONVÊNIOS IMPUGNADOS;Não;Não
812210106;CONVÊNIOS EM INADIMPLÊNCIA EFETIVA;Não;Não
812210107;CONVÊNIOS EM INADIMPLÊNCIA SUSPENSA;Não;Não
812210108;CONVÊNIOS HOMOLOGADOS;Não;Não
812210109;CONVÊNIOS CANCELADOS;Não;Não
812210110;CONVÊNIOS NÃO LIBERADOS;Não;Não
812210111;CONVÊNIOS ARQUIVADOS;Não;Não
812210112;CONVÊNIOS E INSTRUMENTOS CONGÊNERES CONCLUÍDOS;Não;Não
812210199;EXECUÇÃO DE CONVÊNIOS - OUTRAS;Não;Não
812210200;TERMO DE COOPERAÇÃO;Não;Não
812210201;TERMO DE COOPERAÇÃO A LIBERAR;Não;Não
812210202;TERMO DE COOPERAÇÃO A COMPROVAR;Não;Não
812210203;TERMO DE COOPERAÇÃO A APROVAR;Não;Não
812210204;TERMO DE COOPERAÇÃO APROVADOS;Não;Não
812210205;TERMO DE COOPERAÇÃO IMPUGNADOS;Não;Não
812210206;TERMO DE COOPERAÇÃO EM INADIMPLÊNCIA EFETIVA;Não;Não
812210207;TERMO DE COOPERAÇÃO EM INADIMPLÊNCIA SUSPENSA;Não;Não
812210208;TERMO DE COOPERAÇÃO CANCELADOS;Não;Não
812210209;TERMO DE COOPERAÇÃO NÃO LIBERADOS;Não;Não
812210210;TERMO DE COOPERAÇÃO CONCLUÍDOS;Não;Não
812210299;TERMO DE COOPERAÇÃO - OUTRAS;Não;Não
812219900;OUTROS INSTRUMENTOS CONGÊNERES;Não;Não
812219901;OUTROS INSTRUMENTOS CONGÊNERES A LIBERAR;Não;Não
812219902;OUTROS INSTRUMENTOS CONGÊNERES A COMPROVAR;Não;Não
812219903;OUTROS INSTRUMENTOS CONGÊNERES A APROVAR;Não;Não
812219904;OUTROS INSTRUMENTOS CONGÊNERES APROVADOS;Não;Não
812219905;OUTROS INSTRUMENTOS CONGÊNERES IMPUGNADOS;Não;Não
812219906;OUTROS INSTRUMENTOS CONGÊNERES EM INADIMPLÊNCIA EFETIVA;Não;Não
812219907;OUTROS INSTRUMENTOS CONGÊNERES EM INADIMPLÊNCIA SUSPENSA;Não;Não
812219908;OUTROS INSTRUMENTOS CONGÊNERES CANCELADOS;Não;Não
812219909;OUTROS INSTRUMENTOS CONGÊNERES NÃO LIBERADOS;Não;Não
812219910;OUTROS INSTRUMENTOS CONGÊNERES CONCLUÍDOS;Não;Não
812219999;DEMAIS INSTRUMENTOS CONGÊNERES;Não;Não
812220000;EXECUÇÃO DE OBRIGAÇÕES CONVENIADAS E OUTROS INSTRUMENTOS CONGÊNERES - INTRA OFSS;Não;Não
812230000;EXECUÇÃO DE OBRIGAÇÕES CONVENIADAS E OUTROS INSTRUMENTOS CONGÊNERES - INTER OFSS - UNIÃO;Não;Não
812240000;EXECUÇÃO DE OBRIGAÇÕES CONVENIADAS E OUTROS INSTRUMENTOS CONGÊNERES - INTER OFSS - ESTADO;Não;Não
812250000;EXECUÇÃO DE OBRIGAÇÕES CONVENIADAS E OUTROS INSTRUMENTOS CONGÊNERES - INTER OFSS - MUNICÍPIO;Não;Não
812300000;EXECUÇÃO DE OBRIGAÇÕES CONTRATUAIS;Não;Não
812310000;EXECUÇÃO DE OBRIGAÇÕES -CONSOLIDAÇÃO;Não;Não
812310100;CONTRATOS DE SEGUROS;Não;Não
812310101;A EXECUTAR;Não;Não
812310102;EXECUTADOS;Não;Não
812310200;CONTRATOS DE SERVIÇOS;Não;Não
812310201;A EXECUTAR;Não;Não
812310202;EXECUTADOS;Não;Não
812310300;CONTRATOS DE ALUGUÉIS;Não;Não
812310301;A EXECUTAR;Não;Não
812310302;EXECUTADOS;Não;Não
812310400;CONTRATOS DE FORNECIMENTO DE BENS;Não;Não
812310401;A EXECUTAR;Não;Não
812310402;EXECUTADOS;Não;Não
812310500;CONTRATOS DE EMPRÉSTIMOS E FINANCIAMENTOS;Não;Não
812310501;A EXECUTAR;Não;Não
812310502;EXECUTADOS;Não;Não
812310600;CONTRATO DE GESTÃO;Não;Não
812310601;A EXECUTAR;Não;Não
812310602;EXECUTADOS;Não;Não
812310700;TERMO DE PARCERIA;Não;Não
812310701;A EXECUTAR;Não;Não
812310702;EXECUTADOS;Não;Não
812310800;CONTRATOS DE PPP;Não;Não
812310801;CONTRAPRESTAÇÕES FUTURAS - A EXECUTAR;Não;Não
812310802;CONTRAPRESTAÇÕES FUTURAS - EXECUTADAS;Não;Não
812310803;RISCOS NÃO PROVISIONADOS - A EXECUTAR;Não;Não
812310804;RISCOS NÃO PROVISIONADOS - EXECUTADOS;Não;Não
812310805;OUTROS PASSIVOS CONTINGENTES - A EXECUTAR;Não;Não
812310806;OUTROS PASSIVOS CONTIGENTES - EXECUTADOS;Não;Não
812310900;EXECUÇÃO DE CONTRATOS DE RATEIO DE CONSÓRCIOS PÚBLICOS;Não;Não
812310901;CONTRATOS DE RATEIO - A EXECUTAR;Não;Não
812310902;CONTRATOS DE RATEIO - EM EXECUÇÃO;Não;Não
812310903;CONTRATOS DE RATEIO - EXECUTADOS;Não;Não
812311000;CONTRATOS DE PPP - DO ENTE FEDERADO, EXCETO ESTATAIS NÃO DEPENDENTES;Não;Não
812311001;CONTRATOS DE PPP - DO ENTE FEDERADO, EXCETO ESTATAIS NÃO DEPENDENTES - EC;Não;Não
812311002;CONTRATOS DE PPP - DO ENTE FEDERADO, EXCETO ESTATAIS NÃO DEPENDENTES - EC + 1;Não;Não
812311003;CONTRATOS DE PPP - DO ENTE FEDERADO, EXCETO ESTATAIS NÃO DEPENDENTES - EC + 2;Não;Não
812311004;CONTRATOS DE PPP - DO ENTE FEDERADO, EXCETO ESTATAIS NÃO DEPENDENTES - EC + 3;Não;Não
812311005;CONTRATOS DE PPP - DO ENTE FEDERADO, EXCETO ESTATAIS NÃO DEPENDENTES - EC + 4;Não;Não
812311006;CONTRATOS DE PPP - DO ENTE FEDERADO, EXCETO ESTATAIS NÃO DEPENDENTES - EC + 5;Não;Não
812311007;CONTRATOS DE PPP - DO ENTE FEDERADO, EXCETO ESTATAIS NÃO DEPENDENTES - EC + 6;Não;Não
812311008;CONTRATOS DE PPP - DO ENTE FEDERADO, EXCETO ESTATAIS NÃO DEPENDENTES - EC + 7;Não;Não
812311009;CONTRATOS DE PPP - DO ENTE FEDERADO, EXCETO ESTATAIS NÃO DEPENDENTES - EC + 8;Não;Não
812311010;CONTRATOS DE PPP - DO ENTE FEDERADO, EXCETO ESTATAIS NÃO DEPENDENTES - EC + 9;Não;Não
812311100;CONTRATOS DE PPP - DAS ESTATAIS NÃO DEPENDENTES;Não;Não
812311101;CONTRATOS DE PPP - DAS ESTATAIS NÃO DEPENDENTES - EC;Não;Não
812311102;CONTRATOS DE PPP - DAS ESTATAIS NÃO DEPENDENTES - EC + 1;Não;Não
812311103;CONTRATOS DE PPP - DAS ESTATAIS NÃO DEPENDENTES - EC + 2;Não;Não
812311104;CONTRATOS DE PPP - DAS ESTATAIS NÃO DEPENDENTES - EC + 3;Não;Não
812311105;CONTRATOS DE PPP - DAS ESTATAIS NÃO DEPENDENTES - EC + 4;Não;Não
812311106;CONTRATOS DE PPP - DAS ESTATAIS NÃO DEPENDENTES - EC + 5;Não;Não
812311107;CONTRATOS DE PPP - DAS ESTATAIS NÃO DEPENDENTES - EC + 6;Não;Não
812311108;CONTRATOS DE PPP - DAS ESTATAIS NÃO DEPENDENTES - EC + 7;Não;Não
812311109;CONTRATOS DE PPP - DAS ESTATAIS NÃO DEPENDENTES - EC + 8;Não;Não
812311110;CONTRATOS DE PPP - DAS ESTATAIS NÃO DEPENDENTES - EC + 9;Não;Não
812311200;CONTRATOS DE CESSÃO DE BENS MÓVEIS;Não;Não
812311201;A EXECUTAR;Não;Não
812311202;EM EXECUÇÃO;Não;Não
812311203;EXECUTADO;Não;Não
812311300;CONTRATOS DE CESSÃO DE BENS IMÓVEIS;Não;Não
812311301;A EXECUTAR;Não;Não
812311302;EM EXECUÇÃO;Não;Não
812311303;EXECUTADO;Não;Não
812319900;OUTRAS OBRIGAÇÕES CONTRATUAIS;Não;Não
812319901;OUTRAS OBRIGAÇÕES CONTRATUAIS - A EXECUTAR;Não;Não
812319902;OUTRAS OBRIGAÇÕES CONTRATUAIS - EM EXECUÇÃO;Não;Não
812319903;OUTRAS OBRIGAÇÕES CONTRATUAIS - EXECUTADOS;Não;Não
812320000;EXECUÇÃO DE OBRIGAÇÕES - INTRA OFSS;Não;Não
812330000;EXECUÇÃO DE OBRIGAÇÕES - INTER OFSS - UNIÃO;Não;Não
812340000;EXECUÇÃO DE OBRIGAÇÕES - INTER OFSS - ESTADO;Não;Não
812350000;EXECUÇÃO DE OBRIGAÇÕES - INTER OFSS - MUNICÍPIO;Não;Não
812400000;DEMANDAS JUDICIAIS;Não;Não
812410000;DEMANDAS JUDICIAIS - CONSOLIDAÇÃO;Não;Não
812420000;DEMANDAS JUDICIAIS - INTRA OFSS;Não;Não
812430000;DEMANDAS JUDICIAIS - INTER OFSS - UNIÃO;Não;Não
812440000;DEMANDAS JUDICIAIS - INTER OFSS - ESTADO;Não;Não
812450000;DEMANDAS JUDICIAIS - INTER OFSS - MUNICÍPIO;Não;Não
812900000;EXECUÇÃO DE OUTROS ATOS POTENCIAIS PASSIVOS;Não;Não
812910000;EXECUÇÃO DE OUTROS ATOS POTENCIAIS PASSIVOS - CONSOLIDAÇÃO;Não;Não
812920000;EXECUÇÃO DE OUTROS ATOS POTENCIAIS PASSIVOS - INTRA OFSS;Não;Não
812930000;EXECUÇÃO DE OUTROS ATOS POTENCIAIS PASSIVOS - INTER OFSS - UNIÃO;Não;Não
812940000;EXECUÇÃO DE OUTROS ATOS POTENCIAIS PASSIVOS - INTER OFSS - ESTADO;Não;Não
812950000;EXECUÇÃO DE OUTROS ATOS POTENCIAIS PASSIVOS - INTER OFSS - MUNICÍPIO;Não;Não
820000000;EXECUÇÃO DA ADMINISTRAÇÃO FINANCEIRA;Não;Não
821000000;EXECUÇÃO DAS DISPONIBILIDADES POR DESTINAÇÃO;Não;Não
821100000;EXECUÇÃO DA DISPONIBILIDADE DE RECURSOS;Não;Não
821110000;DISPONIBILIDADE POR DESTINAÇÃO DE RECURSOS;Não;Não
821110100;RECURSOS DISPONÍVEIS PARA O EXERCÍCIO;Não;Não
821110200;RECURSOS DE EXERCÍCIOS ANTERIORES;Não;Não
821119900;OUTROS CONTROLES - DISPONIBILIDADE POR DESTINAÇÃO DE RECURSOS;Não;Não
821120000;DISPONIBILIDADE POR DESTINAÇÃO DE RECURSOS COMPROMETIDA POR EMPENHO;Não;Não
821120100;DISPONIBILIDADE POR DESTINAÇÃO DE RECURSOS COMPROMETIDA POR EMPENHO - A LIQUIDAR;Não;Não
821120200;DISPONIBILIDADE POR DESTINAÇÃO DE RECURSOS COMPROMETIDA POR EMPENHO - EM LIQUIDAÇÃO;Não;Não
821129900;OUTROS CONTROLES - DISPONIBILIDADE POR DESTINAÇÃO DE RECURSOS COMPROMETIDA POR EMPENHO;Não;Não
821130000;DISPONIBILIDADE POR DESTINAÇÃO DE RECURSOS COMPROMETIDA POR LIQUIDAÇÃO E ENTRADAS COMPENSATÓRIAS;Não;Não
821130100;COMPROMETIDA POR LIQUIDAÇÃO;Não;Não
821130200;COMPROMETIDA POR RETENÇÕES E CONSIGNAÇÕES;Não;Não
821130300;COMPROMETIDA POR DEPÓSITOS E GARANTIAS;Não;Não
821130400;COMPROMETIDA POR DEDUÇÃO DA RECEITA ORÇAMENTÁRIA;Não;Não
821139900;DEMAIS COMPROMETIMENTOS;Não;Não
821140000;DISPONIBILIDADE POR DESTINAÇÃO DE RECURSOS UTILIZADA;Não;Não
821140100;UTILIZADA COM EXECUÇÃO ORÇAMENTÁRIA;Não;Não
821140200;UTILIZADA COM RETENÇÕES E CONSIGNAÇÕES;Não;Não
821140300;DEVOLUÇÃO DE DEPÓSITOS E GARANTIAS;Não;Não
821140400;UTILIZADA POR DEDUÇÃO DA RECEITA ORÇAMENTÁRIA;Não;Não
821140500;PERDA EM INVESTIMENTOS E APLICAÇÕES FINANCEIRAS;Não;Não
821149900;DEMAIS UTILIZAÇÕES;Não;Não
821150000;DISPONIBILIDADE POR DESTINAÇÃO DE RECURSOS COMPROMETIDA POR PROGRAMAÇÃO FINANCEIRA OU ARRECADAÇÃO PRÓPRIA;Não;Não
821190000;OUTROS CONTROLES - EXECUÇÃO DA DISPONIBILIDADE DE RECURSOS;Não;Não
821200000;EXECUÇÃO FINANCEIRA DO LIMITE DE RESTOS A PAGAR;Não;Não
821300000;EXECUÇÃO DO RECURSO DIFERIDO POR DESTINAÇÃO;Não;Não
821900000;OUTROS CONTROLES - EXECUÇÃO DAS DISPONIBILIDADES POR DESTINAÇÃO;Não;Não
822000000;EXECUÇÃO DA PROGRAMAÇÃO FINANCEIRA;Não;Não
822100000;CRONOGRAMA DE EXECUÇÃO MENSAL DE DESEMBOLSO;Não;Não
822110000;EXECUÇÃO DO CRONOGRAMA DE DESEMBOLSO MENSAL ORÇAMENTÁRIO;Não;Não
822110100;PROGRAMAÇÃO DE DESEMBOLSO MENSAL - DESPESAS ORÇAMENTÁRIAS;Não;Não
822110101;PROGRAMAÇÃO DE DESEMBOLSO MENSAL - DESPESAS ORÇAMENTÁRIAS - A RECEBER;Não;Não
822110102;PROGRAMAÇÃO DE DESEMBOLSO MENSAL - DESPESAS ORÇAMENTÁRIAS - RECEBIDA;Não;Não
822110103;PROGRAMAÇÃO DE DESEMBOLSO MENSAL - DESPESAS ORÇAMENTÁRIAS - A TRANSFERIR;Não;Não
822110104;PROGRAMAÇÃO DE DESEMBOLSO MENSAL - DESPESASA ORÇAMENTÁRIAS - TRANSFERIDA;Não;Não
822110200;PROGRAMAÇÃO DE DESEMBOLSO MENSAL - TRANSFERÊNCIAS;Não;Não
822110201;PROGRAMAÇÃO DE DESEMBOLSO MENSAL - TRANSFERÊNCIAS - A RECEBER;Não;Não
822110202;PROGRAMAÇÃO DE DESEMBOLSO MENSAL - TRANSFERÊNCIAS - RECEBIDA;Não;Não
822110203;PROGRAMAÇÃO DE DESEMBOLSO MENSAL - TRANSFERÊNCIAS -A TRANSFERIR;Não;Não
822110204;PROGRAMAÇÃO DE DESEMBOLSO MENSAL - TRANSFERÊNCIAS - TRANSFERIDA;Não;Não
822119900;OUTRAS EXECUÇÕES DO CRONOGRAMA DE DESEMBOLSO MENSAL ORÇAMENTÁRIO;Não;Não
822120000;EXECUÇÃO DO CRONOGRAMA DE DESEMBOLSO MENSAL EXTRAORÇAMENTÁRIO;Não;Não
822120100;PROGRAMAÇÃO DE DESEMBOLSO MENSAL - RESTITUIÇÃO DE RECEITAS E DEPÓSITOS;Não;Não
822120101;PROGRAMAÇÃO DE DESEMBOLSO MENSAL - RESTITUIÇÃO DE RECEITAS E DEPÓSITOS - A RECEBER;Não;Não
822120102;PROGRAMAÇÃO DE DESEMBOLSO MENSAL - RESTITUIÇÃO DE RECEITAS E DEPÓSITOS - RECEBIDA;Não;Não
822129900;OUTRAS EXECUÇÕES DO CRONOGRAMA DE DESEMBOLSO MENSAL EXTRAORÇAMENTÁRIO;Não;Não
822190000;OUTROS CONTROLES - CRONOGRAMA DE EXECUÇÃO MENSAL DE DESEMBOLSO;Não;Não
822900000;OUTROS CONTROLES - EXECUÇÃO DA PROGRAMAÇÃO FINANCEIRA;Não;Não
823000000;EXECUÇÃO DO LIMITE ORÇAMENTÁRIO;Não;Não
824000000;CONTROLES DA ARRECADAÇÃO;Não;Não
830000000;EXECUÇÃO DA DÍVIDA ATIVA;Não;Não
831000000;EXECUÇÃO DO ENCAMINHAMENTO DE CRÉDITOS PARA INSCRIÇÃO EM DÍVIDA ATIVA;Não;Não
831100000;CRÉDITOS A ENCAMINHAR PARA A DÍVIDA ATIVA;Não;Não
831110000;CRÉDITOS A ENCAMINHAR PARA A DÍVIDA ATIVA TRIBUTÁRIA;Não;Não
831110100;CRÉDITOS A ENCAMINHAR PARA A DÍVIDA ATIVA TRIBUTÁRIA - IMPOSTOS;Não;Não
831110200;CRÉDITOS A ENCAMINHAR PARA A DÍVIDA ATIVA TRIBUTÁRIA - TAXAS;Não;Não
831110300;CRÉDITOS A ENCAMINHAR PARA A DÍVIDA ATIVA TRIBUTÁRIA - CONTRIBUIÇÃO DE MELHORIA;Não;Não
831119900;OUTROS CONTROLES - CRÉDITOS A ENCAMINHAR PARA A DÍVIDA ATIVA TRIBUTÁRIA;Não;Não
831120000;CRÉDITOS A ENCAMINHAR PARA A DÍVIDA ATIVA NÃO-TRIBUTÁRIA;Não;Não
831120100;CRÉDITOS A ENCAMINHAR PARA A DÍVIDA ATIVA NÃO-TRIBUTÁRIA;Não;Não
831200000;CRÉDITOS ENCAMINHADOS PARA A DÍVIDA ATIVA;Não;Não
831210000;CRÉDITOS ENCAMINHADOS PARA A DÍVIDA ATIVA TRIBUTÁRIA;Não;Não
831210100;CRÉDITOS ENCAMINHADOS PARA A DÍVIDA ATIVA TRIBUTÁRIA - IMPOSTOS;Não;Não
831210200;CRÉDITOS ENCAMINHADOS PARA A DÍVIDA ATIVA TRIBUTÁRIA - TAXAS;Não;Não
831210300;CRÉDITOS ENCAMINHADOS PARA A DÍVIDA ATIVA TRIBUTÁRIA - CONTRIBUIÇÃO DE MELHORIA;Não;Não
831219900;OUTROS CONTROLES - CRÉDITOS ENCAMINHADOS PARA A DÍVIDA ATIVA TRIBUTÁRIA;Não;Não
831220000;CRÉDITOS ENCAMINHADOS PARA A DÍVIDA ATIVA NÃO TRIBUTÁRIA;Não;Não
831220100;CRÉDITOS ENCAMINHADOS PARA A DÍVIDA ATIVA NÃO TRIBUTÁRIA;Não;Não
831300000;CANCELAMENTO DE CRÉDITOS ENCAMINHADOS PARA A DÍVIDA ATIVA;Não;Não
831310000;CANCELAMENTO DE CRÉDITOS ENCAMINHADOS PARA A DÍVIDA ATIVA TRIBUTÁRIA;Não;Não
831310100;CANCELAMENTO DE CRÉDITOS ENCAMINHADOS PARA A DÍVIDA ATIVA TRIBUTÁRIA - IMPOSTOS;Não;Não
831310200;CANCELAMENTO DE CRÉDITOS ENCAMINHADOS PARA A DÍVIDA ATIVA TRIBUTÁRIA - TAXAS;Não;Não
831310300;CANCELAMENTO DE CRÉDITOS ENCAMINHADOS PARA A DÍVIDA ATIVA TRIBUTÁRIA - CONTRIBUIÇÃO DE MELHORIA;Não;Não
831319900;CANCELAMENTO DE CRÉDITOS ENCAMINHADOS PARA A DÍVIDA ATIVA TRIBUTÁRIA - OUTROS TRIBUTOS;Não;Não
831320000;CANCELAMENTO DE CRÉDITOS ENCAMINHADOS PARA A DÍVIDA ATIVA NÃO-TRIBUTÁRIA;Não;Não
831320100;CANCELAMENTO DE CRÉDITOS ENCAMINHADOS PARA A DÍVIDA ATIVA NÃO-TRIBUTÁRIA;Não;Não
831400000;CRÉDITOS INSCRITOS EM DÍVIDA ATIVA;Não;Não
831410000;CRÉDITOS INSCRITOS EM DÍVIDA ATIVA TRIBUTÁRIA;Não;Não
831410100;CRÉDITOS INSCRITOS EM DÍVIDA ATIVA TRIBUTÁRIA - IMPOSTOS;Não;Não
831410200;CRÉDITOS INSCRITOS EM DÍVIDA ATIVA TRIBUTÁRIA - TAXAS;Não;Não
831410300;CRÉDITOS INSCRITOS EM DÍVIDA ATIVA TRIBUTÁRIA - CONTRIBUIÇÃO DE MELHORIA;Não;Não
831419900;OUTROS CONTROLES - CRÉDITOS INSCRITOS EM DÍVIDA ATIVA TRIBUTÁRIA;Não;Não
831420000;CRÉDITOS INSCRITOS EM DÍVIDA ATIVA NÃO-TRIBUTÁRIA;Não;Não
831420100;CRÉDITOS INSCRITOS EM DÍVIDA ATIVA NÃO-TRIBUTÁRIA;Não;Não
832000000;EXECUÇÃO DA INSCRIÇÃO DE CRÉDITOS EM DÍVIDA ATIVA;Não;Não
832100000;CRÉDITOS A INSCREVER EM DÍVIDA ATIVA;Não;Não
832110000;CRÉDITOS A INSCREVER EM DÍVIDA ATIVA TRIBUTÁRIA;Não;Não
832120000;CRÉDITOS A INSCREVER EM DÍVIDA ATIVA NÃO-TRIBUTÁRIA;Não;Não
832200000;CRÉDITOS A INSCREVER EM DÍVIDA ATIVA DEVOLVIDOS;Não;Não
832210000;CRÉDITOS A INSCREVER EM DÍVIDA ATIVA TRIBUTÁRIA DEVOLVIDOS;Não;Não
832220000;CRÉDITOS A INSCREVER EM DÍVIDA ATIVA NÃO TRIBUTÁRIA DEVOLVIDOS;Não;Não
832300000;CRÉDITOS INSCRITOS EM DÍVIDA ATIVA A RECEBER;Não;Não
832310000;CRÉDITOS INSCRITOS EM DÍVIDA ATIVA TRIBUTÁRIA A RECEBER;Não;Não
832310100;CRÉDITOS INSCRITOS EM DÍVIDA ATIVA TRIBUTÁRIA A RECEBER EM COBRANÇA ADMINISTRATIVA;Não;Não
832310200;CRÉDITOS INSCRITOS EM DÍVIDA ATIVA TRIBUTÁRIA A RECEBER EM COBRANÇA JUDICIAL;Não;Não
832319900;OUTROS CONTROLES - CRÉDITOS INSCRITOS EM DÍVIDA ATIVA TRIBUTÁRIA A RECEBER;Não;Não
832320000;CRÉDITOS INSCRITOS EM DÍVIDA ATIVA NÃO-TRIBUTÁRIA A RECEBER;Não;Não
832320100;CRÉDITOS INSCRITOS EM DÍVIDA ATIVA NÃO-TRIBUTÁRIA A RECEBER EM COBRANÇA ADMINISTRATIVA;Não;Não
832320200;CRÉDITOS INSCRITOS EM DÍVIDA ATIVA NÃO-TRIBUTÁRIA A RECEBER EM COBRANÇA JUDICIAL;Não;Não
832329900;OUTROS CONTROLES - CRÉDITOS INSCRITOS EM DÍVIDA ATIVA NÃO-TRIBUTÁRIA A RECEBER;Não;Não
832400000;CRÉDITOS INSCRITOS EM DÍVIDA ATIVA RECEBIDOS;Não;Não
832410000;RECEBIMENTO DE CRÉDITOS INSCRITOS EM DÍVIDA ATIVA TRIBUTÁRIA;Não;Não
832410100;RECEBIMENTO DE CRÉDITOS INSCRITOS EM DÍVIDA ATIVA TRIBUTÁRIA EM COBRANÇA ADMINISTRATIVA;Não;Não
832410200;RECEBIMENTO DE CRÉDITOS INSCRITOS EM DÍVIDA ATIVA TRIBUTÁRIA EM COBRANÇA JUDICIAL;Não;Não
832419900;OUTROS CONTROLES - RECEBIMENTO DE CRÉDITOS INSCRITOS EM DÍVIDA ATIVA TRIBUTÁRIA;Não;Não
832420000;RECEBIMENTOS DE CRÉDITOS INSCRITOS EM DÍVIDA ATIVA NÃO-TRIBUTÁRIA;Não;Não
832420100;RECEBIMENTOS DE CRÉDITOS INSCRITOS EM DÍVIDA ATIVA NÃO-TRIBUTÁRIA EM COBRANÇA ADMINISTRATIVA;Não;Não
832420200;RECEBIMENTOS DE CRÉDITOS INSCRITOS EM DÍVIDA ATIVA NÃO-TRIBUTÁRIA EM COBRANÇA JUDICIAL;Não;Não
832429900;OUTROS CONTROLES - RECEBIMENTOS DE CRÉDITOS INSCRITOS EM DÍVIDA ATIVA NÃO-TRIBUTÁRIA;Não;Não
832500000;BAIXA DE CRÉDITOS INSCRITOS EM DÍVIDA ATIVA;Não;Não
832510000;BAIXAS DE CRÉDITOS INSCRITOS EM DÍVIDA ATIVA TRIBUTÁRIA;Não;Não
832510100;BAIXAS DE CRÉDITOS INSCRITOS EM DÍVIDA ATIVA TRIBUTÁRIA - COBRANÇA ADMINISTRATIVA;Não;Não
832510200;BAIXAS DE CRÉDITOS INSCRITOS EM DÍVIDA ATIVA TRIBUTÁRIA - COBRANÇA JUDICIAL;Não;Não
832519900;OUTROS CONTROLES - BAIXAS DE CRÉDITOS INSCRITOS EM DÍVIDA ATIVA TRIBUTÁRIA;Não;Não
832520000;BAIXAS DE CRÉDITOS INSCRITOS EM DÍVIDA ATIVA NÃO-TRIBUTÁRIA;Não;Não
832520100;BAIXAS DE CRÉDITOS INSCRITOS EM DÍVIDA ATIVA NÃO-TRIBUTÁRIA EM COBRANÇA ADMNISTRATIVA;Não;Não
832520200;BAIXAS DE CRÉDITOS INSCRITOS EM DÍVIDA ATIVA NÃO-TRIBUTÁRIA EM COBRANÇA JUDICIAL;Não;Não
832529900;OUTROS CONTROLES - BAIXAS DE CRÉDITOS INSCRITOS EM DÍVIDA ATIVA NÃO-TRIBUTÁRIA;Não;Não
832900000;OUTROS CONTROLES - EXECUÇÃO DA INSCRIÇÃO DE CRÉDITOS EM DÍVIDA ATIVA;Não;Não
840000000;EXECUÇÃO DOS RISCOS FISCAIS;Não;Não
841000000;EXECUÇÃO DE PASSIVOS CONTINGENTES;Não;Não
841100000;PASSIVOS CONTINGENTES PREVISTOS;Não;Não
841110000;DEMANDAS JUDICIAIS;Não;Não
841120000;DÍVIDAS EM PROCESSO DE RECONHECIMENTO;Não;Não
841130000;AVAIS E GARANTIAS CONCEDIDAS;Não;Não
841140000;ASSUNÇÃO DE PASSIVOS;Não;Não
841150000;ASSISTÊNCIAS DIVERSAS;Não;Não
841190000;OUTROS PASSIVOS CONTINGENTES;Não;Não
841200000;PASSIVOS CONTINGENTES CONFIRMADOS;Não;Não
841210000;DEMANDAS JUDICIAIS;Não;Não
841220000;DÍVIDAS EM PROCESSO DE RECONHECIMENTO;Não;Não
841230000;AVAIS E GARANTIAS CONCEDIDAS;Não;Não
841240000;ASSUNÇÃO DE PASSIVOS;Não;Não
841250000;ASSISTÊNCIAS DIVERSAS;Não;Não
841290000;OUTROS PASSIVOS CONTINGENTES;Não;Não
841900000;OUTROS CONTROLES - EXECUÇÃO DE PASSIVOS CONTINGENTES;Não;Não
842000000;EXECUÇÃO DOS DEMAIS RISCOS FISCAIS;Não;Não
842100000;DEMAIS RISCOS FISCAIS PREVISTOS;Não;Não
842110000;FRUSTRAÇÃO DE ARRECADAÇÃO;Não;Não
842120000;RESTITUIÇÃO DE TRIBUTOS A MAIOR;Não;Não
842130000;DISCREPÂNCIA DE PROJEÇÕES:;Não;Não
842140000;OUTROS RISCOS FISCAIS;Não;Não
842200000;DEMAIS RISCOS FISCAIS CONFIRMADOS;Não;Não
842900000;OUTROS CONTROLES - EXECUÇÃO DOS DEMAIS RISCOS FISCAIS;Não;Não
850000000;EXECUÇÃO DOS CONSÓRCIOS PÚBLICOS;Não;Não
852000000;EXECUÇÃO DA PRESTAÇÃO DE CONTAS DE CONSÓRCIO PÚBLICO;Não;Não
852100000; A COMPROVAR;Não;Não
852200000;EM INADIMPLENCIA;Não;Não
852300000;A APROVAR;Não;Não
852400000;APROVADOS;Não;Não
852500000;IMPUGNADOS;Não;Não
852600000;CONCLUÍDOS;Não;Não
852900000;OUTROS CONTROLES - EXECUÇÃO DA PRESTAÇÃO DE CONTAS DE CONSÓRCIO PÚBLICO;Não;Não
853000000;CONSOLIDAÇÃO DA EXECUÇÃO DO CONSÓRCIO;Não;Não
853100000;VALORES TRANSFERIDOS POR CONTRATO DE RATEIO;Não;Não
853200000;DESPESAS EXECUTADAS EM CONSÓRCIOS PÚBLICOS;Não;Não
853210000;CREDITO EMPENHADO A LIQUIDAR;Não;Não
853220000;CREDITO EMPENHADO EM LIQUIDAÇÃO;Não;Não
853230000;CREDITO EMPENHADO LIQUIDADO A PAGAR;Não;Não
853240000;CREDITO EMPENHADO LIQUIDADO PAGO;Não;Não
853250000;EMPENHOS A LIQUIDAR INSCRITOS EM RESTOS A PAGAR NAO PROCESSADOS;Não;Não
853260000;EMPENHOS EM LIQUIDAÇÃO INSCRITOS EM RESTOS A PAGAR NAO PROCESSADOS;Não;Não
853270000;EMPENHOS LIQUIDADOS INSCRITOS EM RESTOS A PAGAR PROCESSADOS;Não;Não
853300000;EXECUÇÃO DE RP NÃO PROCESSADOS EM CONSÓRCIOS PÚBLICOS;Não;Não
853310000;RP NÃO PROCESSADOS A LIQUIDAR;Não;Não
853320000;RP NÃO PROCESSADOS EM LIQUIDAÇÃO;Não;Não
853330000;RP NÃO PROCESSADOS LIQUIDADOS A PAGAR;Não;Não
853340000;RP NÃO PROCESSADOS PAGOS;Não;Não
853350000;RP NÃO PROCESSADOS A LIQUIDAR BLOQUEADOS;Não;Não
853360000;RP NÃO PROCESSADOS TRANSFERIDOS;Não;Não
853370000;RP NÃO PROCESSADOS - INSCRIÇÃO NO EXERCÍCIO;Não;Não
853380000;RP NÃO PROCESSADOS CANCELADOS;Não;Não
853400000;EXECUÇÃO DE RP PROCESSADOS EM CONSÓRCIOS PÚBLICOS;Não;Não
853410000;RP PROCESSADOS A PAGAR;Não;Não
853420000;RP PROCESSADOS PAGOS;Não;Não
853430000;RP PROCESSADOS TRANSFERIDOS;Não;Não
853440000;RP PROCESSADOS - INSCRIÇÃO NO EXERCÍCIO;Não;Não
853450000;RP PROCESSADOS CANCELADOS;Não;Não
853500000;INSUFICIÊNCIA DE CAIXA DO CONSÓRCIO PÚBLICO;Não;Não
853600000;OPERAÇÃO DE CRÉDITO CONTRATADA PELO CONSÓRCIO PÚBLICO;Não;Não
853700000;DÍVIDA CONSOLIDADA REFERENTE AO CONSÓRCIO PÚBLICO;Não;Não
860000000;CONTROLES FISCAIS;Não;Não
861000000;BENEFÍCIOS FISCAIS;Não;Não
861100000;BENEFÍCIOS TRIBUTÁRIOS;Não;Não
861110000;BENEFÍCIOS TRIBUTÁRIOS - A CONCEDER;Não;Não
861110100;ANISTIA;Não;Não
861110200;REMISSÃO;Não;Não
861110300;CRÉDITO PRESUMIDO;Não;Não
861110400;ISENÇÃO;Não;Não
861110500;ALTERAÇÃO DE ALÍQUOTA;Não;Não
861110600;ALTERAÇÃO DA BASE DE CÁLCULO;Não;Não
861119900;OUTROS  BENEFÍCIOS TRIBUTÁRIOS;Não;Não
861120000;BENEFÍCIOS TRIBUTÁRIOS - CONCEDIDOS;Não;Não
861120100;ANISTIA;Não;Não
861120200;REMISSÃO;Não;Não
861120300;CRÉDITO PRESUMIDO;Não;Não
861120400;ISENÇÃO;Não;Não
861120500;ALTERAÇÃO DE ALÍQUOTA;Não;Não
861120600;ALTERAÇÃO DA BASE DE CÁLCULO;Não;Não
861129900;OUTROS BENEFÍCIOS TRIBUTÁRIOS;Não;Não
861200000;BENEFÍCIOS FINANCEIROS;Não;Não
861210000;BENEFÍCIOS FINANCEIROS - A CONCEDER;Não;Não
861210100;SUBSÍDIOS A CONCEDER;Não;Não
861219900;OUTRAS DESPESAS PAGAS PELO SISTEMA TRIBUTÁRIO - A CONCEDER;Não;Não
861220000;BENEFÍCIOS FINANCEIROS - CONCEDIDOS;Não;Não
861220100;SUBSÍDIOS CONCEDIDOS;Não;Não
861229900;OUTRAS DESPESAS PAGAS PELO SISTEMA TRIBUTÁRIO - CONCEDIDOS;Não;Não
861300000;BENEFÍCIOS CREDITÍCIOS;Não;Não
861310000;BENEFÍCIOS CREDITÍCIOS - A CONCEDER;Não;Não
861310100;SUBSÍDIOS - A CONCEDER;Não;Não
861320000;BENEFÍCIOS CREDITÍCIOS - CONCEDIDOS;Não;Não
861320100;SUBSÍDIOS - CONCEDIDOS;Não;Não
861900000;OUTROS BENEFÍCIOS FISCAIS;Não;Não
861910000;OUTROS BENEFÍCIOS FISCAIS - A CONCEDER;Não;Não
861910100;OUTROS BENEFÍCIOS FISCAIS - A CONCEDER - POR RENÚNCIA DE RECEITA;Não;Não
861910200;OUTROS BENEFÍCIOS FISCAIS - A CONCEDER - POR EXECUÇÃO DE DESPESA;Não;Não
861920000;OUTROS BENEFÍCIOS FISCAIS - CONCEDIDOS;Não;Não
861920100;OUTROS BENEFÍCIOS FISCAIS - CONCEDIDOS - POR RENÚNCIA DE RECEITA;Não;Não
861920200;OUTROS BENEFÍCIOS FISCAIS - CONCEDIDOS - POR EXECUÇÃO DE DESPESA;Não;Não
862000000;CONTROLES DA PROJEÇÃO ATUARIAL;Não;Não
863000000;CONTROLES PARA FINS DA LRF;Não;Não
863100000;CONTROLE DE OPERAÇÕES DE CRÉDITO PARA FINS DA LRF;Não;Não
863110000;OPERAÇÕES CONTRATUAIS INTERNAS SUJEITAS AO LIMITE;Não;Não
863110100;AQUISIÇÃO FINANCIADA DE BENS E ARRENDAMENTO MERCANTIL FINANCEIRO;Não;Não
863110200;ANTECIPAÇÃO DE RECEITA PELA VENDA A TERMO DE BENS E SERVIÇOS;Não;Não
863110300;ASSUNÇÃO, RECONHECIMENTO E CONFISSÃO DE DÍVIDAS (LRF, ART. 29, § 1º);Não;Não
863120000;OPERAÇÕES CONTRATUAIS EXTERNAS SUJEITAS AO LIMITE;Não;Não
863120100;AQUISIÇÃO FINANCIADA DE BENS E ARRENDAMENTO MERCANTIL FINANCEIRO;Não;Não
863120200;ANTECIPAÇÃO DE RECEITA PELA VENDA A TERMO DE BENS E SERVIÇOS;Não;Não
863120300;ASSUNÇÃO, RECONHECIMENTO E CONFISSÃO DE DÍVIDAS (LRF, ART. 29, § 1º);Não;Não
863140000;OPERAÇÕES VEDADAS;Não;Não
863150000;OUTRAS OPERAÇÕES QUE INTEGRAM A DÍVIDA CONSOLIDADA;Não;Não
863150100;PARCELAMENTO DE DÍVIDAS;Não;Não
863150101;TRIBUTOS;Não;Não
863150102;CONTRIBUIÇÕES PREVIDENCIÁRIAS;Não;Não
863150103;FGTS;Não;Não
863150199;PARCELAMENTO DE OUTRAS DÍVIDAS;Não;Não
863150200;OPERAÇÕES DE REESTRUTURAÇÃO E RECOMPOSIÇÃO DO PRINCIPAL DE DÍVIDAS;Não;Não
863159900;OUTRAS OPERAÇÕES;Não;Não
863200000;CONTROLES DO PASSIVO PARA FINS DA LRF;Não;Não
863210000;CONTROLE DE OBRIGAÇÕES SEM AUTORIZAÇÃO ORÇAMENTÁRIA PARA FINS DA LRF;Não;Não
863220000;CONTROLE DE OBRIGAÇÕES INSCRITAS EM RPP, SEM DISPONIBILIDADE DE CAIXA, PARA FINS DA LRF;Não;Não
863300000;CONTROLES DA DESPESA COM PESSOAL PARA FINS DA LRF;Não;Não
863310000;DESPESA COM PESSOAL NÃO EXECUTADA ORÇAMENTARIAMENTE;Não;Não
863320000;DESPESA COM PESSOAL NAS ENTIDADES COM CONTRATO DE GESTÃO;Não;Não
880000000;APURAÇÃO DE CUSTOS;Não;Não
890000000;OUTROS CONTROLES;Não;Não
891000000;EXECUÇÃO DE RESPONSABILIDADE POR VALORES, TÍTULOS E BENS;Não;Não
891100000;EXECUÇÃO DE RESPONSABILIDADE COM TERCEIROS POR VALORES, TÍTULOS E BENS;Não;Não
891110000;DEPÓSITOS JUDICIAIS;Não;Não
891120000;DEPÓSITOS COMPULSÓRIOS;Não;Não
891140000;CONTRATOS DE CESSÃO DE BENS MÓVEIS;Não;Não
891140100;A EXECUTAR;Não;Não
891140200;EXECUTADO;Não;Não
891150000;CONTRATOS DE CESSÃO DE BENS IMÓVEIS;Não;Não
891150100;A EXECUTAR;Não;Não
891150200;EXECUTADO;Não;Não
891190000;OUTRAS RESPONSABILIDADES COM TERCEIROS;Não;Não
891200000;EXECUÇÃO DE RESPONSABILIDADE DE TERCEIROS POR VALORES, TÍTULOS E BENS;Não;Não
891210000;EXECUÇÃO DE ADIANTAMENTOS/SUPRIMENTOS DE FUNDOS CONCEDIDOS;Não;Não
891210100;ADIANTAMENTOS CONCEDIDOS A COMPROVAR;Não;Não
891210200;ADIANTAMENTOS A APROVAR;Não;Não
891210300;ADIANTAMENTOS APROVADOS;Não;Não
891210400;ADIANTAMENTOS IMPUGNADOS;Não;Não
891210500;ADIANTAMENTOS EM INDADIMPLENCIA;Não;Não
891210600;ADIANTAMENTOS CANCELADOS;Não;Não
891219900;OUTRAS EXECUÇÕES DE ADIANTAMENTOS/SUPRIMENTOS DE FUNDOS CONCEDIDOS;Não;Não
891220000;ATIVOS DE PPP CONTABILIZADOS NO ENTE;Não;Não
891220100;ATIVOS DE PPP CONTABILIZADOS NO ENTE;Não;Não
891220200;(-) DEPRECIAÇÃO DOS ATIVOS CONTABILIZADOS NO ENTE;Não;Não
891240000;CONTRATOS DE CESSÃO DE BENS MÓVEIS;Não;Não
891240100;A EXECUTAR;Não;Não
891240200;EXECUTADO;Não;Não
891250000;CONTRATOS DE CESSÃO DE BENS IMÓVEIS;Não;Não
891250100;A EXECUTAR;Não;Não
891250200;EXECUTADO;Não;Não
891290000;EXECUÇÃO DE OUTRAS RESPONSABILIDADES DE TERCEIROS;Não;Não
892000000;DIVERSOS RESPONSÁVEIS EM APURAÇÃO;Não;Não
892100000;PAGAMENTOS INDEVIDOS;Não;Não
892200000;SALDOS NÃO RECOLHIDOS;Não;Não
892300000;DESFALQUES OU DESVIOS;Não;Não
892400000;DÉBITOS DE TERCEIROS EM PRESTAÇÃO DE SERVIÇOS;Não;Não
892500000;RESPONSÁVEIS POR DANOS OU PERDAS;Não;Não
892600000;PAGAMENTOS SEM RESPALDO ORÇAMENTÁRIO;Não;Não
892700000;CRÉDITOS ANTECIPADOS;Não;Não
892800000;FALTA OU IRREGULARIDADE DE COMPROVAÇÃO;Não;Não
892900000;OUTRAS RESPONSABILIDADES EM APURAÇÃO;Não;Não
892910000;MULTAS E JUROS;Não;Não
892910100;FALTA DE LICITAÇÃO;Não;Não
892910200;FALTA DE RECOLHIMENTO DE OBRIGAÇÕES PECUNIÁRIAS;Não;Não
892910400;DÉBITOS ORIUNDOS DE USO OU ALUGUEL DE IMOVEL;Não;Não
892910500;ADIANTAMENTOS CONCEDIDOS IRREGULARMENTE;Não;Não
892910600;FRAUDES EM BENEFÍCIOS;Não;Não
892919900;OUTROS CONTROLES - MULTAS E JUROS;Não;Não
899000000;DEMAIS CONTROLES;Não;Não
