orgao;unidade_orcamentaria;descricao_unidade;funcao;subfuncao;programa;acao;descricao_acao;natureza_despesa;fonte;valor;ficha;natureza_qdd
01;01001;CAMARA MUNICIPAL;01;031;1001;1001;AQUISICAO DE EQUIPAMENTOS P/CAMARA;449052;500;217150.00;10919;4.4.90.52.00.00
01;01001;CAMARA MUNICIPAL;01;031;1001;1014;RECUPERACAO CONSTR.OU REFORMA DO PREDIO DA CAMARA;449051;500;228600.00;10809;4.4.90.51.00.00
01;01001;CAMARA MUNICIPAL;01;031;1001;1052;AQUISICAO DE VEICULO PARA CAMARA MUNICIPAL;449052;500;101750.00;10810;4.4.90.52.00.00
01;01001;CAMARA MUNICIPAL;01;031;1001;2001;MANUTENÇÃO DAS ATIVIDADES DA CAMARA MUNICIPAL;319004;500;11000.00;10811;3.1.90.04.00.00
01;01001;CAMARA MUNICIPAL;01;031;1001;2001;MANUTENÇÃO DAS ATIVIDADES DA CAMARA MUNICIPAL;319011;500;3624280.00;10812;3.1.90.11.00.00
01;01001;CAMARA MUNICIPAL;01;031;1001;2001;MANUTENÇÃO DAS ATIVIDADES DA CAMARA MUNICIPAL;319013;500;617000.00;10813;3.1.90.13.00.00
01;01001;CAMARA MUNICIPAL;01;031;1001;2001;MANUTENÇÃO DAS ATIVIDADES DA CAMARA MUNICIPAL;319091;500;13200.00;10814;3.1.90.91.00.00
01;01001;CAMARA MUNICIPAL;01;031;1001;2001;MANUTENÇÃO DAS ATIVIDADES DA CAMARA MUNICIPAL;319113;500;209000.00;10815;3.1.91.13.00.00
01;01001;CAMARA MUNICIPAL;01;031;1001;2001;MANUTENÇÃO DAS ATIVIDADES DA CAMARA MUNICIPAL;339014;500;11000.00;10816;3.3.90.14.00.00
01;01001;CAMARA MUNICIPAL;01;031;1001;2001;MANUTENÇÃO DAS ATIVIDADES DA CAMARA MUNICIPAL;339030;500;182000.00;10817;3.3.90.30.00.00
01;01001;CAMARA MUNICIPAL;01;031;1001;2001;MANUTENÇÃO DAS ATIVIDADES DA CAMARA MUNICIPAL;339033;500;33300.00;10818;3.3.90.33.00.00
01;01001;CAMARA MUNICIPAL;01;031;1001;2001;MANUTENÇÃO DAS ATIVIDADES DA CAMARA MUNICIPAL;339035;500;193600.00;10819;3.3.90.35.00.00
01;01001;CAMARA MUNICIPAL;01;031;1001;2001;MANUTENÇÃO DAS ATIVIDADES DA CAMARA MUNICIPAL;339036;500;404481.30;10820;3.3.90.36.00.00
01;01001;CAMARA MUNICIPAL;01;031;1001;2001;MANUTENÇÃO DAS ATIVIDADES DA CAMARA MUNICIPAL;339039;500;534938.70;10821;3.3.90.39.00.00
01;01001;CAMARA MUNICIPAL;01;031;1001;2001;MANUTENÇÃO DAS ATIVIDADES DA CAMARA MUNICIPAL;339047;500;3300.00;10822;3.3.90.47.00.00
01;01001;CAMARA MUNICIPAL;01;031;1001;2001;MANUTENÇÃO DAS ATIVIDADES DA CAMARA MUNICIPAL;339092;500;7700.00;10823;3.3.90.92.00.00
01;01001;CAMARA MUNICIPAL;01;031;1001;2001;MANUTENÇÃO DAS ATIVIDADES DA CAMARA MUNICIPAL;469077;500;7700.00;10824;4.6.90.77.00.00
02;02002;GABINETE DO PREFEITO;04;122;2001;1002;AQUISICAO DE EQUIPAMENTOS P/ O GABINETE;449052;500;15712.09;10825;4.4.90.52.00.00
02;02002;GABINETE DO PREFEITO;04;122;2001;2002;MANUT DAS ATIV DO GABINETE DA PREFEITO;319004;500;68093.18;10826;3.1.90.04.00.00
02;02002;GABINETE DO PREFEITO;04;122;2001;2002;MANUT DAS ATIV DO GABINETE DA PREFEITO;319011;500;544610.00;10827;3.1.90.11.00.00
02;02002;GABINETE DO PREFEITO;04;122;2001;2002;MANUT DAS ATIV DO GABINETE DA PREFEITO;319013;500;92400.00;10828;3.1.90.13.00.00
02;02002;GABINETE DO PREFEITO;04;122;2001;2002;MANUT DAS ATIV DO GABINETE DA PREFEITO;319091;500;16500.00;10829;3.1.90.91.00.00
02;02002;GABINETE DO PREFEITO;04;122;2001;2002;MANUT DAS ATIV DO GABINETE DA PREFEITO;319113;500;1650.00;10830;3.1.91.13.00.00
02;02002;GABINETE DO PREFEITO;04;122;2001;2002;MANUT DAS ATIV DO GABINETE DA PREFEITO;335041;500;202400.00;10831;3.3.50.41.00.00
02;02002;GABINETE DO PREFEITO;04;122;2001;2002;MANUT DAS ATIV DO GABINETE DA PREFEITO;339014;500;48922.50;10832;3.3.90.14.00.00
02;02002;GABINETE DO PREFEITO;04;122;2001;2002;MANUT DAS ATIV DO GABINETE DA PREFEITO;339030;500;59400.00;10833;3.3.90.30.00.00
02;02002;GABINETE DO PREFEITO;04;122;2001;2002;MANUT DAS ATIV DO GABINETE DA PREFEITO;339033;500;64900.00;10834;3.3.90.33.00.00
02;02002;GABINETE DO PREFEITO;04;122;2001;2002;MANUT DAS ATIV DO GABINETE DA PREFEITO;339035;500;2750.00;10835;3.3.90.35.00.00
02;02002;GABINETE DO PREFEITO;04;122;2001;2002;MANUT DAS ATIV DO GABINETE DA PREFEITO;339036;500;39380.00;10836;3.3.90.36.00.00
02;02002;GABINETE DO PREFEITO;04;122;2001;2002;MANUT DAS ATIV DO GABINETE DA PREFEITO;339039;500;333850.00;10837;3.3.90.39.00.00
02;02002;GABINETE DO PREFEITO;04;122;2001;2002;MANUT DAS ATIV DO GABINETE DA PREFEITO;339047;500;5500.00;10838;3.3.90.47.00.00
02;02002;GABINETE DO PREFEITO;04;122;2001;2002;MANUT DAS ATIV DO GABINETE DA PREFEITO;339092;500;2200.00;10839;3.3.90.92.00.00
02;02002;GABINETE DO PREFEITO;04;122;2001;2002;MANUT DAS ATIV DO GABINETE DA PREFEITO;449052;500;16500.00;11883;4.4.90.52.00.00
02;02002;GABINETE DO PREFEITO;04;122;2001;2066;MANUTENCAO DAS ATIVIDADES DO CONTROLE INTERNO;319004;500;16500.00;11884;3.1.90.04.00.00
02;02002;GABINETE DO PREFEITO;04;122;2001;2066;MANUTENCAO DAS ATIVIDADES DO CONTROLE INTERNO;319011;500;27500.00;10840;3.1.90.11.00.00
02;02002;GABINETE DO PREFEITO;04;122;2001;2066;MANUTENCAO DAS ATIVIDADES DO CONTROLE INTERNO;319013;500;5500.00;10841;3.1.90.13.00.00
02;02002;GABINETE DO PREFEITO;04;122;2001;2066;MANUTENCAO DAS ATIVIDADES DO CONTROLE INTERNO;319113;500;6600.00;10842;3.1.91.13.00.00
02;02002;GABINETE DO PREFEITO;04;122;2001;2066;MANUTENCAO DAS ATIVIDADES DO CONTROLE INTERNO;339014;500;1650.00;10843;3.3.90.14.00.00
02;02002;GABINETE DO PREFEITO;04;122;2001;2066;MANUTENCAO DAS ATIVIDADES DO CONTROLE INTERNO;339030;500;11000.00;10844;3.3.90.30.00.00
02;02002;GABINETE DO PREFEITO;04;122;2001;2066;MANUTENCAO DAS ATIVIDADES DO CONTROLE INTERNO;339035;500;11000.00;10845;3.3.90.35.00.00
02;02002;GABINETE DO PREFEITO;04;122;2001;2066;MANUTENCAO DAS ATIVIDADES DO CONTROLE INTERNO;339036;500;6600.00;10846;3.3.90.36.00.00
02;02002;GABINETE DO PREFEITO;04;122;2001;2066;MANUTENCAO DAS ATIVIDADES DO CONTROLE INTERNO;339039;500;6600.00;10847;3.3.90.39.00.00
02;02002;GABINETE DO PREFEITO;04;122;2001;2066;MANUTENCAO DAS ATIVIDADES DO CONTROLE INTERNO;449052;500;5500.00;11885;4.4.90.52.00.00
02;02002;GABINETE DO PREFEITO;06;182;2001;2003;OPERACAO MUTUA COM POLICIAMENTO;339030;500;5500.00;10848;3.3.90.30.00.00
02;02002;GABINETE DO PREFEITO;06;182;2001;2003;OPERACAO MUTUA COM POLICIAMENTO;339036;500;5500.00;10849;3.3.90.36.00.00
02;02002;GABINETE DO PREFEITO;06;182;2001;2003;OPERACAO MUTUA COM POLICIAMENTO;339039;500;5500.00;10850;3.3.90.39.00.00
02;02002;GABINETE DO PREFEITO;06;182;2001;2038;CRIAÇÃO E MANUTENÇÃO DA GUARDA MUNICIPAL;319004;500;11000.00;10963;3.1.90.04.00.00
02;02002;GABINETE DO PREFEITO;06;182;2001;2038;CRIAÇÃO E MANUTENÇÃO DA GUARDA MUNICIPAL;319011;500;27500.00;11237;3.1.90.11.00.00
02;02002;GABINETE DO PREFEITO;06;182;2001;2038;CRIAÇÃO E MANUTENÇÃO DA GUARDA MUNICIPAL;319013;500;5500.00;11238;3.1.90.13.00.00
02;02002;GABINETE DO PREFEITO;06;182;2001;2038;CRIAÇÃO E MANUTENÇÃO DA GUARDA MUNICIPAL;319113;500;6600.00;11239;3.1.91.13.00.00
02;02002;GABINETE DO PREFEITO;06;182;2001;2038;CRIAÇÃO E MANUTENÇÃO DA GUARDA MUNICIPAL;339030;500;11000.00;11240;3.3.90.30.00.00
02;02003;PROCURADORIA JURIDICA;02;062;2001;2004;MANUTENCAO DOS SERVICOS JURIDICOS;319004;500;27500.00;11886;3.1.90.04.00.00
02;02003;PROCURADORIA JURIDICA;02;062;2001;2004;MANUTENCAO DOS SERVICOS JURIDICOS;319011;500;366300.00;11241;3.1.90.11.00.00
02;02003;PROCURADORIA JURIDICA;02;062;2001;2004;MANUTENCAO DOS SERVICOS JURIDICOS;319013;500;48400.00;11242;3.1.90.13.00.00
02;02003;PROCURADORIA JURIDICA;02;062;2001;2004;MANUTENCAO DOS SERVICOS JURIDICOS;319091;500;7700.00;11243;3.1.90.91.00.00
02;02003;PROCURADORIA JURIDICA;02;062;2001;2004;MANUTENCAO DOS SERVICOS JURIDICOS;319113;500;19800.00;11295;3.1.91.13.00.00
02;02003;PROCURADORIA JURIDICA;02;062;2001;2004;MANUTENCAO DOS SERVICOS JURIDICOS;339014;500;20790.00;11296;3.3.90.14.00.00
02;02003;PROCURADORIA JURIDICA;02;062;2001;2004;MANUTENCAO DOS SERVICOS JURIDICOS;339030;500;7700.00;11297;3.3.90.30.00.00
02;02003;PROCURADORIA JURIDICA;02;062;2001;2004;MANUTENCAO DOS SERVICOS JURIDICOS;339035;500;55000.00;11298;3.3.90.35.00.00
02;02003;PROCURADORIA JURIDICA;02;062;2001;2004;MANUTENCAO DOS SERVICOS JURIDICOS;339036;500;11000.00;11299;3.3.90.36.00.00
02;02003;PROCURADORIA JURIDICA;02;062;2001;2004;MANUTENCAO DOS SERVICOS JURIDICOS;339039;500;169400.00;11300;3.3.90.39.00.00
02;02003;PROCURADORIA JURIDICA;04;122;1020;1060;REVISÃO DE LEIS, PLANOS E CÓDIGOS MUNICIPAIS;339039;500;4751.68;11305;3.3.90.39.00.00
02;02003;PROCURADORIA JURIDICA;28;846;1002;0001;PAGAMENTO DE PRECATÓRIOS JUDICIAIS;319091;500;219124.80;11306;3.1.90.91.00.00
02;02003;PROCURADORIA JURIDICA;28;846;1002;0007;PARAGAMENTO DE REQUISIÇÕES DE PEQUENO VALOR - RPV;319091;500;11000.00;11334;3.1.90.91.00.00
02;02003;PROCURADORIA JURIDICA;28;846;1002;0007;PARAGAMENTO DE REQUISIÇÕES DE PEQUENO VALOR - RPV;329021;500;5500.00;11335;3.2.90.21.00.00
02;02003;PROCURADORIA JURIDICA;28;846;1002;0007;PARAGAMENTO DE REQUISIÇÕES DE PEQUENO VALOR - RPV;339047;500;18700.00;11336;3.3.90.47.00.00
02;02004;SECRETARIA DE ADMINISTRACAO;04;122;2001;1079;REESTRUTURACAO DE ESPACO DA SEC DE ADMINISTRACAO;339039;500;5500.00;11338;3.3.90.39.00.00
02;02004;SECRETARIA DE ADMINISTRACAO;04;122;2001;1079;REESTRUTURACAO DE ESPACO DA SEC DE ADMINISTRACAO;449052;500;1100.00;10851;4.4.90.52.00.00
02;02004;SECRETARIA DE ADMINISTRACAO;04;122;2001;2005;MANUTENCAO DAS ATIVID DA ADMINISTRACAO;319011;500;516241.01;10852;3.1.90.11.00.00
02;02004;SECRETARIA DE ADMINISTRACAO;04;122;2001;2005;MANUTENCAO DAS ATIVID DA ADMINISTRACAO;319013;500;55550.00;10853;3.1.90.13.00.00
02;02004;SECRETARIA DE ADMINISTRACAO;04;122;2001;2005;MANUTENCAO DAS ATIVID DA ADMINISTRACAO;319091;500;5500.00;10854;3.1.90.91.00.00
02;02004;SECRETARIA DE ADMINISTRACAO;04;122;2001;2005;MANUTENCAO DAS ATIVID DA ADMINISTRACAO;319113;500;251900.00;10855;3.1.91.13.00.00
02;02004;SECRETARIA DE ADMINISTRACAO;04;122;2001;2005;MANUTENCAO DAS ATIVID DA ADMINISTRACAO;339014;500;5500.00;10856;3.3.90.14.00.00
02;02004;SECRETARIA DE ADMINISTRACAO;04;122;2001;2005;MANUTENCAO DAS ATIVID DA ADMINISTRACAO;339030;500;113300.00;10857;3.3.90.30.00.00
02;02004;SECRETARIA DE ADMINISTRACAO;04;122;2001;2005;MANUTENCAO DAS ATIVID DA ADMINISTRACAO;339031;500;5500.00;10858;3.3.90.31.00.00
02;02004;SECRETARIA DE ADMINISTRACAO;04;122;2001;2005;MANUTENCAO DAS ATIVID DA ADMINISTRACAO;339035;500;5500.00;10859;3.3.90.35.00.00
02;02004;SECRETARIA DE ADMINISTRACAO;04;122;2001;2005;MANUTENCAO DAS ATIVID DA ADMINISTRACAO;339036;500;140800.00;10860;3.3.90.36.00.00
02;02004;SECRETARIA DE ADMINISTRACAO;04;122;2001;2005;MANUTENCAO DAS ATIVID DA ADMINISTRACAO;339039;500;1061158.70;10861;3.3.90.39.00.00
02;02004;SECRETARIA DE ADMINISTRACAO;04;122;2001;2005;MANUTENCAO DAS ATIVID DA ADMINISTRACAO;339047;500;38500.00;10862;3.3.90.47.00.00
02;02004;SECRETARIA DE ADMINISTRACAO;04;122;2001;2005;MANUTENCAO DAS ATIVID DA ADMINISTRACAO;339092;500;11000.00;10863;3.3.90.92.00.00
02;02004;SECRETARIA DE ADMINISTRACAO;04;122;2001;2067;CAPACITACAO DOS SERVIDORES PME;339030;500;4400.00;10864;3.3.90.30.00.00
02;02004;SECRETARIA DE ADMINISTRACAO;04;122;2001;2067;CAPACITACAO DOS SERVIDORES PME;339036;500;9900.00;10865;3.3.90.36.00.00
02;02004;SECRETARIA DE ADMINISTRACAO;04;122;2001;2067;CAPACITACAO DOS SERVIDORES PME;339039;500;11000.00;10866;3.3.90.39.00.00
02;02004;SECRETARIA DE ADMINISTRACAO;09;271;2001;2006;PAGAMENTO DE PENSOES;319003;500;8800.00;10871;3.1.90.03.00.00
02;02005;SECRETARIA DE FINANCAS;04;123;1002;2008;MANUTENCAO DAS ATIVIDADES DA SEC DE FINCANCAS;319004;500;38500.00;11887;3.1.90.04.00.00
02;02005;SECRETARIA DE FINANCAS;04;123;1002;2008;MANUTENCAO DAS ATIVIDADES DA SEC DE FINCANCAS;319011;500;422400.00;10875;3.1.90.11.00.00
02;02005;SECRETARIA DE FINANCAS;04;123;1002;2008;MANUTENCAO DAS ATIVIDADES DA SEC DE FINCANCAS;319013;500;116600.00;10876;3.1.90.13.00.00
02;02005;SECRETARIA DE FINANCAS;04;123;1002;2008;MANUTENCAO DAS ATIVIDADES DA SEC DE FINCANCAS;319091;500;16500.00;10877;3.1.90.91.00.00
02;02005;SECRETARIA DE FINANCAS;04;123;1002;2008;MANUTENCAO DAS ATIVIDADES DA SEC DE FINCANCAS;319113;500;88000.00;10878;3.1.91.13.00.00
02;02005;SECRETARIA DE FINANCAS;04;123;1002;2008;MANUTENCAO DAS ATIVIDADES DA SEC DE FINCANCAS;339014;500;5500.00;10879;3.3.90.14.00.00
02;02005;SECRETARIA DE FINANCAS;04;123;1002;2008;MANUTENCAO DAS ATIVIDADES DA SEC DE FINCANCAS;339030;500;19800.00;10880;3.3.90.30.00.00
02;02005;SECRETARIA DE FINANCAS;04;123;1002;2008;MANUTENCAO DAS ATIVIDADES DA SEC DE FINCANCAS;339031;500;1100.00;10881;3.3.90.31.00.00
02;02005;SECRETARIA DE FINANCAS;04;123;1002;2008;MANUTENCAO DAS ATIVIDADES DA SEC DE FINCANCAS;339036;500;24200.00;10882;3.3.90.36.00.00
02;02005;SECRETARIA DE FINANCAS;04;123;1002;2008;MANUTENCAO DAS ATIVIDADES DA SEC DE FINCANCAS;339039;500;269576.30;10883;3.3.90.39.00.00
02;02005;SECRETARIA DE FINANCAS;04;123;1002;2008;MANUTENCAO DAS ATIVIDADES DA SEC DE FINCANCAS;339047;500;184261.30;10884;3.3.90.47.00.00
02;02005;SECRETARIA DE FINANCAS;04;123;1002;2008;MANUTENCAO DAS ATIVIDADES DA SEC DE FINCANCAS;339092;500;3960.00;10885;3.3.90.92.00.00
02;02005;SECRETARIA DE FINANCAS;04;123;1002;2008;MANUTENCAO DAS ATIVIDADES DA SEC DE FINCANCAS;339093;500;8800.00;10886;3.3.90.93.00.00
02;02005;SECRETARIA DE FINANCAS;28;843;1002;0002;PARCELAMENTO DE DEBITO COM O INSS;329021;500;129250.00;10887;3.2.90.21.00.00
02;02005;SECRETARIA DE FINANCAS;28;843;1002;0002;PARCELAMENTO DE DEBITO COM O INSS;339047;500;2138795.81;10888;3.3.90.47.00.00
02;02005;SECRETARIA DE FINANCAS;28;843;1002;0002;PARCELAMENTO DE DEBITO COM O INSS;469077;500;8258.71;10889;4.6.90.77.00.00
02;02005;SECRETARIA DE FINANCAS;28;846;1002;0005;CONTRIBUICOES PARA O PASEP;339047;500;535736.94;10891;3.3.90.47.00.00
02;02006;SECRETARIA DE PLANEJAMENTO E COORDENACAO;04;122;2001;2009;MANUT DAS ATIV DA SEC DE PLANEJ E COORDENACAO;319004;500;38500.00;11888;3.1.90.04.00.00
02;02006;SECRETARIA DE PLANEJAMENTO E COORDENACAO;04;122;2001;2009;MANUT DAS ATIV DA SEC DE PLANEJ E COORDENACAO;319011;500;216590.00;10893;3.1.90.11.00.00
02;02006;SECRETARIA DE PLANEJAMENTO E COORDENACAO;04;122;2001;2009;MANUT DAS ATIV DA SEC DE PLANEJ E COORDENACAO;319013;500;38500.00;10894;3.1.90.13.00.00
02;02006;SECRETARIA DE PLANEJAMENTO E COORDENACAO;04;122;2001;2009;MANUT DAS ATIV DA SEC DE PLANEJ E COORDENACAO;319113;500;5500.00;10895;3.1.91.13.00.00
02;02006;SECRETARIA DE PLANEJAMENTO E COORDENACAO;04;122;2001;2009;MANUT DAS ATIV DA SEC DE PLANEJ E COORDENACAO;339014;500;7700.00;10896;3.3.90.14.00.00
02;02006;SECRETARIA DE PLANEJAMENTO E COORDENACAO;04;122;2001;2009;MANUT DAS ATIV DA SEC DE PLANEJ E COORDENACAO;339030;500;7700.00;10897;3.3.90.30.00.00
02;02006;SECRETARIA DE PLANEJAMENTO E COORDENACAO;04;122;2001;2009;MANUT DAS ATIV DA SEC DE PLANEJ E COORDENACAO;339031;500;2200.00;10898;3.3.90.31.00.00
02;02006;SECRETARIA DE PLANEJAMENTO E COORDENACAO;04;122;2001;2009;MANUT DAS ATIV DA SEC DE PLANEJ E COORDENACAO;339033;500;5500.00;10899;3.3.90.33.00.00
02;02006;SECRETARIA DE PLANEJAMENTO E COORDENACAO;04;122;2001;2009;MANUT DAS ATIV DA SEC DE PLANEJ E COORDENACAO;339035;500;5500.00;10900;3.3.90.35.00.00
02;02006;SECRETARIA DE PLANEJAMENTO E COORDENACAO;04;122;2001;2009;MANUT DAS ATIV DA SEC DE PLANEJ E COORDENACAO;339036;500;6600.00;10901;3.3.90.36.00.00
02;02006;SECRETARIA DE PLANEJAMENTO E COORDENACAO;04;122;2001;2009;MANUT DAS ATIV DA SEC DE PLANEJ E COORDENACAO;339039;500;76450.00;10902;3.3.90.39.00.00
02;02006;SECRETARIA DE PLANEJAMENTO E COORDENACAO;04;122;2001;2009;MANUT DAS ATIV DA SEC DE PLANEJ E COORDENACAO;339091;500;5500.00;10904;3.3.90.91.00.00
02;02007;SECRETARIA DE EDUCACAO E CULTURA;12;126;1003;1053;IMPLANT DE C DE APOIO E ESPACO PUB DE INCL DIGITAL;449052;500;6600.00;10903;4.4.90.52.00.00
02;02007;SECRETARIA DE EDUCACAO E CULTURA;12;126;1003;1053;IMPLANT DE C DE APOIO E ESPACO PUB DE INCL DIGITAL;449052;540;15000.00;11490;4.4.90.52.00.00
02;02007;SECRETARIA DE EDUCACAO E CULTURA;12;126;1003;1053;IMPLANT DE C DE APOIO E ESPACO PUB DE INCL DIGITAL;449052;541;222000.00;11491;4.4.90.52.00.00
02;02007;SECRETARIA DE EDUCACAO E CULTURA;12;126;1003;1053;IMPLANT DE C DE APOIO E ESPACO PUB DE INCL DIGITAL;449052;542;215000.00;11553;4.4.90.52.00.00
02;02007;SECRETARIA DE EDUCACAO E CULTURA;12;126;1003;1053;IMPLANT DE C DE APOIO E ESPACO PUB DE INCL DIGITAL;449052;570;22000.00;11583;4.4.90.52.00.00
02;02007;SECRETARIA DE EDUCACAO E CULTURA;12;126;1003;1053;IMPLANT DE C DE APOIO E ESPACO PUB DE INCL DIGITAL;449052;575;55000.00;11604;4.4.90.52.00.00
02;02007;SECRETARIA DE EDUCACAO E CULTURA;12;306;1003;2010;AQUIS DE GENEROS ALIMENTICIOS P MERENDA ESCOLAR;339030;500;89100.00;10920;3.3.90.30.00.00
02;02007;SECRETARIA DE EDUCACAO E CULTURA;12;306;1003;2010;AQUIS DE GENEROS ALIMENTICIOS P MERENDA ESCOLAR;339030;550;55000.00;11479;3.3.90.30.00.00
02;02007;SECRETARIA DE EDUCACAO E CULTURA;12;306;1003;2010;AQUIS DE GENEROS ALIMENTICIOS P MERENDA ESCOLAR;339030;552;1695100.00;11569;3.3.90.30.00.00
02;02007;SECRETARIA DE EDUCACAO E CULTURA;12;306;1003;2010;AQUIS DE GENEROS ALIMENTICIOS P MERENDA ESCOLAR;339030;571;55000.00;11602;3.3.90.30.00.00
02;02007;SECRETARIA DE EDUCACAO E CULTURA;12;361;1003;1006;AQUIS DE EQUIPAMENTOS P/ SEC DE EDUCACAO;449052;500;200000.00;10921;4.4.90.52.00.00
02;02007;SECRETARIA DE EDUCACAO E CULTURA;12;361;1003;1006;AQUIS DE EQUIPAMENTOS P/ SEC DE EDUCACAO;449052;542;200000.00;11946;4.4.90.52.00.00
02;02007;SECRETARIA DE EDUCACAO E CULTURA;12;361;1003;1007;AQUISICAO DE VEICULO P/ SEC DE EDUCACAO;449052;500;82500.00;10922;4.4.90.52.00.00
02;02007;SECRETARIA DE EDUCACAO E CULTURA;12;361;1003;1007;AQUISICAO DE VEICULO P/ SEC DE EDUCACAO;449052;540;55000.00;11891;4.4.90.52.00.00
02;02007;SECRETARIA DE EDUCACAO E CULTURA;12;361;1003;1007;AQUISICAO DE VEICULO P/ SEC DE EDUCACAO;449052;542;500000.00;11947;4.4.90.52.00.00
02;02007;SECRETARIA DE EDUCACAO E CULTURA;12;361;1003;1007;AQUISICAO DE VEICULO P/ SEC DE EDUCACAO;449052;569;110000.00;11890;4.4.90.52.00.00
02;02007;SECRETARIA DE EDUCACAO E CULTURA;12;361;1003;1007;AQUISICAO DE VEICULO P/ SEC DE EDUCACAO;449052;571;110000.00;11889;4.4.90.52.00.00
02;02007;SECRETARIA DE EDUCACAO E CULTURA;12;361;1003;1008;CONST REFORMA E AMPLICACAO DE UNID EDUCACIONAIS;449051;500;774555.25;10923;4.4.90.51.00.00
02;02007;SECRETARIA DE EDUCACAO E CULTURA;12;361;1003;1008;CONST REFORMA E AMPLICACAO DE UNID EDUCACIONAIS;449051;540;737836.39;11477;4.4.90.51.00.00
02;02007;SECRETARIA DE EDUCACAO E CULTURA;12;361;1003;1008;CONST REFORMA E AMPLICACAO DE UNID EDUCACIONAIS;449051;542;780954.35;11551;4.4.90.51.00.00
02;02007;SECRETARIA DE EDUCACAO E CULTURA;12;361;1003;1008;CONST REFORMA E AMPLICACAO DE UNID EDUCACIONAIS;449051;570;5500.00;11582;4.4.90.51.00.00
02;02007;SECRETARIA DE EDUCACAO E CULTURA;12;361;1003;1008;CONST REFORMA E AMPLICACAO DE UNID EDUCACIONAIS;449051;571;495000.00;11599;4.4.90.51.00.00
02;02007;SECRETARIA DE EDUCACAO E CULTURA;12;361;1003;1008;CONST REFORMA E AMPLICACAO DE UNID EDUCACIONAIS;449051;575;3300.00;11603;4.4.90.51.00.00
02;02007;SECRETARIA DE EDUCACAO E CULTURA;12;361;1003;1008;CONST REFORMA E AMPLICACAO DE UNID EDUCACIONAIS;449061;500;880.00;10940;4.4.90.61.00.00
02;02007;SECRETARIA DE EDUCACAO E CULTURA;12;361;1003;1008;CONST REFORMA E AMPLICACAO DE UNID EDUCACIONAIS;449061;542;10000.00;11538;4.4.90.61.00.00
02;02007;SECRETARIA DE EDUCACAO E CULTURA;12;361;1003;1008;CONST REFORMA E AMPLICACAO DE UNID EDUCACIONAIS;459061;540;10000.00;11458;4.5.90.61.00.00
02;02007;SECRETARIA DE EDUCACAO E CULTURA;12;361;1003;1009;AQUISICAO DE VEICULO P/ TRANSP ESCOLAR;449052;500;455000.00;10924;4.4.90.52.00.00
02;02007;SECRETARIA DE EDUCACAO E CULTURA;12;361;1003;1009;AQUISICAO DE VEICULO P/ TRANSP ESCOLAR;449052;540;220000.00;11476;4.4.90.52.00.00
02;02007;SECRETARIA DE EDUCACAO E CULTURA;12;361;1003;1009;AQUISICAO DE VEICULO P/ TRANSP ESCOLAR;449052;542;930000.00;11552;4.4.90.52.00.00
02;02007;SECRETARIA DE EDUCACAO E CULTURA;12;361;1003;1009;AQUISICAO DE VEICULO P/ TRANSP ESCOLAR;449052;570;165000.00;11581;4.4.90.52.00.00
02;02007;SECRETARIA DE EDUCACAO E CULTURA;12;361;1003;1009;AQUISICAO DE VEICULO P/ TRANSP ESCOLAR;449052;571;110000.00;11600;4.4.90.52.00.00
02;02007;SECRETARIA DE EDUCACAO E CULTURA;12;361;1003;1054;AQUISICAO DE EQUIPAMENTOS PARA UND EDUCACIONAIS;449052;500;355000.00;10926;4.4.90.52.00.00
02;02007;SECRETARIA DE EDUCACAO E CULTURA;12;361;1003;1054;AQUISICAO DE EQUIPAMENTOS PARA UND EDUCACIONAIS;449052;540;110000.00;11475;4.4.90.52.00.00
02;02007;SECRETARIA DE EDUCACAO E CULTURA;12;361;1003;1054;AQUISICAO DE EQUIPAMENTOS PARA UND EDUCACIONAIS;449052;541;255000.00;11496;4.4.90.52.00.00
02;02007;SECRETARIA DE EDUCACAO E CULTURA;12;361;1003;1054;AQUISICAO DE EQUIPAMENTOS PARA UND EDUCACIONAIS;449052;542;165000.00;11544;4.4.90.52.00.00
02;02007;SECRETARIA DE EDUCACAO E CULTURA;12;361;1003;1054;AQUISICAO DE EQUIPAMENTOS PARA UND EDUCACIONAIS;449052;570;55000.00;11584;4.4.90.52.00.00
02;02007;SECRETARIA DE EDUCACAO E CULTURA;12;361;1003;1054;AQUISICAO DE EQUIPAMENTOS PARA UND EDUCACIONAIS;449052;571;55000.00;11596;4.4.90.52.00.00
02;02007;SECRETARIA DE EDUCACAO E CULTURA;12;361;1003;1056;AMPLIAÇÃO E REFORMA DA SECRETARIA DE EDUCAÇÃO;449051;500;200000.10;10927;4.4.90.51.00.00
02;02007;SECRETARIA DE EDUCACAO E CULTURA;12;361;1003;1081;IMPLANTACAO E MANUT DA JUSTICA RESTAURATIVA EMEF;339030;500;5500.00;10930;3.3.90.30.00.00
02;02007;SECRETARIA DE EDUCACAO E CULTURA;12;361;1003;2011;DISTRIBUICAO DE FARDAMENTO/MATERIAL DIDATICO;339032;500;55000.00;10931;3.3.90.32.00.00
02;02007;SECRETARIA DE EDUCACAO E CULTURA;12;361;1003;2011;DISTRIBUICAO DE FARDAMENTO/MATERIAL DIDATICO;339032;542;15000.00;11545;3.3.90.32.00.00
02;02007;SECRETARIA DE EDUCACAO E CULTURA;12;361;1003;2011;DISTRIBUICAO DE FARDAMENTO/MATERIAL DIDATICO;339032;550;33000.00;11474;3.3.90.32.00.00
02;02007;SECRETARIA DE EDUCACAO E CULTURA;12;361;1003;2013;MANUTENCAO DAS ATIVIDADES COM FUNDEB 70%;319004;540;5680885.66;11473;3.1.90.04.00.00
02;02007;SECRETARIA DE EDUCACAO E CULTURA;12;361;1003;2013;MANUTENCAO DAS ATIVIDADES COM FUNDEB 70%;319004;541;400873.51;11497;3.1.90.04.00.00
02;02007;SECRETARIA DE EDUCACAO E CULTURA;12;361;1003;2013;MANUTENCAO DAS ATIVIDADES COM FUNDEB 70%;319004;542;1936800.00;11543;3.1.90.04.00.00
02;02007;SECRETARIA DE EDUCACAO E CULTURA;12;361;1003;2013;MANUTENCAO DAS ATIVIDADES COM FUNDEB 70%;319011;540;13159789.83;11467;3.1.90.11.00.00
02;02007;SECRETARIA DE EDUCACAO E CULTURA;12;361;1003;2013;MANUTENCAO DAS ATIVIDADES COM FUNDEB 70%;319011;541;250000.00;11502;3.1.90.11.00.00
02;02007;SECRETARIA DE EDUCACAO E CULTURA;12;361;1003;2013;MANUTENCAO DAS ATIVIDADES COM FUNDEB 70%;319011;542;1500000.00;11537;3.1.90.11.00.00
02;02007;SECRETARIA DE EDUCACAO E CULTURA;12;361;1003;2013;MANUTENCAO DAS ATIVIDADES COM FUNDEB 70%;319013;540;2808906.26;11471;3.1.90.13.00.00
02;02007;SECRETARIA DE EDUCACAO E CULTURA;12;361;1003;2013;MANUTENCAO DAS ATIVIDADES COM FUNDEB 70%;319013;541;1445631.67;11499;3.1.90.13.00.00
02;02007;SECRETARIA DE EDUCACAO E CULTURA;12;361;1003;2013;MANUTENCAO DAS ATIVIDADES COM FUNDEB 70%;319013;542;440400.00;11541;3.1.90.13.00.00
02;02007;SECRETARIA DE EDUCACAO E CULTURA;12;361;1003;2013;MANUTENCAO DAS ATIVIDADES COM FUNDEB 70%;319091;500;5500.00;10906;3.1.90.91.00.00
02;02007;SECRETARIA DE EDUCACAO E CULTURA;12;361;1003;2013;MANUTENCAO DAS ATIVIDADES COM FUNDEB 70%;319091;541;105500.00;11495;3.1.90.91.00.00
02;02007;SECRETARIA DE EDUCACAO E CULTURA;12;361;1003;2013;MANUTENCAO DAS ATIVIDADES COM FUNDEB 70%;319091;542;5500.00;11546;3.1.90.91.00.00
02;02007;SECRETARIA DE EDUCACAO E CULTURA;12;361;1003;2013;MANUTENCAO DAS ATIVIDADES COM FUNDEB 70%;319113;540;3156738.91;11468;3.1.91.13.00.00
02;02007;SECRETARIA DE EDUCACAO E CULTURA;12;361;1003;2013;MANUTENCAO DAS ATIVIDADES COM FUNDEB 70%;319113;541;202200.00;11501;3.1.91.13.00.00
02;02007;SECRETARIA DE EDUCACAO E CULTURA;12;361;1003;2013;MANUTENCAO DAS ATIVIDADES COM FUNDEB 70%;319113;542;1056000.00;11539;3.1.91.13.00.00
02;02007;SECRETARIA DE EDUCACAO E CULTURA;12;361;1003;2014;MANUTENCAO DAS ATIVIDADES COM FUNDEB 30%;339030;540;745139.59;11470;3.3.90.30.00.00
02;02007;SECRETARIA DE EDUCACAO E CULTURA;12;361;1003;2014;MANUTENCAO DAS ATIVIDADES COM FUNDEB 30%;339030;541;102348.95;11500;3.3.90.30.00.00
02;02007;SECRETARIA DE EDUCACAO E CULTURA;12;361;1003;2014;MANUTENCAO DAS ATIVIDADES COM FUNDEB 30%;339030;542;424788.65;11540;3.3.90.30.00.00
02;02007;SECRETARIA DE EDUCACAO E CULTURA;12;361;1003;2014;MANUTENCAO DAS ATIVIDADES COM FUNDEB 30%;339030;543;127500.00;11469;3.3.90.30.00.00
02;02007;SECRETARIA DE EDUCACAO E CULTURA;12;361;1003;2014;MANUTENCAO DAS ATIVIDADES COM FUNDEB 30%;339032;540;120450.00;11472;3.3.90.32.00.00
02;02007;SECRETARIA DE EDUCACAO E CULTURA;12;361;1003;2014;MANUTENCAO DAS ATIVIDADES COM FUNDEB 30%;339036;540;1760691.60;11463;3.3.90.36.00.00
02;02007;SECRETARIA DE EDUCACAO E CULTURA;12;361;1003;2014;MANUTENCAO DAS ATIVIDADES COM FUNDEB 30%;339036;541;55000.00;11503;3.3.90.36.00.00
02;02007;SECRETARIA DE EDUCACAO E CULTURA;12;361;1003;2014;MANUTENCAO DAS ATIVIDADES COM FUNDEB 30%;339036;542;5500.00;11535;3.3.90.36.00.00
02;02007;SECRETARIA DE EDUCACAO E CULTURA;12;361;1003;2014;MANUTENCAO DAS ATIVIDADES COM FUNDEB 30%;339036;543;155000.00;11498;3.3.90.36.00.00
02;02007;SECRETARIA DE EDUCACAO E CULTURA;12;361;1003;2014;MANUTENCAO DAS ATIVIDADES COM FUNDEB 30%;339039;540;3223893.55;11457;3.3.90.39.00.00
02;02007;SECRETARIA DE EDUCACAO E CULTURA;12;361;1003;2014;MANUTENCAO DAS ATIVIDADES COM FUNDEB 30%;339039;541;102300.98;11504;3.3.90.39.00.00
02;02007;SECRETARIA DE EDUCACAO E CULTURA;12;361;1003;2014;MANUTENCAO DAS ATIVIDADES COM FUNDEB 30%;339039;542;5500.00;11534;3.3.90.39.00.00
02;02007;SECRETARIA DE EDUCACAO E CULTURA;12;361;1003;2014;MANUTENCAO DAS ATIVIDADES COM FUNDEB 30%;339039;543;155000.00;11542;3.3.90.39.00.00
02;02007;SECRETARIA DE EDUCACAO E CULTURA;12;361;1003;2014;MANUTENCAO DAS ATIVIDADES COM FUNDEB 30%;339092;540;71520.68;11465;3.3.90.92.00.00
02;02007;SECRETARIA DE EDUCACAO E CULTURA;12;361;1003;2014;MANUTENCAO DAS ATIVIDADES COM FUNDEB 30%;449052;540;72064.47;11466;4.4.90.52.00.00
02;02007;SECRETARIA DE EDUCACAO E CULTURA;12;361;1003;2014;MANUTENCAO DAS ATIVIDADES COM FUNDEB 30%;449052;542;582.09;11536;4.4.90.52.00.00
02;02007;SECRETARIA DE EDUCACAO E CULTURA;12;361;1003;2015;MANUT DAS ATIV DO ENSINO FUNDAMENTA MDE;319004;500;215500.00;10941;3.1.90.04.00.00
02;02007;SECRETARIA DE EDUCACAO E CULTURA;12;361;1003;2015;MANUT DAS ATIV DO ENSINO FUNDAMENTA MDE;319011;500;543200.00;10942;3.1.90.11.00.00
02;02007;SECRETARIA DE EDUCACAO E CULTURA;12;361;1003;2015;MANUT DAS ATIV DO ENSINO FUNDAMENTA MDE;319013;500;215500.00;10943;3.1.90.13.00.00
02;02007;SECRETARIA DE EDUCACAO E CULTURA;12;361;1003;2015;MANUT DAS ATIV DO ENSINO FUNDAMENTA MDE;319016;500;12100.00;10944;3.1.90.16.00.00
02;02007;SECRETARIA DE EDUCACAO E CULTURA;12;361;1003;2015;MANUT DAS ATIV DO ENSINO FUNDAMENTA MDE;319091;500;12100.00;10945;3.1.90.91.00.00
02;02007;SECRETARIA DE EDUCACAO E CULTURA;12;361;1003;2015;MANUT DAS ATIV DO ENSINO FUNDAMENTA MDE;319113;500;134100.00;10946;3.1.91.13.00.00
02;02007;SECRETARIA DE EDUCACAO E CULTURA;12;361;1003;2015;MANUT DAS ATIV DO ENSINO FUNDAMENTA MDE;335041;500;14300.00;10947;3.3.50.41.00.00
02;02007;SECRETARIA DE EDUCACAO E CULTURA;12;361;1003;2015;MANUT DAS ATIV DO ENSINO FUNDAMENTA MDE;339014;500;17600.00;10948;3.3.90.14.00.00
02;02007;SECRETARIA DE EDUCACAO E CULTURA;12;361;1003;2015;MANUT DAS ATIV DO ENSINO FUNDAMENTA MDE;339018;500;20000.00;10949;3.3.90.18.00.00
02;02007;SECRETARIA DE EDUCACAO E CULTURA;12;361;1003;2015;MANUT DAS ATIV DO ENSINO FUNDAMENTA MDE;339030;500;729074.01;10950;3.3.90.30.00.00
02;02007;SECRETARIA DE EDUCACAO E CULTURA;12;361;1003;2015;MANUT DAS ATIV DO ENSINO FUNDAMENTA MDE;339031;500;11000.00;10951;3.3.90.31.00.00
02;02007;SECRETARIA DE EDUCACAO E CULTURA;12;361;1003;2015;MANUT DAS ATIV DO ENSINO FUNDAMENTA MDE;339032;500;5000.00;10952;3.3.90.32.00.00
02;02007;SECRETARIA DE EDUCACAO E CULTURA;12;361;1003;2015;MANUT DAS ATIV DO ENSINO FUNDAMENTA MDE;339033;500;21000.00;10953;3.3.90.33.00.00
02;02007;SECRETARIA DE EDUCACAO E CULTURA;12;361;1003;2015;MANUT DAS ATIV DO ENSINO FUNDAMENTA MDE;339035;500;51000.00;10954;3.3.90.35.00.00
02;02007;SECRETARIA DE EDUCACAO E CULTURA;12;361;1003;2015;MANUT DAS ATIV DO ENSINO FUNDAMENTA MDE;339036;500;701150.00;10955;3.3.90.36.00.00
02;02007;SECRETARIA DE EDUCACAO E CULTURA;12;361;1003;2015;MANUT DAS ATIV DO ENSINO FUNDAMENTA MDE;339039;500;2102800.00;10956;3.3.90.39.00.00
02;02007;SECRETARIA DE EDUCACAO E CULTURA;12;361;1003;2015;MANUT DAS ATIV DO ENSINO FUNDAMENTA MDE;339041;500;16500.00;10957;3.3.90.41.00.00
02;02007;SECRETARIA DE EDUCACAO E CULTURA;12;361;1003;2015;MANUT DAS ATIV DO ENSINO FUNDAMENTA MDE;339047;500;34100.00;10958;3.3.90.47.00.00
02;02007;SECRETARIA DE EDUCACAO E CULTURA;12;361;1003;2015;MANUT DAS ATIV DO ENSINO FUNDAMENTA MDE;339092;500;1488.40;10959;3.3.90.92.00.00
02;02007;SECRETARIA DE EDUCACAO E CULTURA;12;361;1003;2015;MANUT DAS ATIV DO ENSINO FUNDAMENTA MDE;339093;500;8800.00;10960;3.3.90.93.00.00
02;02007;SECRETARIA DE EDUCACAO E CULTURA;12;361;1003;2015;MANUT DAS ATIV DO ENSINO FUNDAMENTA MDE;449052;500;457200.00;10961;4.4.90.52.00.00
02;02007;SECRETARIA DE EDUCACAO E CULTURA;12;361;1003;2015;MANUT DAS ATIV DO ENSINO FUNDAMENTA MDE;449093;500;23100.00;10962;4.4.90.93.00.00
02;02007;SECRETARIA DE EDUCACAO E CULTURA;12;361;1003;2016;MANUT DAS ATIVID DO ENSINO FUNDAMENTAL FNDE QSE;339030;550;355804.90;11564;3.3.90.30.00.00
02;02007;SECRETARIA DE EDUCACAO E CULTURA;12;361;1003;2016;MANUT DAS ATIVID DO ENSINO FUNDAMENTAL FNDE QSE;339036;550;227700.00;11566;3.3.90.36.00.00
02;02007;SECRETARIA DE EDUCACAO E CULTURA;12;361;1003;2016;MANUT DAS ATIVID DO ENSINO FUNDAMENTAL FNDE QSE;339039;550;127600.00;11567;3.3.90.39.00.00
02;02007;SECRETARIA DE EDUCACAO E CULTURA;12;361;1003;2016;MANUT DAS ATIVID DO ENSINO FUNDAMENTAL FNDE QSE;449052;550;16500.00;11565;4.4.90.52.00.00
02;02007;SECRETARIA DE EDUCACAO E CULTURA;12;361;1003;2017;MANUTENCAO DO TRANSPORTE ESCOLAR;339030;500;14080.00;10964;3.3.90.30.00.00
02;02007;SECRETARIA DE EDUCACAO E CULTURA;12;361;1003;2017;MANUTENCAO DO TRANSPORTE ESCOLAR;339030;540;336152.97;11462;3.3.90.30.00.00
02;02007;SECRETARIA DE EDUCACAO E CULTURA;12;361;1003;2017;MANUTENCAO DO TRANSPORTE ESCOLAR;339030;550;56100.00;11562;3.3.90.30.00.00
02;02007;SECRETARIA DE EDUCACAO E CULTURA;12;361;1003;2017;MANUTENCAO DO TRANSPORTE ESCOLAR;339030;553;23100.00;11575;3.3.90.30.00.00
02;02007;SECRETARIA DE EDUCACAO E CULTURA;12;361;1003;2017;MANUTENCAO DO TRANSPORTE ESCOLAR;339030;571;23100.00;11597;3.3.90.30.00.00
02;02007;SECRETARIA DE EDUCACAO E CULTURA;12;361;1003;2017;MANUTENCAO DO TRANSPORTE ESCOLAR;339036;500;17600.00;10965;3.3.90.36.00.00
02;02007;SECRETARIA DE EDUCACAO E CULTURA;12;361;1003;2017;MANUTENCAO DO TRANSPORTE ESCOLAR;339036;540;5885.00;11461;3.3.90.36.00.00
02;02007;SECRETARIA DE EDUCACAO E CULTURA;12;361;1003;2017;MANUTENCAO DO TRANSPORTE ESCOLAR;339036;550;23100.00;11563;3.3.90.36.00.00
02;02007;SECRETARIA DE EDUCACAO E CULTURA;12;361;1003;2017;MANUTENCAO DO TRANSPORTE ESCOLAR;339036;553;23100.00;11574;3.3.90.36.00.00
02;02007;SECRETARIA DE EDUCACAO E CULTURA;12;361;1003;2017;MANUTENCAO DO TRANSPORTE ESCOLAR;339036;571;23100.00;11598;3.3.90.36.00.00
02;02007;SECRETARIA DE EDUCACAO E CULTURA;12;361;1003;2017;MANUTENCAO DO TRANSPORTE ESCOLAR;339039;500;2200.00;10966;3.3.90.39.00.00
02;02007;SECRETARIA DE EDUCACAO E CULTURA;12;361;1003;2017;MANUTENCAO DO TRANSPORTE ESCOLAR;339039;540;956952.88;11460;3.3.90.39.00.00
02;02007;SECRETARIA DE EDUCACAO E CULTURA;12;361;1003;2017;MANUTENCAO DO TRANSPORTE ESCOLAR;339039;550;1676995.10;11568;3.3.90.39.00.00
02;02007;SECRETARIA DE EDUCACAO E CULTURA;12;361;1003;2017;MANUTENCAO DO TRANSPORTE ESCOLAR;339039;553;262900.00;11570;3.3.90.39.00.00
02;02007;SECRETARIA DE EDUCACAO E CULTURA;12;361;1003;2017;MANUTENCAO DO TRANSPORTE ESCOLAR;339039;571;150700.00;11595;3.3.90.39.00.00
02;02007;SECRETARIA DE EDUCACAO E CULTURA;12;361;1003;2017;MANUTENCAO DO TRANSPORTE ESCOLAR;339047;500;5500.00;10967;3.3.90.47.00.00
02;02007;SECRETARIA DE EDUCACAO E CULTURA;12;361;1003;2017;MANUTENCAO DO TRANSPORTE ESCOLAR;339047;553;5500.00;11571;3.3.90.47.00.00
02;02007;SECRETARIA DE EDUCACAO E CULTURA;12;361;1003;2017;MANUTENCAO DO TRANSPORTE ESCOLAR;339093;553;9900.00;11572;3.3.90.93.00.00
02;02007;SECRETARIA DE EDUCACAO E CULTURA;12;361;1003;2017;MANUTENCAO DO TRANSPORTE ESCOLAR;339093;571;11000.00;11594;3.3.90.93.00.00
02;02007;SECRETARIA DE EDUCACAO E CULTURA;12;361;1003;2017;MANUTENCAO DO TRANSPORTE ESCOLAR;449093;553;11000.00;11573;4.4.90.93.00.00
02;02007;SECRETARIA DE EDUCACAO E CULTURA;12;361;1003;2119;MANUTENÇÃO DAS ATIVIDADES DE ALFABETIZAÇÃO;319004;540;2016500.00;11487;3.1.90.04.00.00
02;02007;SECRETARIA DE EDUCACAO E CULTURA;12;361;1003;2119;MANUTENÇÃO DAS ATIVIDADES DE ALFABETIZAÇÃO;319004;541;166000.00;11494;3.1.90.04.00.00
02;02007;SECRETARIA DE EDUCACAO E CULTURA;12;361;1003;2119;MANUTENÇÃO DAS ATIVIDADES DE ALFABETIZAÇÃO;319004;542;23150.61;11548;3.1.90.04.00.00
02;02007;SECRETARIA DE EDUCACAO E CULTURA;12;361;1003;2119;MANUTENÇÃO DAS ATIVIDADES DE ALFABETIZAÇÃO;319011;540;3016500.00;11488;3.1.90.11.00.00
02;02007;SECRETARIA DE EDUCACAO E CULTURA;12;361;1003;2119;MANUTENÇÃO DAS ATIVIDADES DE ALFABETIZAÇÃO;319011;541;111000.00;11493;3.1.90.11.00.00
02;02007;SECRETARIA DE EDUCACAO E CULTURA;12;361;1003;2119;MANUTENÇÃO DAS ATIVIDADES DE ALFABETIZAÇÃO;319011;542;11000.00;11549;3.1.90.11.00.00
02;02007;SECRETARIA DE EDUCACAO E CULTURA;12;361;1003;2119;MANUTENÇÃO DAS ATIVIDADES DE ALFABETIZAÇÃO;319013;540;5011000.00;11489;3.1.90.13.00.00
02;02007;SECRETARIA DE EDUCACAO E CULTURA;12;361;1003;2119;MANUTENÇÃO DAS ATIVIDADES DE ALFABETIZAÇÃO;319013;542;3141.95;11550;3.1.90.13.00.00
02;02007;SECRETARIA DE EDUCACAO E CULTURA;12;361;1003;2119;MANUTENÇÃO DAS ATIVIDADES DE ALFABETIZAÇÃO;319013;543;138500.00;11559;3.1.90.13.00.00
02;02007;SECRETARIA DE EDUCACAO E CULTURA;12;361;1003;2119;MANUTENÇÃO DAS ATIVIDADES DE ALFABETIZAÇÃO;319091;500;5500.00;10905;3.1.90.91.00.00
02;02007;SECRETARIA DE EDUCACAO E CULTURA;12;361;1003;2119;MANUTENÇÃO DAS ATIVIDADES DE ALFABETIZAÇÃO;319113;540;5906165.14;11486;3.1.91.13.00.00
02;02007;SECRETARIA DE EDUCACAO E CULTURA;12;361;1003;2119;MANUTENÇÃO DAS ATIVIDADES DE ALFABETIZAÇÃO;319113;541;127500.00;11492;3.1.91.13.00.00
02;02007;SECRETARIA DE EDUCACAO E CULTURA;12;361;1003;2119;MANUTENÇÃO DAS ATIVIDADES DE ALFABETIZAÇÃO;319113;542;23298.94;11547;3.1.91.13.00.00
02;02007;SECRETARIA DE EDUCACAO E CULTURA;12;361;1003;2119;MANUTENÇÃO DAS ATIVIDADES DE ALFABETIZAÇÃO;339030;543;56500.00;11557;3.3.90.30.00.00
02;02007;SECRETARIA DE EDUCACAO E CULTURA;12;361;1003;2119;MANUTENÇÃO DAS ATIVIDADES DE ALFABETIZAÇÃO;339036;543;67500.00;11558;3.3.90.36.00.00
02;02007;SECRETARIA DE EDUCACAO E CULTURA;12;361;1003;2127;AÇÕES DE FOMENTO A ATIVIDADE DE ESCOLA INTEGRAL;339030;569;16500.00;11938;3.3.90.30.00.00
02;02007;SECRETARIA DE EDUCACAO E CULTURA;12;361;1003;2127;AÇÕES DE FOMENTO A ATIVIDADE DE ESCOLA INTEGRAL;339036;569;22000.00;11939;3.3.90.36.00.00
02;02007;SECRETARIA DE EDUCACAO E CULTURA;12;361;1003;2127;AÇÕES DE FOMENTO A ATIVIDADE DE ESCOLA INTEGRAL;339039;569;16500.00;11940;3.3.90.39.00.00
02;02007;SECRETARIA DE EDUCACAO E CULTURA;12;361;1003;2127;AÇÕES DE FOMENTO A ATIVIDADE DE ESCOLA INTEGRAL;449052;569;22000.00;11941;4.4.90.52.00.00
02;02007;SECRETARIA DE EDUCACAO E CULTURA;12;361;1003;2128;MANUTENÇÃO DAS AÇÕES CUSTEADAS COM PDDE - FNDE;339030;551;2500.00;11942;3.3.90.30.00.00
02;02007;SECRETARIA DE EDUCACAO E CULTURA;12;361;1003;2128;MANUTENÇÃO DAS AÇÕES CUSTEADAS COM PDDE - FNDE;339036;551;3000.00;11943;3.3.90.36.00.00
02;02007;SECRETARIA DE EDUCACAO E CULTURA;12;361;1003;2128;MANUTENÇÃO DAS AÇÕES CUSTEADAS COM PDDE - FNDE;339039;551;3000.00;11944;3.3.90.39.00.00
02;02007;SECRETARIA DE EDUCACAO E CULTURA;12;361;1003;2128;MANUTENÇÃO DAS AÇÕES CUSTEADAS COM PDDE - FNDE;449052;551;2500.00;11945;4.4.90.52.00.00
02;02007;SECRETARIA DE EDUCACAO E CULTURA;12;361;1009;1093;CONSTRUÇÃO DE QUADRAS DE ESPORTES NAS ESCOLAS;449051;500;165000.00;10971;4.4.90.51.00.00
02;02007;SECRETARIA DE EDUCACAO E CULTURA;12;361;1009;1093;CONSTRUÇÃO DE QUADRAS DE ESPORTES NAS ESCOLAS;449051;570;275000.00;11586;4.4.90.51.00.00
02;02007;SECRETARIA DE EDUCACAO E CULTURA;12;361;1009;1093;CONSTRUÇÃO DE QUADRAS DE ESPORTES NAS ESCOLAS;449051;571;330000.00;11592;4.4.90.51.00.00
02;02007;SECRETARIA DE EDUCACAO E CULTURA;12;365;1003;2022;MANUTENCAO DA BRINQUEDOTECA MUNICIPAL;339030;500;11550.00;10972;3.3.90.30.00.00
02;02007;SECRETARIA DE EDUCACAO E CULTURA;12;365;1003;2022;MANUTENCAO DA BRINQUEDOTECA MUNICIPAL;339030;542;15000.00;11520;3.3.90.30.00.00
02;02007;SECRETARIA DE EDUCACAO E CULTURA;12;365;1003;2022;MANUTENCAO DA BRINQUEDOTECA MUNICIPAL;339036;500;11550.00;11004;3.3.90.36.00.00
02;02007;SECRETARIA DE EDUCACAO E CULTURA;12;365;1003;2022;MANUTENCAO DA BRINQUEDOTECA MUNICIPAL;339036;542;15000.00;11555;3.3.90.36.00.00
02;02007;SECRETARIA DE EDUCACAO E CULTURA;12;365;1003;2022;MANUTENCAO DA BRINQUEDOTECA MUNICIPAL;339039;542;15000.00;11556;3.3.90.39.00.00
02;02007;SECRETARIA DE EDUCACAO E CULTURA;12;365;1003;2022;MANUTENCAO DA BRINQUEDOTECA MUNICIPAL;449052;500;11550.00;11005;4.4.90.52.00.00
02;02007;SECRETARIA DE EDUCACAO E CULTURA;12;365;1003;2022;MANUTENCAO DA BRINQUEDOTECA MUNICIPAL;449052;542;15000.00;11554;4.4.90.52.00.00
02;02007;SECRETARIA DE EDUCACAO E CULTURA;12;365;1003;2022;MANUTENCAO DA BRINQUEDOTECA MUNICIPAL;449052;570;11000.00;11588;4.4.90.52.00.00
02;02007;SECRETARIA DE EDUCACAO E CULTURA;12;365;1004;2101;MANUTENCAO DO NÚCLEO TRANSFORMAR;319004;500;19800.00;10991;3.1.90.04.00.00
02;02007;SECRETARIA DE EDUCACAO E CULTURA;12;365;1004;2101;MANUTENCAO DO NÚCLEO TRANSFORMAR;319011;500;40700.00;10992;3.1.90.11.00.00
02;02007;SECRETARIA DE EDUCACAO E CULTURA;12;365;1004;2101;MANUTENCAO DO NÚCLEO TRANSFORMAR;319013;500;6600.00;10993;3.1.90.13.00.00
02;02007;SECRETARIA DE EDUCACAO E CULTURA;12;365;1004;2101;MANUTENCAO DO NÚCLEO TRANSFORMAR;319113;500;6600.00;10994;3.1.91.13.00.00
02;02007;SECRETARIA DE EDUCACAO E CULTURA;12;365;1004;2101;MANUTENCAO DO NÚCLEO TRANSFORMAR;339030;500;12100.00;10995;3.3.90.30.00.00
02;02007;SECRETARIA DE EDUCACAO E CULTURA;12;365;1004;2101;MANUTENCAO DO NÚCLEO TRANSFORMAR;339032;500;18700.00;10996;3.3.90.32.00.00
02;02007;SECRETARIA DE EDUCACAO E CULTURA;12;365;1004;2101;MANUTENCAO DO NÚCLEO TRANSFORMAR;339036;500;33000.00;10997;3.3.90.36.00.00
02;02007;SECRETARIA DE EDUCACAO E CULTURA;12;365;1004;2101;MANUTENCAO DO NÚCLEO TRANSFORMAR;339039;500;12100.00;10998;3.3.90.39.00.00
02;02007;SECRETARIA DE EDUCACAO E CULTURA;12;365;1004;2101;MANUTENCAO DO NÚCLEO TRANSFORMAR;339048;500;6600.00;10999;3.3.90.48.00.00
02;02007;SECRETARIA DE EDUCACAO E CULTURA;12;365;5000;1094;CONSTRUÇÃO, REFORMA E AMPLIAÇÃO DE CRECHES;449051;500;31680.00;10968;4.4.90.51.00.00
02;02007;SECRETARIA DE EDUCACAO E CULTURA;12;365;5000;1094;CONSTRUÇÃO, REFORMA E AMPLIAÇÃO DE CRECHES;449051;540;165000.00;11456;4.4.90.51.00.00
02;02007;SECRETARIA DE EDUCACAO E CULTURA;12;365;5000;1094;CONSTRUÇÃO, REFORMA E AMPLIAÇÃO DE CRECHES;449051;541;255000.00;11505;4.4.90.51.00.00
02;02007;SECRETARIA DE EDUCACAO E CULTURA;12;365;5000;1094;CONSTRUÇÃO, REFORMA E AMPLIAÇÃO DE CRECHES;449051;542;731600.12;11533;4.4.90.51.00.00
02;02007;SECRETARIA DE EDUCACAO E CULTURA;12;365;5000;1094;CONSTRUÇÃO, REFORMA E AMPLIAÇÃO DE CRECHES;449051;570;385000.00;11585;4.4.90.51.00.00
02;02007;SECRETARIA DE EDUCACAO E CULTURA;12;365;5000;1094;CONSTRUÇÃO, REFORMA E AMPLIAÇÃO DE CRECHES;449051;571;330000.00;11593;4.4.90.51.00.00
02;02007;SECRETARIA DE EDUCACAO E CULTURA;12;365;5000;1094;CONSTRUÇÃO, REFORMA E AMPLIAÇÃO DE CRECHES;459061;500;77000.00;10969;4.5.90.61.00.00
02;02007;SECRETARIA DE EDUCACAO E CULTURA;12;365;5000;1095;AQUISIÇÃO DE EQUIPAMENTOS PARA EDUCAÇÃO INFANTIL;449052;500;57750.00;10970;4.4.90.52.00.00
02;02007;SECRETARIA DE EDUCACAO E CULTURA;12;365;5000;1095;AQUISIÇÃO DE EQUIPAMENTOS PARA EDUCAÇÃO INFANTIL;449052;540;55000.00;11454;4.4.90.52.00.00
02;02007;SECRETARIA DE EDUCACAO E CULTURA;12;365;5000;1095;AQUISIÇÃO DE EQUIPAMENTOS PARA EDUCAÇÃO INFANTIL;449052;541;357750.00;11510;4.4.90.52.00.00
02;02007;SECRETARIA DE EDUCACAO E CULTURA;12;365;5000;1095;AQUISIÇÃO DE EQUIPAMENTOS PARA EDUCAÇÃO INFANTIL;449052;542;555000.00;11528;4.4.90.52.00.00
02;02007;SECRETARIA DE EDUCACAO E CULTURA;12;365;5000;2115;MANUTENÇÃO DO ENSINO INFANTIL;319004;540;274140.21;11481;3.1.90.04.00.00
02;02007;SECRETARIA DE EDUCACAO E CULTURA;12;365;5000;2115;MANUTENÇÃO DO ENSINO INFANTIL;319004;541;23100.00;11511;3.1.90.04.00.00
02;02007;SECRETARIA DE EDUCACAO E CULTURA;12;365;5000;2115;MANUTENÇÃO DO ENSINO INFANTIL;319004;542;5031513.89;11527;3.1.90.04.00.00
02;02007;SECRETARIA DE EDUCACAO E CULTURA;12;365;5000;2115;MANUTENÇÃO DO ENSINO INFANTIL;319011;540;129216.84;11480;3.1.90.11.00.00
02;02007;SECRETARIA DE EDUCACAO E CULTURA;12;365;5000;2115;MANUTENÇÃO DO ENSINO INFANTIL;319011;541;119116.60;11508;3.1.90.11.00.00
02;02007;SECRETARIA DE EDUCACAO E CULTURA;12;365;5000;2115;MANUTENÇÃO DO ENSINO INFANTIL;319011;542;3193211.35;11530;3.1.90.11.00.00
02;02007;SECRETARIA DE EDUCACAO E CULTURA;12;365;5000;2115;MANUTENÇÃO DO ENSINO INFANTIL;319013;540;16500.00;11482;3.1.90.13.00.00
02;02007;SECRETARIA DE EDUCACAO E CULTURA;12;365;5000;2115;MANUTENÇÃO DO ENSINO INFANTIL;319013;541;113690.23;11509;3.1.90.13.00.00
02;02007;SECRETARIA DE EDUCACAO E CULTURA;12;365;5000;2115;MANUTENÇÃO DO ENSINO INFANTIL;319013;542;550000.00;11529;3.1.90.13.00.00
02;02007;SECRETARIA DE EDUCACAO E CULTURA;12;365;5000;2115;MANUTENÇÃO DO ENSINO INFANTIL;319113;540;16500.00;11483;3.1.91.13.00.00
02;02007;SECRETARIA DE EDUCACAO E CULTURA;12;365;5000;2115;MANUTENÇÃO DO ENSINO INFANTIL;319113;541;556600.00;11507;3.1.91.13.00.00
02;02007;SECRETARIA DE EDUCACAO E CULTURA;12;365;5000;2115;MANUTENÇÃO DO ENSINO INFANTIL;319113;542;2525958.05;11531;3.1.91.13.00.00
02;02007;SECRETARIA DE EDUCACAO E CULTURA;12;365;5000;2115;MANUTENÇÃO DO ENSINO INFANTIL;339030;569;55000.00;11577;3.3.90.30.00.00
02;02007;SECRETARIA DE EDUCACAO E CULTURA;12;365;5000;2115;MANUTENÇÃO DO ENSINO INFANTIL;339036;569;55000.00;11578;3.3.90.36.00.00
02;02007;SECRETARIA DE EDUCACAO E CULTURA;12;365;5000;2115;MANUTENÇÃO DO ENSINO INFANTIL;339039;569;55000.00;11576;3.3.90.39.00.00
02;02007;SECRETARIA DE EDUCACAO E CULTURA;12;365;5000;2116;MANUTENÇÃO DE CRECHES;319004;540;16500.00;11455;3.1.90.04.00.00
02;02007;SECRETARIA DE EDUCACAO E CULTURA;12;365;5000;2116;MANUTENÇÃO DE CRECHES;319004;541;419800.00;11506;3.1.90.04.00.00
02;02007;SECRETARIA DE EDUCACAO E CULTURA;12;365;5000;2116;MANUTENÇÃO DE CRECHES;319004;542;1210000.00;11532;3.1.90.04.00.00
02;02007;SECRETARIA DE EDUCACAO E CULTURA;12;365;5000;2116;MANUTENÇÃO DE CRECHES;319011;540;305486.52;11450;3.1.90.11.00.00
02;02007;SECRETARIA DE EDUCACAO E CULTURA;12;365;5000;2116;MANUTENÇÃO DE CRECHES;319011;541;1957000.00;11515;3.1.90.11.00.00
02;02007;SECRETARIA DE EDUCACAO E CULTURA;12;365;5000;2116;MANUTENÇÃO DE CRECHES;319011;542;187000.00;11523;3.1.90.11.00.00
02;02007;SECRETARIA DE EDUCACAO E CULTURA;12;365;5000;2116;MANUTENÇÃO DE CRECHES;319013;540;16500.00;11451;3.1.90.13.00.00
02;02007;SECRETARIA DE EDUCACAO E CULTURA;12;365;5000;2116;MANUTENÇÃO DE CRECHES;319013;541;355500.00;11514;3.1.90.13.00.00
02;02007;SECRETARIA DE EDUCACAO E CULTURA;12;365;5000;2116;MANUTENÇÃO DE CRECHES;319013;542;101200.00;11524;3.1.90.13.00.00
02;02007;SECRETARIA DE EDUCACAO E CULTURA;12;365;5000;2116;MANUTENÇÃO DE CRECHES;319113;540;16500.00;11452;3.1.91.13.00.00
02;02007;SECRETARIA DE EDUCACAO E CULTURA;12;365;5000;2116;MANUTENÇÃO DE CRECHES;319113;541;1284000.00;11513;3.1.91.13.00.00
02;02007;SECRETARIA DE EDUCACAO E CULTURA;12;365;5000;2116;MANUTENÇÃO DE CRECHES;319113;542;118800.00;11525;3.1.91.13.00.00
02;02007;SECRETARIA DE EDUCACAO E CULTURA;12;365;5000;2116;MANUTENÇÃO DE CRECHES;339030;540;11000.00;11453;3.3.90.30.00.00
02;02007;SECRETARIA DE EDUCACAO E CULTURA;12;365;5000;2116;MANUTENÇÃO DE CRECHES;339030;541;433000.00;11512;3.3.90.30.00.00
02;02007;SECRETARIA DE EDUCACAO E CULTURA;12;365;5000;2116;MANUTENÇÃO DE CRECHES;339030;542;44000.00;11526;3.3.90.30.00.00
02;02007;SECRETARIA DE EDUCACAO E CULTURA;12;365;5000;2116;MANUTENÇÃO DE CRECHES;339036;540;11000.00;11448;3.3.90.36.00.00
02;02007;SECRETARIA DE EDUCACAO E CULTURA;12;365;5000;2116;MANUTENÇÃO DE CRECHES;339036;541;411000.00;11517;3.3.90.36.00.00
02;02007;SECRETARIA DE EDUCACAO E CULTURA;12;365;5000;2116;MANUTENÇÃO DE CRECHES;339036;542;11000.00;11521;3.3.90.36.00.00
02;02007;SECRETARIA DE EDUCACAO E CULTURA;12;365;5000;2116;MANUTENÇÃO DE CRECHES;339039;540;34100.00;11449;3.3.90.39.00.00
02;02007;SECRETARIA DE EDUCACAO E CULTURA;12;365;5000;2116;MANUTENÇÃO DE CRECHES;339039;541;534100.00;11516;3.3.90.39.00.00
02;02007;SECRETARIA DE EDUCACAO E CULTURA;12;365;5000;2116;MANUTENÇÃO DE CRECHES;339039;542;11000.00;11522;3.3.90.39.00.00
02;02007;SECRETARIA DE EDUCACAO E CULTURA;12;365;5000;2116;MANUTENÇÃO DE CRECHES;449052;540;11000.00;11447;4.4.90.52.00.00
02;02007;SECRETARIA DE EDUCACAO E CULTURA;12;365;5000;2116;MANUTENÇÃO DE CRECHES;449052;541;902288.06;11518;4.4.90.52.00.00
02;02007;SECRETARIA DE EDUCACAO E CULTURA;12;365;5000;2116;MANUTENÇÃO DE CRECHES;449052;542;110000.00;11519;4.4.90.52.00.00
02;02007;SECRETARIA DE EDUCACAO E CULTURA;13;392;1008;1096;AQUISIÇÃO DE EQUIP P BANDAS MARCIAIS E FANFARRAS;449052;500;27500.00;10925;4.4.90.52.00.00
02;02007;SECRETARIA DE EDUCACAO E CULTURA;13;392;1008;1096;AQUISIÇÃO DE EQUIP P BANDAS MARCIAIS E FANFARRAS;449052;701;11000.00;11579;4.4.90.52.00.00
02;02007;SECRETARIA DE EDUCACAO E CULTURA;13;392;1015;1012;MANUTENCAO/REESTRUTURACAO DA BIBLIOTECA MUNICIPAL;339030;500;11000.00;11000;3.3.90.30.00.00
02;02007;SECRETARIA DE EDUCACAO E CULTURA;13;392;1015;1012;MANUTENCAO/REESTRUTURACAO DA BIBLIOTECA MUNICIPAL;449052;500;11000.00;11001;4.4.90.52.00.00
02;02007;SECRETARIA DE EDUCACAO E CULTURA;13;392;1015;1013;REESTRUTURACAO DA BANDA FILARMONICA MUNICIPAL;339030;500;3300.00;11002;3.3.90.30.00.00
02;02007;SECRETARIA DE EDUCACAO E CULTURA;13;392;1015;1013;REESTRUTURACAO DA BANDA FILARMONICA MUNICIPAL;449052;500;11000.00;11003;4.4.90.52.00.00
02;02007;SECRETARIA DE EDUCACAO E CULTURA;13;392;1015;1013;REESTRUTURACAO DA BANDA FILARMONICA MUNICIPAL;449052;570;55000.00;11589;4.4.90.52.00.00
02;02007;SECRETARIA DE EDUCACAO E CULTURA;13;392;1015;1013;REESTRUTURACAO DA BANDA FILARMONICA MUNICIPAL;449052;571;66000.00;11591;4.4.90.52.00.00
02;02007;SECRETARIA DE EDUCACAO E CULTURA;13;392;1015;1051;CONST REF/AMPL E CRIACAO DO CENTRO CULT.ARTESANATO;449051;500;22000.00;11006;4.4.90.51.00.00
02;02007;SECRETARIA DE EDUCACAO E CULTURA;13;392;1015;1051;CONST REF/AMPL E CRIACAO DO CENTRO CULT.ARTESANATO;449052;570;46200.00;11587;4.4.90.52.00.00
02;02007;SECRETARIA DE EDUCACAO E CULTURA;13;392;1015;2024;PROMOCAO DE EVENTOS SOCIAIS ARTISTICOS E CULTURAIS;339036;500;27500.00;10975;3.3.90.36.00.00
02;02007;SECRETARIA DE EDUCACAO E CULTURA;13;392;1015;2025;MANUTENCAO DAS ATIVIDADES CULTURAIS;319011;500;683100.00;10977;3.1.90.11.00.00
02;02007;SECRETARIA DE EDUCACAO E CULTURA;13;392;1015;2025;MANUTENCAO DAS ATIVIDADES CULTURAIS;319013;500;26400.00;10978;3.1.90.13.00.00
02;02007;SECRETARIA DE EDUCACAO E CULTURA;13;392;1015;2025;MANUTENCAO DAS ATIVIDADES CULTURAIS;319113;500;370700.00;10979;3.1.91.13.00.00
02;02007;SECRETARIA DE EDUCACAO E CULTURA;13;392;1015;2025;MANUTENCAO DAS ATIVIDADES CULTURAIS;339014;500;2200.00;10980;3.3.90.14.00.00
02;02007;SECRETARIA DE EDUCACAO E CULTURA;13;392;1015;2025;MANUTENCAO DAS ATIVIDADES CULTURAIS;339030;500;17050.00;10981;3.3.90.30.00.00
02;02007;SECRETARIA DE EDUCACAO E CULTURA;13;392;1015;2025;MANUTENCAO DAS ATIVIDADES CULTURAIS;339031;500;13200.00;10982;3.3.90.31.00.00
02;02007;SECRETARIA DE EDUCACAO E CULTURA;13;392;1015;2025;MANUTENCAO DAS ATIVIDADES CULTURAIS;339032;500;16500.00;10983;3.3.90.32.00.00
02;02007;SECRETARIA DE EDUCACAO E CULTURA;13;392;1015;2025;MANUTENCAO DAS ATIVIDADES CULTURAIS;339032;719;55000.00;11905;3.3.90.32.00.00
02;02007;SECRETARIA DE EDUCACAO E CULTURA;13;392;1015;2025;MANUTENCAO DAS ATIVIDADES CULTURAIS;339035;719;5500.00;11906;3.3.90.35.00.00
02;02007;SECRETARIA DE EDUCACAO E CULTURA;13;392;1015;2025;MANUTENCAO DAS ATIVIDADES CULTURAIS;339036;500;39600.00;10984;3.3.90.36.00.00
02;02007;SECRETARIA DE EDUCACAO E CULTURA;13;392;1015;2025;MANUTENCAO DAS ATIVIDADES CULTURAIS;339036;719;4400.00;11907;3.3.90.36.00.00
02;02007;SECRETARIA DE EDUCACAO E CULTURA;13;392;1015;2025;MANUTENCAO DAS ATIVIDADES CULTURAIS;339039;500;27500.00;10985;3.3.90.39.00.00
02;02007;SECRETARIA DE EDUCACAO E CULTURA;13;392;1015;2025;MANUTENCAO DAS ATIVIDADES CULTURAIS;339039;719;5500.00;11908;3.3.90.39.00.00
02;02007;SECRETARIA DE EDUCACAO E CULTURA;13;392;1015;2025;MANUTENCAO DAS ATIVIDADES CULTURAIS;449052;500;13200.00;10986;4.4.90.52.00.00
02;02007;SECRETARIA DE EDUCACAO E CULTURA;13;392;1015;2085;IMPLANTAÇÃO E MANUT. DE ESCOLA DE MUSICA E ARTES;339030;500;11000.00;10987;3.3.90.30.00.00
02;02007;SECRETARIA DE EDUCACAO E CULTURA;13;392;1015;2085;IMPLANTAÇÃO E MANUT. DE ESCOLA DE MUSICA E ARTES;339036;500;6600.00;10988;3.3.90.36.00.00
02;02007;SECRETARIA DE EDUCACAO E CULTURA;13;392;1015;2085;IMPLANTAÇÃO E MANUT. DE ESCOLA DE MUSICA E ARTES;339039;500;6600.00;10989;3.3.90.39.00.00
02;02007;SECRETARIA DE EDUCACAO E CULTURA;13;392;1015;2085;IMPLANTAÇÃO E MANUT. DE ESCOLA DE MUSICA E ARTES;449052;500;16500.00;10990;4.4.90.52.00.00
02;02008;SECRETARIA DE ESPORTE E LASER;27;812;1016;1015;CONST REF E AMPLIAC DE ESPACOS P PRATICA ESPORTIVA;449051;500;934078.75;11052;4.4.90.51.00.00
02;02008;SECRETARIA DE ESPORTE E LASER;27;812;1016;1015;CONST REF E AMPLIAC DE ESPACOS P PRATICA ESPORTIVA;449051;700;38380.36;11826;4.4.90.51.00.00
02;02008;SECRETARIA DE ESPORTE E LASER;27;812;1016;1015;CONST REF E AMPLIAC DE ESPACOS P PRATICA ESPORTIVA;449051;701;911750.64;11833;4.4.90.51.00.00
02;02008;SECRETARIA DE ESPORTE E LASER;27;812;1016;1015;CONST REF E AMPLIAC DE ESPACOS P PRATICA ESPORTIVA;459061;500;27500.00;11053;4.5.90.61.00.00
02;02008;SECRETARIA DE ESPORTE E LASER;27;812;1016;1016;CONSTRUCAO DE UMA VILA OLIMPICA;449051;500;678605.36;11054;4.4.90.51.00.00
02;02008;SECRETARIA DE ESPORTE E LASER;27;812;1016;1016;CONSTRUCAO DE UMA VILA OLIMPICA;449051;570;649000.00;11590;4.4.90.51.00.00
02;02008;SECRETARIA DE ESPORTE E LASER;27;812;1016;1075;AQUISIÇÃO DE VEICULO PARA SEC ESPORTES;449052;500;19800.00;11007;4.4.90.52.00.00
02;02008;SECRETARIA DE ESPORTE E LASER;27;812;1016;1076;AQUISIÇÃO DE EQUIPAMENTOS PARA SEC DE ESPORTES;449052;500;4400.00;11008;4.4.90.52.00.00
02;02008;SECRETARIA DE ESPORTE E LASER;27;812;1016;2026;MANUTENCAO DAS ATIV DA SEC DE ESPORTES;319004;500;16500.00;11892;3.1.90.04.00.00
02;02008;SECRETARIA DE ESPORTE E LASER;27;812;1016;2026;MANUTENCAO DAS ATIV DA SEC DE ESPORTES;319011;500;354200.00;11009;3.1.90.11.00.00
02;02008;SECRETARIA DE ESPORTE E LASER;27;812;1016;2026;MANUTENCAO DAS ATIV DA SEC DE ESPORTES;319013;500;55000.00;11010;3.1.90.13.00.00
02;02008;SECRETARIA DE ESPORTE E LASER;27;812;1016;2026;MANUTENCAO DAS ATIV DA SEC DE ESPORTES;319113;500;79200.00;11011;3.1.91.13.00.00
02;02008;SECRETARIA DE ESPORTE E LASER;27;812;1016;2026;MANUTENCAO DAS ATIV DA SEC DE ESPORTES;335041;500;37400.00;11012;3.3.50.41.00.00
02;02008;SECRETARIA DE ESPORTE E LASER;27;812;1016;2026;MANUTENCAO DAS ATIV DA SEC DE ESPORTES;335043;500;6600.00;11013;3.3.50.43.00.00
02;02008;SECRETARIA DE ESPORTE E LASER;27;812;1016;2026;MANUTENCAO DAS ATIV DA SEC DE ESPORTES;339014;500;2200.00;11014;3.3.90.14.00.00
02;02008;SECRETARIA DE ESPORTE E LASER;27;812;1016;2026;MANUTENCAO DAS ATIV DA SEC DE ESPORTES;339018;500;13200.00;11015;3.3.90.18.00.00
02;02008;SECRETARIA DE ESPORTE E LASER;27;812;1016;2026;MANUTENCAO DAS ATIV DA SEC DE ESPORTES;339030;500;16500.00;11016;3.3.90.30.00.00
02;02008;SECRETARIA DE ESPORTE E LASER;27;812;1016;2026;MANUTENCAO DAS ATIV DA SEC DE ESPORTES;339031;500;6600.00;11017;3.3.90.31.00.00
02;02008;SECRETARIA DE ESPORTE E LASER;27;812;1016;2026;MANUTENCAO DAS ATIV DA SEC DE ESPORTES;339032;500;11000.00;11018;3.3.90.32.00.00
02;02008;SECRETARIA DE ESPORTE E LASER;27;812;1016;2026;MANUTENCAO DAS ATIV DA SEC DE ESPORTES;339036;500;18700.00;11019;3.3.90.36.00.00
02;02008;SECRETARIA DE ESPORTE E LASER;27;812;1016;2026;MANUTENCAO DAS ATIV DA SEC DE ESPORTES;339039;500;226396.50;11020;3.3.90.39.00.00
02;02008;SECRETARIA DE ESPORTE E LASER;27;812;1016;2026;MANUTENCAO DAS ATIV DA SEC DE ESPORTES;449052;500;2200.00;11021;4.4.90.52.00.00
02;02009;SECRETARIA DE ASSISTÊNCIA E SERVIÇO SOCIAL;08;241;1005;2035;MANUTENCAO DO GRUPO DA TERCEIRA IDADE;319004;660;22000.00;11787;3.1.90.04.00.00
02;02009;SECRETARIA DE ASSISTÊNCIA E SERVIÇO SOCIAL;08;241;1005;2035;MANUTENCAO DO GRUPO DA TERCEIRA IDADE;319011;660;8800.00;11786;3.1.90.11.00.00
02;02009;SECRETARIA DE ASSISTÊNCIA E SERVIÇO SOCIAL;08;241;1005;2035;MANUTENCAO DO GRUPO DA TERCEIRA IDADE;319013;500;3300.00;11374;3.1.90.13.00.00
02;02009;SECRETARIA DE ASSISTÊNCIA E SERVIÇO SOCIAL;08;241;1005;2035;MANUTENCAO DO GRUPO DA TERCEIRA IDADE;319013;660;3300.00;11785;3.1.90.13.00.00
02;02009;SECRETARIA DE ASSISTÊNCIA E SERVIÇO SOCIAL;08;241;1005;2035;MANUTENCAO DO GRUPO DA TERCEIRA IDADE;319113;500;3300.00;11375;3.1.91.13.00.00
02;02009;SECRETARIA DE ASSISTÊNCIA E SERVIÇO SOCIAL;08;241;1005;2035;MANUTENCAO DO GRUPO DA TERCEIRA IDADE;319113;660;3300.00;11784;3.1.91.13.00.00
02;02009;SECRETARIA DE ASSISTÊNCIA E SERVIÇO SOCIAL;08;241;1005;2035;MANUTENCAO DO GRUPO DA TERCEIRA IDADE;339030;500;2750.00;11376;3.3.90.30.00.00
02;02009;SECRETARIA DE ASSISTÊNCIA E SERVIÇO SOCIAL;08;241;1005;2035;MANUTENCAO DO GRUPO DA TERCEIRA IDADE;339030;660;3300.00;11783;3.3.90.30.00.00
02;02009;SECRETARIA DE ASSISTÊNCIA E SERVIÇO SOCIAL;08;241;1005;2035;MANUTENCAO DO GRUPO DA TERCEIRA IDADE;339036;500;6600.00;11377;3.3.90.36.00.00
02;02009;SECRETARIA DE ASSISTÊNCIA E SERVIÇO SOCIAL;08;241;1005;2035;MANUTENCAO DO GRUPO DA TERCEIRA IDADE;339036;660;6600.00;11782;3.3.90.36.00.00
02;02009;SECRETARIA DE ASSISTÊNCIA E SERVIÇO SOCIAL;08;241;1005;2035;MANUTENCAO DO GRUPO DA TERCEIRA IDADE;339039;500;6600.00;11378;3.3.90.39.00.00
02;02009;SECRETARIA DE ASSISTÊNCIA E SERVIÇO SOCIAL;08;241;1005;2035;MANUTENCAO DO GRUPO DA TERCEIRA IDADE;339039;660;6600.00;11781;3.3.90.39.00.00
02;02009;SECRETARIA DE ASSISTÊNCIA E SERVIÇO SOCIAL;08;241;1005;2035;MANUTENCAO DO GRUPO DA TERCEIRA IDADE;449052;500;6600.00;11379;4.4.90.52.00.00
02;02009;SECRETARIA DE ASSISTÊNCIA E SERVIÇO SOCIAL;08;241;1005;2035;MANUTENCAO DO GRUPO DA TERCEIRA IDADE;449052;660;11000.00;11780;4.4.90.52.00.00
02;02009;SECRETARIA DE ASSISTÊNCIA E SERVIÇO SOCIAL;08;243;1005;2037;MANUTENCAO DO CONSELHO TUTELAR;319011;500;227700.00;11380;3.1.90.11.00.00
02;02009;SECRETARIA DE ASSISTÊNCIA E SERVIÇO SOCIAL;08;243;1005;2037;MANUTENCAO DO CONSELHO TUTELAR;319013;500;37400.00;11381;3.1.90.13.00.00
02;02009;SECRETARIA DE ASSISTÊNCIA E SERVIÇO SOCIAL;08;243;1005;2037;MANUTENCAO DO CONSELHO TUTELAR;319113;500;33000.00;11382;3.1.91.13.00.00
02;02009;SECRETARIA DE ASSISTÊNCIA E SERVIÇO SOCIAL;08;243;1005;2037;MANUTENCAO DO CONSELHO TUTELAR;339014;500;5500.00;11383;3.3.90.14.00.00
02;02009;SECRETARIA DE ASSISTÊNCIA E SERVIÇO SOCIAL;08;243;1005;2037;MANUTENCAO DO CONSELHO TUTELAR;339030;500;8800.00;11384;3.3.90.30.00.00
02;02009;SECRETARIA DE ASSISTÊNCIA E SERVIÇO SOCIAL;08;243;1005;2037;MANUTENCAO DO CONSELHO TUTELAR;339036;500;19800.00;11385;3.3.90.36.00.00
02;02009;SECRETARIA DE ASSISTÊNCIA E SERVIÇO SOCIAL;08;243;1005;2037;MANUTENCAO DO CONSELHO TUTELAR;339039;500;13200.00;11386;3.3.90.39.00.00
02;02009;SECRETARIA DE ASSISTÊNCIA E SERVIÇO SOCIAL;08;243;1005;2037;MANUTENCAO DO CONSELHO TUTELAR;339047;500;13200.00;11387;3.3.90.47.00.00
02;02009;SECRETARIA DE ASSISTÊNCIA E SERVIÇO SOCIAL;08;243;1005;2037;MANUTENCAO DO CONSELHO TUTELAR;339092;500;2200.00;11388;3.3.90.92.00.00
02;02009;SECRETARIA DE ASSISTÊNCIA E SERVIÇO SOCIAL;08;243;1005;2037;MANUTENCAO DO CONSELHO TUTELAR;449052;500;6600.00;11389;4.4.90.52.00.00
02;02009;SECRETARIA DE ASSISTÊNCIA E SERVIÇO SOCIAL;08;243;1005;2039;CAPACITACAO DE GRUPOS DE GERACAO E RENDA;339030;500;6930.00;11390;3.3.90.30.00.00
02;02009;SECRETARIA DE ASSISTÊNCIA E SERVIÇO SOCIAL;08;243;1005;2039;CAPACITACAO DE GRUPOS DE GERACAO E RENDA;339032;660;3410.00;11779;3.3.90.32.00.00
02;02009;SECRETARIA DE ASSISTÊNCIA E SERVIÇO SOCIAL;08;243;1005;2039;CAPACITACAO DE GRUPOS DE GERACAO E RENDA;339036;500;6930.00;11391;3.3.90.36.00.00
02;02009;SECRETARIA DE ASSISTÊNCIA E SERVIÇO SOCIAL;08;243;1005;2039;CAPACITACAO DE GRUPOS DE GERACAO E RENDA;339039;500;6930.00;11392;3.3.90.39.00.00
02;02009;SECRETARIA DE ASSISTÊNCIA E SERVIÇO SOCIAL;08;244;1005;2063;MANUT DAS ATIVID INTITUICAO DE LONGA PERM P/IDOSOS;319004;500;19800.00;11400;3.1.90.04.00.00
02;02009;SECRETARIA DE ASSISTÊNCIA E SERVIÇO SOCIAL;08;244;1005;2063;MANUT DAS ATIVID INTITUICAO DE LONGA PERM P/IDOSOS;319013;500;6600.00;11402;3.1.90.13.00.00
02;02009;SECRETARIA DE ASSISTÊNCIA E SERVIÇO SOCIAL;08;244;1005;2063;MANUT DAS ATIVID INTITUICAO DE LONGA PERM P/IDOSOS;319113;500;6600.00;11403;3.1.91.13.00.00
02;02009;SECRETARIA DE ASSISTÊNCIA E SERVIÇO SOCIAL;08;244;1005;2063;MANUT DAS ATIVID INTITUICAO DE LONGA PERM P/IDOSOS;339030;500;12100.00;11404;3.3.90.30.00.00
02;02009;SECRETARIA DE ASSISTÊNCIA E SERVIÇO SOCIAL;08;244;1005;2063;MANUT DAS ATIVID INTITUICAO DE LONGA PERM P/IDOSOS;339032;500;6600.00;11405;3.3.90.32.00.00
02;02009;SECRETARIA DE ASSISTÊNCIA E SERVIÇO SOCIAL;08;244;1005;2063;MANUT DAS ATIVID INTITUICAO DE LONGA PERM P/IDOSOS;339036;500;12100.00;11406;3.3.90.36.00.00
02;02009;SECRETARIA DE ASSISTÊNCIA E SERVIÇO SOCIAL;08;244;1005;2063;MANUT DAS ATIVID INTITUICAO DE LONGA PERM P/IDOSOS;339039;500;12100.00;11407;3.3.90.39.00.00
02;02009;SECRETARIA DE ASSISTÊNCIA E SERVIÇO SOCIAL;08;244;1006;1026;CONS/REF OU AMP DE ESPACOS FISICOS P/ASSIST SOCIAL;449051;500;121733.06;11415;4.4.90.51.00.00
02;02009;SECRETARIA DE ASSISTÊNCIA E SERVIÇO SOCIAL;08;244;1006;1026;CONS/REF OU AMP DE ESPACOS FISICOS P/ASSIST SOCIAL;449051;660;13750.00;11818;4.4.90.51.00.00
02;02009;SECRETARIA DE ASSISTÊNCIA E SERVIÇO SOCIAL;08;244;1006;1026;CONS/REF OU AMP DE ESPACOS FISICOS P/ASSIST SOCIAL;449061;669;50050.00;11824;4.4.90.61.00.00
02;02009;SECRETARIA DE ASSISTÊNCIA E SERVIÇO SOCIAL;08;244;2001;1027;AQUISICAO DE EQUIPAMENTOS P/ ASSISTENCIA SOCIAL;449052;500;13420.00;11445;4.4.90.52.00.00
02;02009;SECRETARIA DE ASSISTÊNCIA E SERVIÇO SOCIAL;08;244;2001;1027;AQUISICAO DE EQUIPAMENTOS P/ ASSISTENCIA SOCIAL;449052;660;14300.00;11792;4.4.90.52.00.00
02;02011;SEC DE OBRAS, URBANISMO E TRANSPORTE;06;126;2001;1061;IMPLANT.CAMERAS DE MONITORAMENTO EM VIAS;339030;500;6600.00;11022;3.3.90.30.00.00
02;02011;SEC DE OBRAS, URBANISMO E TRANSPORTE;06;126;2001;1061;IMPLANT.CAMERAS DE MONITORAMENTO EM VIAS;339035;500;6600.00;11023;3.3.90.35.00.00
02;02011;SEC DE OBRAS, URBANISMO E TRANSPORTE;06;126;2001;1061;IMPLANT.CAMERAS DE MONITORAMENTO EM VIAS;339036;500;6600.00;11024;3.3.90.36.00.00
02;02011;SEC DE OBRAS, URBANISMO E TRANSPORTE;06;126;2001;1061;IMPLANT.CAMERAS DE MONITORAMENTO EM VIAS;339039;500;6600.00;11025;3.3.90.39.00.00
02;02011;SEC DE OBRAS, URBANISMO E TRANSPORTE;06;126;2001;1061;IMPLANT.CAMERAS DE MONITORAMENTO EM VIAS;449052;500;1590.60;11026;4.4.90.52.00.00
02;02011;SEC DE OBRAS, URBANISMO E TRANSPORTE;06;126;2001;1061;IMPLANT.CAMERAS DE MONITORAMENTO EM VIAS;449052;700;22000.00;11825;4.4.90.52.00.00
02;02011;SEC DE OBRAS, URBANISMO E TRANSPORTE;06;126;2001;1061;IMPLANT.CAMERAS DE MONITORAMENTO EM VIAS;449052;701;22000.00;11834;4.4.90.52.00.00
02;02011;SEC DE OBRAS, URBANISMO E TRANSPORTE;12;366;1021;1064;CAPACIT.PESSOAL E AÇÕES DE EDUCATIVAS DE TRANSITO;339036;500;15400.00;11027;3.3.90.36.00.00
02;02011;SEC DE OBRAS, URBANISMO E TRANSPORTE;12;366;1021;1064;CAPACIT.PESSOAL E AÇÕES DE EDUCATIVAS DE TRANSITO;339039;500;11000.00;11028;3.3.90.39.00.00
02;02011;SEC DE OBRAS, URBANISMO E TRANSPORTE;15;122;2001;2045;MANUT DAS ATIV SEC DE OBRAS URBANISMO E TRANSPORTE;319004;500;116587.02;11029;3.1.90.04.00.00
02;02011;SEC DE OBRAS, URBANISMO E TRANSPORTE;15;122;2001;2045;MANUT DAS ATIV SEC DE OBRAS URBANISMO E TRANSPORTE;319011;500;1529000.00;11030;3.1.90.11.00.00
02;02011;SEC DE OBRAS, URBANISMO E TRANSPORTE;15;122;2001;2045;MANUT DAS ATIV SEC DE OBRAS URBANISMO E TRANSPORTE;319013;500;232100.00;11031;3.1.90.13.00.00
02;02011;SEC DE OBRAS, URBANISMO E TRANSPORTE;15;122;2001;2045;MANUT DAS ATIV SEC DE OBRAS URBANISMO E TRANSPORTE;319091;500;5500.00;10907;3.1.90.91.00.00
02;02011;SEC DE OBRAS, URBANISMO E TRANSPORTE;15;122;2001;2045;MANUT DAS ATIV SEC DE OBRAS URBANISMO E TRANSPORTE;319113;500;686400.00;11032;3.1.91.13.00.00
02;02011;SEC DE OBRAS, URBANISMO E TRANSPORTE;15;122;2001;2045;MANUT DAS ATIV SEC DE OBRAS URBANISMO E TRANSPORTE;339014;500;14080.00;11033;3.3.90.14.00.00
02;02011;SEC DE OBRAS, URBANISMO E TRANSPORTE;15;122;2001;2045;MANUT DAS ATIV SEC DE OBRAS URBANISMO E TRANSPORTE;339030;500;2064700.00;11034;3.3.90.30.00.00
02;02011;SEC DE OBRAS, URBANISMO E TRANSPORTE;15;122;2001;2045;MANUT DAS ATIV SEC DE OBRAS URBANISMO E TRANSPORTE;339036;500;1232000.00;11035;3.3.90.36.00.00
02;02011;SEC DE OBRAS, URBANISMO E TRANSPORTE;15;122;2001;2045;MANUT DAS ATIV SEC DE OBRAS URBANISMO E TRANSPORTE;339039;500;3300000.00;11036;3.3.90.39.00.00
02;02011;SEC DE OBRAS, URBANISMO E TRANSPORTE;15;122;2001;2045;MANUT DAS ATIV SEC DE OBRAS URBANISMO E TRANSPORTE;339047;500;60500.00;11037;3.3.90.47.00.00
02;02011;SEC DE OBRAS, URBANISMO E TRANSPORTE;15;122;2001;2045;MANUT DAS ATIV SEC DE OBRAS URBANISMO E TRANSPORTE;339092;500;200200.00;11038;3.3.90.92.00.00
02;02011;SEC DE OBRAS, URBANISMO E TRANSPORTE;15;122;2001;2045;MANUT DAS ATIV SEC DE OBRAS URBANISMO E TRANSPORTE;339093;500;2200.00;11039;3.3.90.93.00.00
02;02011;SEC DE OBRAS, URBANISMO E TRANSPORTE;15;122;2001;2045;MANUT DAS ATIV SEC DE OBRAS URBANISMO E TRANSPORTE;449093;500;12100.00;11040;4.4.90.93.00.00
02;02011;SEC DE OBRAS, URBANISMO E TRANSPORTE;15;122;2001;2045;MANUT DAS ATIV SEC DE OBRAS URBANISMO E TRANSPORTE;449093;700;130105.18;11830;4.4.90.93.00.00
02;02011;SEC DE OBRAS, URBANISMO E TRANSPORTE;15;122;2001;2068;MANUTENCAO DO DEPT DE ENGENHARIA;319013;500;3850.00;11043;3.1.90.13.00.00
02;02011;SEC DE OBRAS, URBANISMO E TRANSPORTE;15;122;2001;2068;MANUTENCAO DO DEPT DE ENGENHARIA;319113;500;6600.00;11044;3.1.91.13.00.00
02;02011;SEC DE OBRAS, URBANISMO E TRANSPORTE;15;122;2001;2068;MANUTENCAO DO DEPT DE ENGENHARIA;339014;500;2200.00;11045;3.3.90.14.00.00
02;02011;SEC DE OBRAS, URBANISMO E TRANSPORTE;15;122;2001;2068;MANUTENCAO DO DEPT DE ENGENHARIA;339030;500;3300.00;11046;3.3.90.30.00.00
02;02011;SEC DE OBRAS, URBANISMO E TRANSPORTE;15;122;2001;2068;MANUTENCAO DO DEPT DE ENGENHARIA;339036;500;9900.00;11047;3.3.90.36.00.00
02;02011;SEC DE OBRAS, URBANISMO E TRANSPORTE;15;122;2001;2068;MANUTENCAO DO DEPT DE ENGENHARIA;449052;500;3300.00;11049;4.4.90.52.00.00
02;02011;SEC DE OBRAS, URBANISMO E TRANSPORTE;15;451;1020;1028;AQUIS DE EQ P/ SEC DE OBRAS URBANISMO E TRANSPORTE;449052;500;22000.00;11050;4.4.90.52.00.00
02;02011;SEC DE OBRAS, URBANISMO E TRANSPORTE;15;451;1020;1029;AQUIS DE MAQUINAS E EQUIPAMENTOS PESADOS;449052;500;38500.00;11051;4.4.90.52.00.00
02;02011;SEC DE OBRAS, URBANISMO E TRANSPORTE;15;451;1020;1029;AQUIS DE MAQUINAS E EQUIPAMENTOS PESADOS;449052;700;90200.00;11829;4.4.90.52.00.00
02;02011;SEC DE OBRAS, URBANISMO E TRANSPORTE;15;451;1020;1030;CONST/REF E AMP DE CEMITERIO C AQUISICAO DE TERREN;449051;500;55000.00;11055;4.4.90.51.00.00
02;02011;SEC DE OBRAS, URBANISMO E TRANSPORTE;15;451;1020;1031;CONST DE UM PARQUE DE EVENTOS;449051;500;12100.00;11057;4.4.90.51.00.00
02;02011;SEC DE OBRAS, URBANISMO E TRANSPORTE;15;451;1020;1031;CONST DE UM PARQUE DE EVENTOS;449052;700;53780.36;11827;4.4.90.52.00.00
02;02011;SEC DE OBRAS, URBANISMO E TRANSPORTE;15;451;1020;1055;CONST DE UMA CENTRAL DE VELORIO;449051;500;3303.55;11058;4.4.90.51.00.00
02;02011;SEC DE OBRAS, URBANISMO E TRANSPORTE;15;451;1021;1083;IMPLANT.RECUP.PAVIMENT. E ASFALTAMENTO DE RUAS;449051;500;189200.00;11059;4.4.90.51.00.00
02;02011;SEC DE OBRAS, URBANISMO E TRANSPORTE;15;451;1021;1083;IMPLANT.RECUP.PAVIMENT. E ASFALTAMENTO DE RUAS;449051;700;880000.00;11828;4.4.90.51.00.00
02;02011;SEC DE OBRAS, URBANISMO E TRANSPORTE;15;451;1021;1083;IMPLANT.RECUP.PAVIMENT. E ASFALTAMENTO DE RUAS;449051;706;550000.00;11893;4.4.90.51.00.00
02;02011;SEC DE OBRAS, URBANISMO E TRANSPORTE;15;451;1021;1083;IMPLANT.RECUP.PAVIMENT. E ASFALTAMENTO DE RUAS;449051;710;173260.27;11894;4.4.90.51.00.00
02;02011;SEC DE OBRAS, URBANISMO E TRANSPORTE;15;452;1020;1035;AQUIS E/OU DESAPROPRIACAO DE IMOVEIS OU TERRENOS;459061;500;66000.00;11060;4.5.90.61.00.00
02;02011;SEC DE OBRAS, URBANISMO E TRANSPORTE;15;452;1020;1062;IMPLANTAÇÃO DE DISTRITO INDUSTRIAL;449051;899;88000.00;11874;4.4.90.51.00.00
02;02011;SEC DE OBRAS, URBANISMO E TRANSPORTE;15;452;1020;1062;IMPLANTAÇÃO DE DISTRITO INDUSTRIAL;449052;500;5500.00;11064;4.4.90.52.00.00
02;02011;SEC DE OBRAS, URBANISMO E TRANSPORTE;15;452;1023;1034;CONST RECUP E REFORMA DE PRACAS E AREAS DE LAZER;449051;500;119280.60;11065;4.4.90.51.00.00
02;02011;SEC DE OBRAS, URBANISMO E TRANSPORTE;15;452;1023;1034;CONST RECUP E REFORMA DE PRACAS E AREAS DE LAZER;449051;701;227849.36;11836;4.4.90.51.00.00
02;02011;SEC DE OBRAS, URBANISMO E TRANSPORTE;15;452;1023;1034;CONST RECUP E REFORMA DE PRACAS E AREAS DE LAZER;449051;899;110000.00;11868;4.4.90.51.00.00
02;02011;SEC DE OBRAS, URBANISMO E TRANSPORTE;15;452;1023;1066;IMPLANTAÇÃO E MANUTENÇÃO DE ARBORIZAÇÃO URBANA;339030;500;6600.00;11061;3.3.90.30.00.00
02;02011;SEC DE OBRAS, URBANISMO E TRANSPORTE;15;452;1023;1066;IMPLANTAÇÃO E MANUTENÇÃO DE ARBORIZAÇÃO URBANA;339032;500;6600.00;11062;3.3.90.32.00.00
02;02011;SEC DE OBRAS, URBANISMO E TRANSPORTE;16;482;1011;1036;MELHORIAS HABITACIONAIS NA ZONA URBANA E RURAL;449051;500;66000.00;11063;4.4.90.51.00.00
02;02011;SEC DE OBRAS, URBANISMO E TRANSPORTE;16;482;1011;1036;MELHORIAS HABITACIONAIS NA ZONA URBANA E RURAL;449051;899;66000.00;11875;4.4.90.51.00.00
02;02011;SEC DE OBRAS, URBANISMO E TRANSPORTE;16;482;1011;1068;CONSTRUÇÃO DE UNIDADE HABITACIONAIS;449051;500;33000.00;11066;4.4.90.51.00.00
02;02011;SEC DE OBRAS, URBANISMO E TRANSPORTE;16;482;1011;1068;CONSTRUÇÃO DE UNIDADE HABITACIONAIS;449051;899;143000.00;11867;4.4.90.51.00.00
02;02011;SEC DE OBRAS, URBANISMO E TRANSPORTE;16;482;1011;1068;CONSTRUÇÃO DE UNIDADE HABITACIONAIS;459061;500;33000.00;11067;4.5.90.61.00.00
02;02011;SEC DE OBRAS, URBANISMO E TRANSPORTE;17;512;1024;1084;CONST.E AMPLIACAO DE REDE DE ESGOTO E DRENAGEM;339030;500;66000.00;11068;3.3.90.30.00.00
02;02011;SEC DE OBRAS, URBANISMO E TRANSPORTE;17;512;1024;1084;CONST.E AMPLIACAO DE REDE DE ESGOTO E DRENAGEM;449051;500;66000.00;11069;4.4.90.51.00.00
02;02011;SEC DE OBRAS, URBANISMO E TRANSPORTE;17;512;1024;1084;CONST.E AMPLIACAO DE REDE DE ESGOTO E DRENAGEM;449051;700;165000.00;11831;4.4.90.51.00.00
02;02011;SEC DE OBRAS, URBANISMO E TRANSPORTE;25;752;1022;2047;MANUTENCAO DOS SERVICOS DE ILUMINACAO PUBLICA;339030;500;113500.00;11070;3.3.90.30.00.00
02;02011;SEC DE OBRAS, URBANISMO E TRANSPORTE;25;752;1022;2047;MANUTENCAO DOS SERVICOS DE ILUMINACAO PUBLICA;339030;751;110000.00;11902;3.3.90.30.00.00
02;02011;SEC DE OBRAS, URBANISMO E TRANSPORTE;25;752;1022;2047;MANUTENCAO DOS SERVICOS DE ILUMINACAO PUBLICA;339036;500;3300.00;11071;3.3.90.36.00.00
02;02011;SEC DE OBRAS, URBANISMO E TRANSPORTE;25;752;1022;2047;MANUTENCAO DOS SERVICOS DE ILUMINACAO PUBLICA;339036;751;88000.00;11903;3.3.90.36.00.00
02;02011;SEC DE OBRAS, URBANISMO E TRANSPORTE;25;752;1022;2047;MANUTENCAO DOS SERVICOS DE ILUMINACAO PUBLICA;339039;500;341000.00;11072;3.3.90.39.00.00
02;02011;SEC DE OBRAS, URBANISMO E TRANSPORTE;25;752;1022;2047;MANUTENCAO DOS SERVICOS DE ILUMINACAO PUBLICA;339039;751;1067000.00;11846;3.3.90.39.00.00
02;02011;SEC DE OBRAS, URBANISMO E TRANSPORTE;25;752;1022;2047;MANUTENCAO DOS SERVICOS DE ILUMINACAO PUBLICA;449052;751;55000.00;11904;4.4.90.52.00.00
02;02011;SEC DE OBRAS, URBANISMO E TRANSPORTE;25;782;1022;1065;ILUMINAÇÃO DA ENTRADA DA CIDADE;449051;500;55000.00;11178;4.4.90.51.00.00
02;02011;SEC DE OBRAS, URBANISMO E TRANSPORTE;25;782;1022;1065;ILUMINAÇÃO DA ENTRADA DA CIDADE;449051;899;123200.00;11880;4.4.90.51.00.00
02;02011;SEC DE OBRAS, URBANISMO E TRANSPORTE;26;782;1021;2049;IMPL E MANUT DOS SERVICOS DO TRANSITO MUNICIPAL;319004;500;7700.00;11073;3.1.90.04.00.00
02;02011;SEC DE OBRAS, URBANISMO E TRANSPORTE;26;782;1021;2049;IMPL E MANUT DOS SERVICOS DO TRANSITO MUNICIPAL;319011;500;13200.00;11074;3.1.90.11.00.00
02;02011;SEC DE OBRAS, URBANISMO E TRANSPORTE;26;782;1021;2049;IMPL E MANUT DOS SERVICOS DO TRANSITO MUNICIPAL;319013;500;3300.00;11075;3.1.90.13.00.00
02;02011;SEC DE OBRAS, URBANISMO E TRANSPORTE;26;782;1021;2049;IMPL E MANUT DOS SERVICOS DO TRANSITO MUNICIPAL;319113;500;13200.00;11076;3.1.91.13.00.00
02;02011;SEC DE OBRAS, URBANISMO E TRANSPORTE;26;782;1021;2049;IMPL E MANUT DOS SERVICOS DO TRANSITO MUNICIPAL;339030;500;88000.00;11077;3.3.90.30.00.00
02;02011;SEC DE OBRAS, URBANISMO E TRANSPORTE;26;782;1021;2049;IMPL E MANUT DOS SERVICOS DO TRANSITO MUNICIPAL;339030;750;38500.00;11845;3.3.90.30.00.00
02;02011;SEC DE OBRAS, URBANISMO E TRANSPORTE;26;782;1021;2049;IMPL E MANUT DOS SERVICOS DO TRANSITO MUNICIPAL;339035;500;22000.00;11137;3.3.90.35.00.00
02;02011;SEC DE OBRAS, URBANISMO E TRANSPORTE;26;782;1021;2049;IMPL E MANUT DOS SERVICOS DO TRANSITO MUNICIPAL;339036;500;33000.00;11138;3.3.90.36.00.00
02;02011;SEC DE OBRAS, URBANISMO E TRANSPORTE;26;782;1021;2049;IMPL E MANUT DOS SERVICOS DO TRANSITO MUNICIPAL;339039;500;66000.00;11139;3.3.90.39.00.00
02;02011;SEC DE OBRAS, URBANISMO E TRANSPORTE;26;782;1021;2049;IMPL E MANUT DOS SERVICOS DO TRANSITO MUNICIPAL;339091;500;5500.00;10908;3.3.90.91.00.00
02;02011;SEC DE OBRAS, URBANISMO E TRANSPORTE;26;782;1021;2049;IMPL E MANUT DOS SERVICOS DO TRANSITO MUNICIPAL;449052;500;16500.00;11140;4.4.90.52.00.00
02;02011;SEC DE OBRAS, URBANISMO E TRANSPORTE;26;782;1024;1038;CONST DE BUEIROS E PASSAGENS MOLHADAS;449051;500;13200.00;11141;4.4.90.51.00.00
02;02011;SEC DE OBRAS, URBANISMO E TRANSPORTE;26;782;1024;1038;CONST DE BUEIROS E PASSAGENS MOLHADAS;449051;899;110000.00;11870;4.4.90.51.00.00
02;02012;SEC DE AGRIC, REC HIDRICOS E MEIO AMBIENTE;10;304;1017;1072;IMPLANTAÇÃO E MANUTENÇÃO DE P. A. ANIMAL;319004;500;22000.00;11078;3.1.90.04.00.00
02;02012;SEC DE AGRIC, REC HIDRICOS E MEIO AMBIENTE;10;304;1017;1072;IMPLANTAÇÃO E MANUTENÇÃO DE P. A. ANIMAL;319011;500;22000.00;11079;3.1.90.11.00.00
02;02012;SEC DE AGRIC, REC HIDRICOS E MEIO AMBIENTE;10;304;1017;1072;IMPLANTAÇÃO E MANUTENÇÃO DE P. A. ANIMAL;319013;500;3300.00;11080;3.1.90.13.00.00
02;02012;SEC DE AGRIC, REC HIDRICOS E MEIO AMBIENTE;10;304;1017;1072;IMPLANTAÇÃO E MANUTENÇÃO DE P. A. ANIMAL;319113;500;6600.00;11081;3.1.91.13.00.00
02;02012;SEC DE AGRIC, REC HIDRICOS E MEIO AMBIENTE;10;304;1017;1072;IMPLANTAÇÃO E MANUTENÇÃO DE P. A. ANIMAL;339030;500;6600.00;11082;3.3.90.30.00.00
02;02012;SEC DE AGRIC, REC HIDRICOS E MEIO AMBIENTE;10;304;1017;1072;IMPLANTAÇÃO E MANUTENÇÃO DE P. A. ANIMAL;339036;500;6600.00;11083;3.3.90.36.00.00
02;02012;SEC DE AGRIC, REC HIDRICOS E MEIO AMBIENTE;10;304;1017;1072;IMPLANTAÇÃO E MANUTENÇÃO DE P. A. ANIMAL;339039;500;6600.00;11084;3.3.90.39.00.00
02;02012;SEC DE AGRIC, REC HIDRICOS E MEIO AMBIENTE;10;304;1017;1072;IMPLANTAÇÃO E MANUTENÇÃO DE P. A. ANIMAL;449052;500;13200.00;11085;4.4.90.52.00.00
02;02012;SEC DE AGRIC, REC HIDRICOS E MEIO AMBIENTE;10;304;1025;2092;IMPLANT E MANUTENCAO DE ABRIGO PARA ANIMAIS;319004;500;34100.00;11086;3.1.90.04.00.00
02;02012;SEC DE AGRIC, REC HIDRICOS E MEIO AMBIENTE;10;304;1025;2092;IMPLANT E MANUTENCAO DE ABRIGO PARA ANIMAIS;319011;500;85800.00;11087;3.1.90.11.00.00
02;02012;SEC DE AGRIC, REC HIDRICOS E MEIO AMBIENTE;10;304;1025;2092;IMPLANT E MANUTENCAO DE ABRIGO PARA ANIMAIS;319013;500;3300.00;11088;3.1.90.13.00.00
02;02012;SEC DE AGRIC, REC HIDRICOS E MEIO AMBIENTE;10;304;1025;2092;IMPLANT E MANUTENCAO DE ABRIGO PARA ANIMAIS;319113;500;6600.00;11089;3.1.91.13.00.00
02;02012;SEC DE AGRIC, REC HIDRICOS E MEIO AMBIENTE;10;304;1025;2092;IMPLANT E MANUTENCAO DE ABRIGO PARA ANIMAIS;339030;500;6600.00;11090;3.3.90.30.00.00
02;02012;SEC DE AGRIC, REC HIDRICOS E MEIO AMBIENTE;10;304;1025;2092;IMPLANT E MANUTENCAO DE ABRIGO PARA ANIMAIS;339036;500;6600.00;11091;3.3.90.36.00.00
02;02012;SEC DE AGRIC, REC HIDRICOS E MEIO AMBIENTE;10;304;1025;2092;IMPLANT E MANUTENCAO DE ABRIGO PARA ANIMAIS;339039;500;6600.00;11092;3.3.90.39.00.00
02;02012;SEC DE AGRIC, REC HIDRICOS E MEIO AMBIENTE;10;304;1025;2092;IMPLANT E MANUTENCAO DE ABRIGO PARA ANIMAIS;449052;500;13200.00;11093;4.4.90.52.00.00
02;02012;SEC DE AGRIC, REC HIDRICOS E MEIO AMBIENTE;15;451;1026;1069;REF., RECUP, E AMPL.USINA DE TRIAGEM E COMPOSTAGEM;449051;500;11000.00;11094;4.4.90.51.00.00
02;02012;SEC DE AGRIC, REC HIDRICOS E MEIO AMBIENTE;15;451;1026;2046;MANUTENCAO DOS SERVICOS DE LIMPEZA PUBLICA;339030;500;11000.00;11095;3.3.90.30.00.00
02;02012;SEC DE AGRIC, REC HIDRICOS E MEIO AMBIENTE;15;451;1026;2046;MANUTENCAO DOS SERVICOS DE LIMPEZA PUBLICA;339036;500;1186900.00;11096;3.3.90.36.00.00
02;02012;SEC DE AGRIC, REC HIDRICOS E MEIO AMBIENTE;15;451;1026;2046;MANUTENCAO DOS SERVICOS DE LIMPEZA PUBLICA;339039;500;1463000.00;11097;3.3.90.39.00.00
02;02012;SEC DE AGRIC, REC HIDRICOS E MEIO AMBIENTE;15;541;1026;2061;CONTRIBUICAO P/ O CONSORCIO DE RESIDUOS SOLIDOS;337170;500;1100.00;11098;3.3.71.70.00.00
02;02012;SEC DE AGRIC, REC HIDRICOS E MEIO AMBIENTE;18;541;1013;1077;IMPLANTAÇÃO E MANUTENÇÃO DO PROGRAMA CIDADE VERDE;319004;500;6600.00;11099;3.1.90.04.00.00
02;02012;SEC DE AGRIC, REC HIDRICOS E MEIO AMBIENTE;18;541;1013;1077;IMPLANTAÇÃO E MANUTENÇÃO DO PROGRAMA CIDADE VERDE;339030;500;6600.00;11100;3.3.90.30.00.00
02;02012;SEC DE AGRIC, REC HIDRICOS E MEIO AMBIENTE;18;541;1013;1077;IMPLANTAÇÃO E MANUTENÇÃO DO PROGRAMA CIDADE VERDE;339031;500;3300.00;11101;3.3.90.31.00.00
02;02012;SEC DE AGRIC, REC HIDRICOS E MEIO AMBIENTE;18;541;1013;1077;IMPLANTAÇÃO E MANUTENÇÃO DO PROGRAMA CIDADE VERDE;339032;500;1100.00;11102;3.3.90.32.00.00
02;02012;SEC DE AGRIC, REC HIDRICOS E MEIO AMBIENTE;18;541;1013;1077;IMPLANTAÇÃO E MANUTENÇÃO DO PROGRAMA CIDADE VERDE;339036;500;6600.00;11103;3.3.90.36.00.00
02;02012;SEC DE AGRIC, REC HIDRICOS E MEIO AMBIENTE;18;541;1013;1077;IMPLANTAÇÃO E MANUTENÇÃO DO PROGRAMA CIDADE VERDE;339039;500;6600.00;11104;3.3.90.39.00.00
02;02012;SEC DE AGRIC, REC HIDRICOS E MEIO AMBIENTE;18;541;1013;1077;IMPLANTAÇÃO E MANUTENÇÃO DO PROGRAMA CIDADE VERDE;449052;500;3300.00;11105;4.4.90.52.00.00
02;02012;SEC DE AGRIC, REC HIDRICOS E MEIO AMBIENTE;18;544;1024;1039;IMPL. DE OBRAS MELHORIA DA INFRAESTRUTURA HIDRICA;449051;500;6600.00;11106;4.4.90.51.00.00
02;02012;SEC DE AGRIC, REC HIDRICOS E MEIO AMBIENTE;18;544;1024;1039;IMPL. DE OBRAS MELHORIA DA INFRAESTRUTURA HIDRICA;449051;701;29700.00;11832;4.4.90.51.00.00
02;02012;SEC DE AGRIC, REC HIDRICOS E MEIO AMBIENTE;18;544;1027;1040;AQUISICAO DE EQUIPAMENTOS P/ SEC DE AGRICULTURA;449052;500;70400.00;11107;4.4.90.52.00.00
02;02012;SEC DE AGRIC, REC HIDRICOS E MEIO AMBIENTE;18;544;1028;2050;ABASTECIMENTO DE AGUA ATRAVES DE CARROS PIPA;339036;500;500500.00;11108;3.3.90.36.00.00
02;02012;SEC DE AGRIC, REC HIDRICOS E MEIO AMBIENTE;18;544;1028;2050;ABASTECIMENTO DE AGUA ATRAVES DE CARROS PIPA;339039;500;66000.00;11109;3.3.90.39.00.00
02;02012;SEC DE AGRIC, REC HIDRICOS E MEIO AMBIENTE;20;122;2001;2051;MAN DAS A. SEC DE AGRIC R HIDRICOS E MEIO AMBIENTE;319004;500;130349.56;11110;3.1.90.04.00.00
02;02012;SEC DE AGRIC, REC HIDRICOS E MEIO AMBIENTE;20;122;2001;2051;MAN DAS A. SEC DE AGRIC R HIDRICOS E MEIO AMBIENTE;319011;500;604904.10;11111;3.1.90.11.00.00
02;02012;SEC DE AGRIC, REC HIDRICOS E MEIO AMBIENTE;20;122;2001;2051;MAN DAS A. SEC DE AGRIC R HIDRICOS E MEIO AMBIENTE;319013;500;51370.00;11112;3.1.90.13.00.00
02;02012;SEC DE AGRIC, REC HIDRICOS E MEIO AMBIENTE;20;122;2001;2051;MAN DAS A. SEC DE AGRIC R HIDRICOS E MEIO AMBIENTE;319113;500;258500.00;11113;3.1.91.13.00.00
02;02012;SEC DE AGRIC, REC HIDRICOS E MEIO AMBIENTE;20;122;2001;2051;MAN DAS A. SEC DE AGRIC R HIDRICOS E MEIO AMBIENTE;335041;500;6600.00;11114;3.3.50.41.00.00
02;02012;SEC DE AGRIC, REC HIDRICOS E MEIO AMBIENTE;20;122;2001;2051;MAN DAS A. SEC DE AGRIC R HIDRICOS E MEIO AMBIENTE;339014;500;3300.00;11115;3.3.90.14.00.00
02;02012;SEC DE AGRIC, REC HIDRICOS E MEIO AMBIENTE;20;122;2001;2051;MAN DAS A. SEC DE AGRIC R HIDRICOS E MEIO AMBIENTE;339030;500;613250.00;11116;3.3.90.30.00.00
02;02012;SEC DE AGRIC, REC HIDRICOS E MEIO AMBIENTE;20;122;2001;2051;MAN DAS A. SEC DE AGRIC R HIDRICOS E MEIO AMBIENTE;339032;500;17600.00;11117;3.3.90.32.00.00
02;02012;SEC DE AGRIC, REC HIDRICOS E MEIO AMBIENTE;20;122;2001;2051;MAN DAS A. SEC DE AGRIC R HIDRICOS E MEIO AMBIENTE;339036;500;748000.00;11118;3.3.90.36.00.00
02;02012;SEC DE AGRIC, REC HIDRICOS E MEIO AMBIENTE;20;122;2001;2051;MAN DAS A. SEC DE AGRIC R HIDRICOS E MEIO AMBIENTE;339039;500;1210000.00;11119;3.3.90.39.00.00
02;02012;SEC DE AGRIC, REC HIDRICOS E MEIO AMBIENTE;20;122;2001;2051;MAN DAS A. SEC DE AGRIC R HIDRICOS E MEIO AMBIENTE;339047;500;88000.00;11120;3.3.90.47.00.00
02;02012;SEC DE AGRIC, REC HIDRICOS E MEIO AMBIENTE;20;122;2001;2051;MAN DAS A. SEC DE AGRIC R HIDRICOS E MEIO AMBIENTE;339092;500;312950.00;11121;3.3.90.92.00.00
02;02012;SEC DE AGRIC, REC HIDRICOS E MEIO AMBIENTE;20;122;2001;2051;MAN DAS A. SEC DE AGRIC R HIDRICOS E MEIO AMBIENTE;339093;500;13200.00;11122;3.3.90.93.00.00
02;02012;SEC DE AGRIC, REC HIDRICOS E MEIO AMBIENTE;20;122;2001;2051;MAN DAS A. SEC DE AGRIC R HIDRICOS E MEIO AMBIENTE;449052;500;16500.00;11123;4.4.90.52.00.00
02;02012;SEC DE AGRIC, REC HIDRICOS E MEIO AMBIENTE;20;122;2001;2051;MAN DAS A. SEC DE AGRIC R HIDRICOS E MEIO AMBIENTE;449093;500;1650.00;11124;4.4.90.93.00.00
02;02012;SEC DE AGRIC, REC HIDRICOS E MEIO AMBIENTE;20;605;1025;1041;REFORMA E AMPLICACAO DO MERCADO PUBLICO;449051;500;3300.00;11125;4.4.90.51.00.00
02;02012;SEC DE AGRIC, REC HIDRICOS E MEIO AMBIENTE;20;605;1025;1041;REFORMA E AMPLICACAO DO MERCADO PUBLICO;449051;899;124300.00;11872;4.4.90.51.00.00
02;02012;SEC DE AGRIC, REC HIDRICOS E MEIO AMBIENTE;20;605;1025;2052;MANUT DOS SERV DE MERCADO FEIRA E MATADOURO;319011;500;19800.00;11126;3.1.90.11.00.00
02;02012;SEC DE AGRIC, REC HIDRICOS E MEIO AMBIENTE;20;605;1025;2052;MANUT DOS SERV DE MERCADO FEIRA E MATADOURO;319013;500;2200.00;11127;3.1.90.13.00.00
02;02012;SEC DE AGRIC, REC HIDRICOS E MEIO AMBIENTE;20;605;1025;2052;MANUT DOS SERV DE MERCADO FEIRA E MATADOURO;319113;500;3300.00;11128;3.1.91.13.00.00
02;02012;SEC DE AGRIC, REC HIDRICOS E MEIO AMBIENTE;20;605;1025;2052;MANUT DOS SERV DE MERCADO FEIRA E MATADOURO;339030;500;18700.00;11129;3.3.90.30.00.00
02;02012;SEC DE AGRIC, REC HIDRICOS E MEIO AMBIENTE;20;605;1025;2052;MANUT DOS SERV DE MERCADO FEIRA E MATADOURO;339036;500;12100.00;11130;3.3.90.36.00.00
02;02012;SEC DE AGRIC, REC HIDRICOS E MEIO AMBIENTE;20;605;1025;2052;MANUT DOS SERV DE MERCADO FEIRA E MATADOURO;339039;500;18700.00;11131;3.3.90.39.00.00
02;02012;SEC DE AGRIC, REC HIDRICOS E MEIO AMBIENTE;20;605;1025;2052;MANUT DOS SERV DE MERCADO FEIRA E MATADOURO;339092;500;3300.00;11132;3.3.90.92.00.00
02;02012;SEC DE AGRIC, REC HIDRICOS E MEIO AMBIENTE;20;605;1025;2052;MANUT DOS SERV DE MERCADO FEIRA E MATADOURO;449052;500;9900.00;11133;4.4.90.52.00.00
02;02012;SEC DE AGRIC, REC HIDRICOS E MEIO AMBIENTE;20;605;1027;2093;CONST/MANUT/REF/RECUP. BARREIROS, BARRAG.CHAFARIZE;339030;500;26400.00;11134;3.3.90.30.00.00
02;02012;SEC DE AGRIC, REC HIDRICOS E MEIO AMBIENTE;20;605;1027;2093;CONST/MANUT/REF/RECUP. BARREIROS, BARRAG.CHAFARIZE;339036;500;12100.00;11135;3.3.90.36.00.00
02;02012;SEC DE AGRIC, REC HIDRICOS E MEIO AMBIENTE;20;605;1027;2093;CONST/MANUT/REF/RECUP. BARREIROS, BARRAG.CHAFARIZE;339039;500;12100.00;11136;3.3.90.39.00.00
02;02012;SEC DE AGRIC, REC HIDRICOS E MEIO AMBIENTE;20;605;1027;2093;CONST/MANUT/REF/RECUP. BARREIROS, BARRAG.CHAFARIZE;449051;899;61600.00;11871;4.4.90.51.00.00
02;02012;SEC DE AGRIC, REC HIDRICOS E MEIO AMBIENTE;20;608;1025;1042;REESTRURACAO DA FEIRA LIVRE SEMANAL;339030;500;11000.00;11142;3.3.90.30.00.00
02;02012;SEC DE AGRIC, REC HIDRICOS E MEIO AMBIENTE;20;608;1025;1042;REESTRURACAO DA FEIRA LIVRE SEMANAL;339032;500;12100.00;11143;3.3.90.32.00.00
02;02012;SEC DE AGRIC, REC HIDRICOS E MEIO AMBIENTE;20;608;1025;1042;REESTRURACAO DA FEIRA LIVRE SEMANAL;339036;500;12100.00;11144;3.3.90.36.00.00
02;02012;SEC DE AGRIC, REC HIDRICOS E MEIO AMBIENTE;20;608;1025;1042;REESTRURACAO DA FEIRA LIVRE SEMANAL;339039;500;12100.00;11145;3.3.90.39.00.00
02;02012;SEC DE AGRIC, REC HIDRICOS E MEIO AMBIENTE;20;608;1025;1042;REESTRURACAO DA FEIRA LIVRE SEMANAL;449052;500;13200.00;11146;4.4.90.52.00.00
02;02012;SEC DE AGRIC, REC HIDRICOS E MEIO AMBIENTE;20;608;1025;1044;CONST REF OU AMPLIACAO DO MATADOURO PUBLICO;449051;500;61600.00;11147;4.4.90.51.00.00
02;02012;SEC DE AGRIC, REC HIDRICOS E MEIO AMBIENTE;20;608;1025;1044;CONST REF OU AMPLIACAO DO MATADOURO PUBLICO;449051;899;124300.00;11869;4.4.90.51.00.00
02;02012;SEC DE AGRIC, REC HIDRICOS E MEIO AMBIENTE;20;608;1025;1067;IMPLANT.E MANUT.SISTEMA DE INSPEÇÃO MUNICIPAL-SIM;319004;500;16500.00;11171;3.1.90.04.00.00
02;02012;SEC DE AGRIC, REC HIDRICOS E MEIO AMBIENTE;20;608;1025;1067;IMPLANT.E MANUT.SISTEMA DE INSPEÇÃO MUNICIPAL-SIM;319013;500;5500.00;11172;3.1.90.13.00.00
02;02012;SEC DE AGRIC, REC HIDRICOS E MEIO AMBIENTE;20;608;1025;1067;IMPLANT.E MANUT.SISTEMA DE INSPEÇÃO MUNICIPAL-SIM;339030;500;3300.00;11173;3.3.90.30.00.00
02;02012;SEC DE AGRIC, REC HIDRICOS E MEIO AMBIENTE;20;608;1025;1067;IMPLANT.E MANUT.SISTEMA DE INSPEÇÃO MUNICIPAL-SIM;339035;500;11000.00;11174;3.3.90.35.00.00
02;02012;SEC DE AGRIC, REC HIDRICOS E MEIO AMBIENTE;20;608;1025;1067;IMPLANT.E MANUT.SISTEMA DE INSPEÇÃO MUNICIPAL-SIM;339036;500;11000.00;11175;3.3.90.36.00.00
02;02012;SEC DE AGRIC, REC HIDRICOS E MEIO AMBIENTE;20;608;1025;1067;IMPLANT.E MANUT.SISTEMA DE INSPEÇÃO MUNICIPAL-SIM;339039;500;11000.00;11176;3.3.90.39.00.00
02;02012;SEC DE AGRIC, REC HIDRICOS E MEIO AMBIENTE;20;608;1027;1043;AQUIS DE VEICULOS MAQUINAS E IMPLEMENTOS AGRICOLAS;449052;500;61600.00;11177;4.4.90.52.00.00
02;02012;SEC DE AGRIC, REC HIDRICOS E MEIO AMBIENTE;20;608;1027;1043;AQUIS DE VEICULOS MAQUINAS E IMPLEMENTOS AGRICOLAS;449052;899;13200.00;11881;4.4.90.52.00.00
02;02012;SEC DE AGRIC, REC HIDRICOS E MEIO AMBIENTE;20;608;1027;1085;IMPLANTAÇÃO DO PROGRAMA FARMACIA VIVA;319004;500;14300.00;11148;3.1.90.04.00.00
02;02012;SEC DE AGRIC, REC HIDRICOS E MEIO AMBIENTE;20;608;1027;1085;IMPLANTAÇÃO DO PROGRAMA FARMACIA VIVA;319011;500;14300.00;11149;3.1.90.11.00.00
02;02012;SEC DE AGRIC, REC HIDRICOS E MEIO AMBIENTE;20;608;1027;1085;IMPLANTAÇÃO DO PROGRAMA FARMACIA VIVA;319013;500;3300.00;11150;3.1.90.13.00.00
02;02012;SEC DE AGRIC, REC HIDRICOS E MEIO AMBIENTE;20;608;1027;1085;IMPLANTAÇÃO DO PROGRAMA FARMACIA VIVA;319113;500;6600.00;11151;3.1.91.13.00.00
02;02012;SEC DE AGRIC, REC HIDRICOS E MEIO AMBIENTE;20;608;1027;1085;IMPLANTAÇÃO DO PROGRAMA FARMACIA VIVA;339030;500;12100.00;11152;3.3.90.30.00.00
02;02012;SEC DE AGRIC, REC HIDRICOS E MEIO AMBIENTE;20;608;1027;1085;IMPLANTAÇÃO DO PROGRAMA FARMACIA VIVA;339032;500;22000.00;11895;3.3.90.32.00.00
02;02012;SEC DE AGRIC, REC HIDRICOS E MEIO AMBIENTE;20;608;1027;1086;CRIAÇÃO E MANUTENÇÃO DA FEIRA DE ANIMAIS;319004;500;19800.00;11153;3.1.90.04.00.00
02;02012;SEC DE AGRIC, REC HIDRICOS E MEIO AMBIENTE;20;608;1027;1086;CRIAÇÃO E MANUTENÇÃO DA FEIRA DE ANIMAIS;319011;500;12430.00;11154;3.1.90.11.00.00
02;02012;SEC DE AGRIC, REC HIDRICOS E MEIO AMBIENTE;20;608;1027;1086;CRIAÇÃO E MANUTENÇÃO DA FEIRA DE ANIMAIS;319013;500;3300.00;11155;3.1.90.13.00.00
02;02012;SEC DE AGRIC, REC HIDRICOS E MEIO AMBIENTE;20;608;1027;1086;CRIAÇÃO E MANUTENÇÃO DA FEIRA DE ANIMAIS;319113;500;6600.00;11156;3.1.91.13.00.00
02;02012;SEC DE AGRIC, REC HIDRICOS E MEIO AMBIENTE;20;608;1027;1086;CRIAÇÃO E MANUTENÇÃO DA FEIRA DE ANIMAIS;339030;500;6600.00;11157;3.3.90.30.00.00
02;02012;SEC DE AGRIC, REC HIDRICOS E MEIO AMBIENTE;20;608;1027;1086;CRIAÇÃO E MANUTENÇÃO DA FEIRA DE ANIMAIS;339036;500;6600.00;11158;3.3.90.36.00.00
02;02012;SEC DE AGRIC, REC HIDRICOS E MEIO AMBIENTE;20;608;1027;1086;CRIAÇÃO E MANUTENÇÃO DA FEIRA DE ANIMAIS;339039;500;6600.00;11159;3.3.90.39.00.00
02;02012;SEC DE AGRIC, REC HIDRICOS E MEIO AMBIENTE;20;608;1027;1086;CRIAÇÃO E MANUTENÇÃO DA FEIRA DE ANIMAIS;449052;500;1100.00;11160;4.4.90.52.00.00
02;02012;SEC DE AGRIC, REC HIDRICOS E MEIO AMBIENTE;20;608;1027;2088;MANUT SERVASSIST TECNICA E EXTENSAO RURAL ATER;339030;500;12100.00;11162;3.3.90.30.00.00
02;02012;SEC DE AGRIC, REC HIDRICOS E MEIO AMBIENTE;20;608;1027;2088;MANUT SERVASSIST TECNICA E EXTENSAO RURAL ATER;339032;500;6600.00;11163;3.3.90.32.00.00
02;02012;SEC DE AGRIC, REC HIDRICOS E MEIO AMBIENTE;20;608;1027;2088;MANUT SERVASSIST TECNICA E EXTENSAO RURAL ATER;339036;500;6600.00;11164;3.3.90.36.00.00
02;02012;SEC DE AGRIC, REC HIDRICOS E MEIO AMBIENTE;20;608;1027;2088;MANUT SERVASSIST TECNICA E EXTENSAO RURAL ATER;339039;500;5500.00;11165;3.3.90.39.00.00
02;02012;SEC DE AGRIC, REC HIDRICOS E MEIO AMBIENTE;20;608;1027;2089;MANUTENÇÃO DO PROGRAMA DE CORTE DE TERRAS;339030;500;12100.00;11166;3.3.90.30.00.00
02;02012;SEC DE AGRIC, REC HIDRICOS E MEIO AMBIENTE;20;608;1027;2089;MANUTENÇÃO DO PROGRAMA DE CORTE DE TERRAS;339036;500;49500.00;11167;3.3.90.36.00.00
02;02012;SEC DE AGRIC, REC HIDRICOS E MEIO AMBIENTE;20;608;1027;2090;MANUT.E AMPLIAÇÃO DO APORTE AO PROG GARANTIA SAFRA;339039;500;118800.00;11169;3.3.90.39.00.00
02;02012;SEC DE AGRIC, REC HIDRICOS E MEIO AMBIENTE;26;782;1028;2048;MELHORIAS DE ESTRADAS VICINAIS;339030;899;25300.00;11882;3.3.90.30.00.00
02;02012;SEC DE AGRIC, REC HIDRICOS E MEIO AMBIENTE;26;782;1028;2048;MELHORIAS DE ESTRADAS VICINAIS;339036;899;25300.00;11879;3.3.90.36.00.00
02;02012;SEC DE AGRIC, REC HIDRICOS E MEIO AMBIENTE;26;782;1028;2048;MELHORIAS DE ESTRADAS VICINAIS;339039;899;25300.00;11878;3.3.90.39.00.00
02;02013;SEC DE COMUNICACAO, EVENTOS E TURISMO;23;695;1030;2054;REALIZACAO DE EVENTOS;339031;500;9900.00;11181;3.3.90.31.00.00
02;02013;SEC DE COMUNICACAO, EVENTOS E TURISMO;23;695;1030;2054;REALIZACAO DE EVENTOS;339036;500;12100.00;11182;3.3.90.36.00.00
02;02013;SEC DE COMUNICACAO, EVENTOS E TURISMO;23;695;1030;2054;REALIZACAO DE EVENTOS;339036;899;13200.00;11877;3.3.90.36.00.00
02;02013;SEC DE COMUNICACAO, EVENTOS E TURISMO;23;695;1030;2054;REALIZACAO DE EVENTOS;339039;500;4650822.00;11220;3.3.90.39.00.00
02;02013;SEC DE COMUNICACAO, EVENTOS E TURISMO;23;695;1030;2054;REALIZACAO DE EVENTOS;339039;701;221100.00;11835;3.3.90.39.00.00
02;02013;SEC DE COMUNICACAO, EVENTOS E TURISMO;23;695;1030;2054;REALIZACAO DE EVENTOS;339039;899;2200.00;11876;3.3.90.39.00.00
02;02013;SEC DE COMUNICACAO, EVENTOS E TURISMO;24;122;2001;1045;AQUIS DE EQUIP P SEC DE COMUNICACAO E EVENTOS;449052;500;37400.00;11183;4.4.90.52.00.00
02;02013;SEC DE COMUNICACAO, EVENTOS E TURISMO;24;122;2001;2055;MANUT DAS ATIVID DA SEC DE COM EVENTOS E TURISMO;319004;500;38500.00;11896;3.1.90.04.00.00
02;02013;SEC DE COMUNICACAO, EVENTOS E TURISMO;24;122;2001;2055;MANUT DAS ATIVID DA SEC DE COM EVENTOS E TURISMO;319011;500;280500.00;11184;3.1.90.11.00.00
02;02013;SEC DE COMUNICACAO, EVENTOS E TURISMO;24;122;2001;2055;MANUT DAS ATIVID DA SEC DE COM EVENTOS E TURISMO;319013;500;46200.00;11185;3.1.90.13.00.00
02;02013;SEC DE COMUNICACAO, EVENTOS E TURISMO;24;122;2001;2055;MANUT DAS ATIVID DA SEC DE COM EVENTOS E TURISMO;319113;500;3300.00;11186;3.1.91.13.00.00
02;02013;SEC DE COMUNICACAO, EVENTOS E TURISMO;24;122;2001;2055;MANUT DAS ATIVID DA SEC DE COM EVENTOS E TURISMO;339014;500;3300.00;11187;3.3.90.14.00.00
02;02013;SEC DE COMUNICACAO, EVENTOS E TURISMO;24;122;2001;2055;MANUT DAS ATIVID DA SEC DE COM EVENTOS E TURISMO;339030;500;58300.00;11188;3.3.90.30.00.00
02;02013;SEC DE COMUNICACAO, EVENTOS E TURISMO;24;122;2001;2055;MANUT DAS ATIVID DA SEC DE COM EVENTOS E TURISMO;339036;500;108900.00;11189;3.3.90.36.00.00
02;02013;SEC DE COMUNICACAO, EVENTOS E TURISMO;24;122;2001;2055;MANUT DAS ATIVID DA SEC DE COM EVENTOS E TURISMO;339039;500;651200.00;11190;3.3.90.39.00.00
02;02013;SEC DE COMUNICACAO, EVENTOS E TURISMO;24;122;2001;2055;MANUT DAS ATIVID DA SEC DE COM EVENTOS E TURISMO;339092;500;60500.00;11191;3.3.90.92.00.00
02;02013;SEC DE COMUNICACAO, EVENTOS E TURISMO;24;122;2001;2055;MANUT DAS ATIVID DA SEC DE COM EVENTOS E TURISMO;449052;500;1100.00;11192;4.4.90.52.00.00
02;02015;PROCON MUNICIPAL;14;422;1035;1088;AQUISIÇÃO DE EQUIPAMENTOS PARA O PROCON MUNICIPAL;449052;500;24200.00;11204;4.4.90.52.00.00
02;02015;PROCON MUNICIPAL;14;422;1035;1089;REFORMA E RECUPERACAO DA SEDE DO PROCON MUNICIPAL;449051;500;1100.00;11205;4.4.90.51.00.00
02;02015;PROCON MUNICIPAL;14;422;1035;2087;IMPLANTAÇÃO E MANUTENÇÃO DO PROCON MUNICIPAL;319004;500;19800.00;11206;3.1.90.04.00.00
02;02015;PROCON MUNICIPAL;14;422;1035;2087;IMPLANTAÇÃO E MANUTENÇÃO DO PROCON MUNICIPAL;319011;500;253000.00;11207;3.1.90.11.00.00
02;02015;PROCON MUNICIPAL;14;422;1035;2087;IMPLANTAÇÃO E MANUTENÇÃO DO PROCON MUNICIPAL;319013;500;49500.00;11208;3.1.90.13.00.00
02;02015;PROCON MUNICIPAL;14;422;1035;2087;IMPLANTAÇÃO E MANUTENÇÃO DO PROCON MUNICIPAL;319113;500;16500.00;11209;3.1.91.13.00.00
02;02015;PROCON MUNICIPAL;14;422;1035;2087;IMPLANTAÇÃO E MANUTENÇÃO DO PROCON MUNICIPAL;339030;500;50600.00;11210;3.3.90.30.00.00
02;02015;PROCON MUNICIPAL;14;422;1035;2087;IMPLANTAÇÃO E MANUTENÇÃO DO PROCON MUNICIPAL;339033;500;3300.00;11211;3.3.90.33.00.00
02;02015;PROCON MUNICIPAL;14;422;1035;2087;IMPLANTAÇÃO E MANUTENÇÃO DO PROCON MUNICIPAL;339035;500;58300.00;11212;3.3.90.35.00.00
02;02015;PROCON MUNICIPAL;14;422;1035;2087;IMPLANTAÇÃO E MANUTENÇÃO DO PROCON MUNICIPAL;339036;500;36300.00;11213;3.3.90.36.00.00
02;02015;PROCON MUNICIPAL;14;422;1035;2087;IMPLANTAÇÃO E MANUTENÇÃO DO PROCON MUNICIPAL;339039;500;149600.00;11214;3.3.90.39.00.00
02;02015;PROCON MUNICIPAL;14;422;1035;2087;IMPLANTAÇÃO E MANUTENÇÃO DO PROCON MUNICIPAL;339047;500;2750.00;11215;3.3.90.47.00.00
02;02016;FUNDO MUNICIPAL DE SAÚDE;10;301;1017;1017;CONST/REF E AMPLIACAO DE UNIDADES DE SAUDE;449051;500;332200.00;11217;4.4.90.51.00.00
02;02016;FUNDO MUNICIPAL DE SAÚDE;10;301;1017;1017;CONST/REF E AMPLIACAO DE UNIDADES DE SAUDE;449051;631;66000.00;11756;4.4.90.51.00.00
02;02016;FUNDO MUNICIPAL DE SAÚDE;10;301;1017;1017;CONST/REF E AMPLIACAO DE UNIDADES DE SAUDE;449051;632;550000.00;11757;4.4.90.51.00.00
02;02016;FUNDO MUNICIPAL DE SAÚDE;10;301;1017;1018;AQUISICAO DE EQUIPAMENTOS PARA SAUDE;449052;500;155100.00;11219;4.4.90.52.00.00
02;02016;FUNDO MUNICIPAL DE SAÚDE;10;301;1017;1018;AQUISICAO DE EQUIPAMENTOS PARA SAUDE;449052;631;123200.00;11755;4.4.90.52.00.00
02;02016;FUNDO MUNICIPAL DE SAÚDE;10;301;1017;1018;AQUISICAO DE EQUIPAMENTOS PARA SAUDE;449052;632;123750.00;11758;4.4.90.52.00.00
02;02016;FUNDO MUNICIPAL DE SAÚDE;10;301;1017;1019;AQUISICAO DE VEICULOS PARA SAUDE;449052;631;126500.00;11754;4.4.90.52.00.00
02;02016;FUNDO MUNICIPAL DE SAÚDE;10;301;1017;1019;AQUISICAO DE VEICULOS PARA SAUDE;449052;632;74250.00;11759;4.4.90.52.00.00
02;02016;FUNDO MUNICIPAL DE SAÚDE;10;301;1017;1019;AQUISICAO DE VEICULOS PARA SAUDE;449052;710;220000.00;11837;4.4.90.52.00.00
02;02016;FUNDO MUNICIPAL DE SAÚDE;10;301;1017;1091;REFORMA RECUP.E MANUTENCAO DE ACADEMIAS DE SAUDE;449051;500;4151.49;11222;4.4.90.51.00.00
02;02016;FUNDO MUNICIPAL DE SAÚDE;10;301;1017;1091;REFORMA RECUP.E MANUTENCAO DE ACADEMIAS DE SAUDE;449051;631;4400.00;11753;4.4.90.51.00.00
02;02016;FUNDO MUNICIPAL DE SAÚDE;10;301;1017;1091;REFORMA RECUP.E MANUTENCAO DE ACADEMIAS DE SAUDE;449052;631;61600.00;11752;4.4.90.52.00.00
02;02016;FUNDO MUNICIPAL DE SAÚDE;10;301;1017;2019;MANUTENCAO DO PROGRAMA SAUDE ESCOLAR;319004;500;20790.00;11224;3.1.90.04.00.00
02;02016;FUNDO MUNICIPAL DE SAÚDE;10;301;1017;2019;MANUTENCAO DO PROGRAMA SAUDE ESCOLAR;319011;500;20790.00;11225;3.1.90.11.00.00
02;02016;FUNDO MUNICIPAL DE SAÚDE;10;301;1017;2019;MANUTENCAO DO PROGRAMA SAUDE ESCOLAR;319013;500;3300.00;11226;3.1.90.13.00.00
02;02016;FUNDO MUNICIPAL DE SAÚDE;10;301;1017;2019;MANUTENCAO DO PROGRAMA SAUDE ESCOLAR;319113;500;6600.00;11227;3.1.91.13.00.00
02;02016;FUNDO MUNICIPAL DE SAÚDE;10;301;1017;2019;MANUTENCAO DO PROGRAMA SAUDE ESCOLAR;339030;500;6600.00;11228;3.3.90.30.00.00
02;02016;FUNDO MUNICIPAL DE SAÚDE;10;301;1017;2019;MANUTENCAO DO PROGRAMA SAUDE ESCOLAR;339030;600;6600.00;11630;3.3.90.30.00.00
02;02016;FUNDO MUNICIPAL DE SAÚDE;10;301;1017;2019;MANUTENCAO DO PROGRAMA SAUDE ESCOLAR;339032;500;6600.00;11229;3.3.90.32.00.00
02;02016;FUNDO MUNICIPAL DE SAÚDE;10;301;1017;2019;MANUTENCAO DO PROGRAMA SAUDE ESCOLAR;339032;600;6600.00;11629;3.3.90.32.00.00
02;02016;FUNDO MUNICIPAL DE SAÚDE;10;301;1017;2019;MANUTENCAO DO PROGRAMA SAUDE ESCOLAR;339036;500;6600.00;11230;3.3.90.36.00.00
02;02016;FUNDO MUNICIPAL DE SAÚDE;10;301;1017;2019;MANUTENCAO DO PROGRAMA SAUDE ESCOLAR;339036;600;6600.00;11628;3.3.90.36.00.00
02;02016;FUNDO MUNICIPAL DE SAÚDE;10;301;1017;2019;MANUTENCAO DO PROGRAMA SAUDE ESCOLAR;339039;500;6600.00;11231;3.3.90.39.00.00
02;02016;FUNDO MUNICIPAL DE SAÚDE;10;301;1017;2019;MANUTENCAO DO PROGRAMA SAUDE ESCOLAR;339039;600;1100.00;11627;3.3.90.39.00.00
02;02016;FUNDO MUNICIPAL DE SAÚDE;10;301;1017;2019;MANUTENCAO DO PROGRAMA SAUDE ESCOLAR;339091;500;5500.00;10909;3.3.90.91.00.00
02;02016;FUNDO MUNICIPAL DE SAÚDE;10;301;1017;2029;EDUCACAO PERMANENTE EM SAUDE;339030;500;6600.00;11232;3.3.90.30.00.00
02;02016;FUNDO MUNICIPAL DE SAÚDE;10;301;1017;2029;EDUCACAO PERMANENTE EM SAUDE;339030;600;6600.00;11626;3.3.90.30.00.00
02;02016;FUNDO MUNICIPAL DE SAÚDE;10;301;1017;2029;EDUCACAO PERMANENTE EM SAUDE;339036;500;6600.00;11233;3.3.90.36.00.00
02;02016;FUNDO MUNICIPAL DE SAÚDE;10;301;1017;2029;EDUCACAO PERMANENTE EM SAUDE;339036;600;6600.00;11625;3.3.90.36.00.00
02;02016;FUNDO MUNICIPAL DE SAÚDE;10;301;1017;2029;EDUCACAO PERMANENTE EM SAUDE;339039;500;6600.00;11234;3.3.90.39.00.00
02;02016;FUNDO MUNICIPAL DE SAÚDE;10;301;1017;2029;EDUCACAO PERMANENTE EM SAUDE;339039;600;1100.00;11624;3.3.90.39.00.00
02;02016;FUNDO MUNICIPAL DE SAÚDE;10;301;1017;2030;MANUT DAS ATIV DO SISTEMA MUNICIPAL DE SAUDE;319004;500;255400.00;11235;3.1.90.04.00.00
02;02016;FUNDO MUNICIPAL DE SAÚDE;10;301;1017;2030;MANUT DAS ATIV DO SISTEMA MUNICIPAL DE SAUDE;319004;600;99000.00;11623;3.1.90.04.00.00
02;02016;FUNDO MUNICIPAL DE SAÚDE;10;301;1017;2030;MANUT DAS ATIV DO SISTEMA MUNICIPAL DE SAUDE;319004;605;5500.00;11738;3.1.90.04.00.00
02;02016;FUNDO MUNICIPAL DE SAÚDE;10;301;1017;2030;MANUT DAS ATIV DO SISTEMA MUNICIPAL DE SAUDE;319011;500;535000.00;11236;3.1.90.11.00.00
02;02016;FUNDO MUNICIPAL DE SAÚDE;10;301;1017;2030;MANUT DAS ATIV DO SISTEMA MUNICIPAL DE SAUDE;319011;600;34980.00;11622;3.1.90.11.00.00
02;02016;FUNDO MUNICIPAL DE SAÚDE;10;301;1017;2030;MANUT DAS ATIV DO SISTEMA MUNICIPAL DE SAUDE;319011;605;2200.00;11739;3.1.90.11.00.00
02;02016;FUNDO MUNICIPAL DE SAÚDE;10;301;1017;2030;MANUT DAS ATIV DO SISTEMA MUNICIPAL DE SAUDE;319013;500;151300.00;11244;3.1.90.13.00.00
02;02016;FUNDO MUNICIPAL DE SAÚDE;10;301;1017;2030;MANUT DAS ATIV DO SISTEMA MUNICIPAL DE SAUDE;319013;600;22000.00;11621;3.1.90.13.00.00
02;02016;FUNDO MUNICIPAL DE SAÚDE;10;301;1017;2030;MANUT DAS ATIV DO SISTEMA MUNICIPAL DE SAUDE;319013;605;2200.00;11740;3.1.90.13.00.00
02;02016;FUNDO MUNICIPAL DE SAÚDE;10;301;1017;2030;MANUT DAS ATIV DO SISTEMA MUNICIPAL DE SAUDE;319016;500;5500.00;11245;3.1.90.16.00.00
02;02016;FUNDO MUNICIPAL DE SAÚDE;10;301;1017;2030;MANUT DAS ATIV DO SISTEMA MUNICIPAL DE SAUDE;319016;621;5500.00;11742;3.1.90.16.00.00
02;02016;FUNDO MUNICIPAL DE SAÚDE;10;301;1017;2030;MANUT DAS ATIV DO SISTEMA MUNICIPAL DE SAUDE;319016;631;6600.00;11751;3.1.90.16.00.00
02;02016;FUNDO MUNICIPAL DE SAÚDE;10;301;1017;2030;MANUT DAS ATIV DO SISTEMA MUNICIPAL DE SAUDE;319113;500;503400.00;11246;3.1.91.13.00.00
02;02016;FUNDO MUNICIPAL DE SAÚDE;10;301;1017;2030;MANUT DAS ATIV DO SISTEMA MUNICIPAL DE SAUDE;319113;600;809600.00;11620;3.1.91.13.00.00
02;02016;FUNDO MUNICIPAL DE SAÚDE;10;301;1017;2030;MANUT DAS ATIV DO SISTEMA MUNICIPAL DE SAUDE;335043;500;6600.00;11247;3.3.50.43.00.00
02;02016;FUNDO MUNICIPAL DE SAÚDE;10;301;1017;2030;MANUT DAS ATIV DO SISTEMA MUNICIPAL DE SAUDE;339014;500;47300.00;11248;3.3.90.14.00.00
02;02016;FUNDO MUNICIPAL DE SAÚDE;10;301;1017;2030;MANUT DAS ATIV DO SISTEMA MUNICIPAL DE SAUDE;339030;500;751961.04;11249;3.3.90.30.00.00
02;02016;FUNDO MUNICIPAL DE SAÚDE;10;301;1017;2030;MANUT DAS ATIV DO SISTEMA MUNICIPAL DE SAUDE;339030;600;432426.39;11619;3.3.90.30.00.00
02;02016;FUNDO MUNICIPAL DE SAÚDE;10;301;1017;2030;MANUT DAS ATIV DO SISTEMA MUNICIPAL DE SAUDE;339032;500;77000.00;11250;3.3.90.32.00.00
02;02016;FUNDO MUNICIPAL DE SAÚDE;10;301;1017;2030;MANUT DAS ATIV DO SISTEMA MUNICIPAL DE SAUDE;339032;600;13200.00;11618;3.3.90.32.00.00
02;02016;FUNDO MUNICIPAL DE SAÚDE;10;301;1017;2030;MANUT DAS ATIV DO SISTEMA MUNICIPAL DE SAUDE;339033;500;13200.00;11251;3.3.90.33.00.00
02;02016;FUNDO MUNICIPAL DE SAÚDE;10;301;1017;2030;MANUT DAS ATIV DO SISTEMA MUNICIPAL DE SAUDE;339035;500;6930.00;11252;3.3.90.35.00.00
02;02016;FUNDO MUNICIPAL DE SAÚDE;10;301;1017;2030;MANUT DAS ATIV DO SISTEMA MUNICIPAL DE SAUDE;339035;600;6930.00;11617;3.3.90.35.00.00
02;02016;FUNDO MUNICIPAL DE SAÚDE;10;301;1017;2030;MANUT DAS ATIV DO SISTEMA MUNICIPAL DE SAUDE;339036;500;372395.00;11253;3.3.90.36.00.00
02;02016;FUNDO MUNICIPAL DE SAÚDE;10;301;1017;2030;MANUT DAS ATIV DO SISTEMA MUNICIPAL DE SAUDE;339036;600;330330.00;11616;3.3.90.36.00.00
02;02016;FUNDO MUNICIPAL DE SAÚDE;10;301;1017;2030;MANUT DAS ATIV DO SISTEMA MUNICIPAL DE SAUDE;339039;500;1203590.00;11254;3.3.90.39.00.00
02;02016;FUNDO MUNICIPAL DE SAÚDE;10;301;1017;2030;MANUT DAS ATIV DO SISTEMA MUNICIPAL DE SAUDE;339039;600;2145423.61;11615;3.3.90.39.00.00
02;02016;FUNDO MUNICIPAL DE SAÚDE;10;301;1017;2030;MANUT DAS ATIV DO SISTEMA MUNICIPAL DE SAUDE;339047;500;33880.00;11255;3.3.90.47.00.00
02;02016;FUNDO MUNICIPAL DE SAÚDE;10;301;1017;2030;MANUT DAS ATIV DO SISTEMA MUNICIPAL DE SAUDE;339091;500;5500.00;10910;3.3.90.91.00.00
02;02016;FUNDO MUNICIPAL DE SAÚDE;10;301;1017;2030;MANUT DAS ATIV DO SISTEMA MUNICIPAL DE SAUDE;339091;600;5500.00;11610;3.3.90.91.00.00
02;02016;FUNDO MUNICIPAL DE SAÚDE;10;301;1017;2030;MANUT DAS ATIV DO SISTEMA MUNICIPAL DE SAUDE;339092;500;158757.50;11256;3.3.90.92.00.00
02;02016;FUNDO MUNICIPAL DE SAÚDE;10;301;1017;2030;MANUT DAS ATIV DO SISTEMA MUNICIPAL DE SAUDE;339092;600;238370.00;11613;3.3.90.92.00.00
02;02016;FUNDO MUNICIPAL DE SAÚDE;10;301;1017;2030;MANUT DAS ATIV DO SISTEMA MUNICIPAL DE SAUDE;339093;600;10395.00;11614;3.3.90.93.00.00
02;02016;FUNDO MUNICIPAL DE SAÚDE;10;301;1017;2030;MANUT DAS ATIV DO SISTEMA MUNICIPAL DE SAUDE;339093;605;5500.00;11909;3.3.90.93.00.00
02;02016;FUNDO MUNICIPAL DE SAÚDE;10;301;1017;2030;MANUT DAS ATIV DO SISTEMA MUNICIPAL DE SAUDE;449052;500;13860.00;11257;4.4.90.52.00.00
02;02016;FUNDO MUNICIPAL DE SAÚDE;10;301;1017;2030;MANUT DAS ATIV DO SISTEMA MUNICIPAL DE SAUDE;449052;600;42735.00;11612;4.4.90.52.00.00
02;02016;FUNDO MUNICIPAL DE SAÚDE;10;301;1017;2060;CONTRIBUICAO PARA O CONSORCIO DE SAUDE;337170;500;25987.50;11258;3.3.71.70.00.00
02;02016;FUNDO MUNICIPAL DE SAÚDE;10;301;1017;2060;CONTRIBUICAO PARA O CONSORCIO DE SAUDE;337170;600;2750.00;11611;3.3.71.70.00.00
02;02016;FUNDO MUNICIPAL DE SAÚDE;10;301;1017;2072;MANUT.DAS ATIV DO PROG SAÚDE DA FAMILIA;319004;500;344300.00;11259;3.1.90.04.00.00
02;02016;FUNDO MUNICIPAL DE SAÚDE;10;301;1017;2072;MANUT.DAS ATIV DO PROG SAÚDE DA FAMILIA;319004;600;1316150.00;11704;3.1.90.04.00.00
02;02016;FUNDO MUNICIPAL DE SAÚDE;10;301;1017;2072;MANUT.DAS ATIV DO PROG SAÚDE DA FAMILIA;319004;605;110000.00;11722;3.1.90.04.00.00
02;02016;FUNDO MUNICIPAL DE SAÚDE;10;301;1017;2072;MANUT.DAS ATIV DO PROG SAÚDE DA FAMILIA;319011;500;181500.00;11260;3.1.90.11.00.00
02;02016;FUNDO MUNICIPAL DE SAÚDE;10;301;1017;2072;MANUT.DAS ATIV DO PROG SAÚDE DA FAMILIA;319011;600;1562000.00;11703;3.1.90.11.00.00
02;02016;FUNDO MUNICIPAL DE SAÚDE;10;301;1017;2072;MANUT.DAS ATIV DO PROG SAÚDE DA FAMILIA;319011;605;154000.00;11723;3.1.90.11.00.00
02;02016;FUNDO MUNICIPAL DE SAÚDE;10;301;1017;2072;MANUT.DAS ATIV DO PROG SAÚDE DA FAMILIA;319013;500;66550.00;11261;3.1.90.13.00.00
02;02016;FUNDO MUNICIPAL DE SAÚDE;10;301;1017;2072;MANUT.DAS ATIV DO PROG SAÚDE DA FAMILIA;319013;600;102300.00;11702;3.1.90.13.00.00
02;02016;FUNDO MUNICIPAL DE SAÚDE;10;301;1017;2072;MANUT.DAS ATIV DO PROG SAÚDE DA FAMILIA;319013;605;22000.00;11724;3.1.90.13.00.00
02;02016;FUNDO MUNICIPAL DE SAÚDE;10;301;1017;2072;MANUT.DAS ATIV DO PROG SAÚDE DA FAMILIA;319016;500;6600.00;11262;3.1.90.16.00.00
02;02016;FUNDO MUNICIPAL DE SAÚDE;10;301;1017;2072;MANUT.DAS ATIV DO PROG SAÚDE DA FAMILIA;319016;600;6600.00;11701;3.1.90.16.00.00
02;02016;FUNDO MUNICIPAL DE SAÚDE;10;301;1017;2072;MANUT.DAS ATIV DO PROG SAÚDE DA FAMILIA;319091;500;6600.00;11263;3.1.90.91.00.00
02;02016;FUNDO MUNICIPAL DE SAÚDE;10;301;1017;2072;MANUT.DAS ATIV DO PROG SAÚDE DA FAMILIA;319091;600;6600.00;11700;3.1.90.91.00.00
02;02016;FUNDO MUNICIPAL DE SAÚDE;10;301;1017;2072;MANUT.DAS ATIV DO PROG SAÚDE DA FAMILIA;319113;500;364838.96;11264;3.1.91.13.00.00
02;02016;FUNDO MUNICIPAL DE SAÚDE;10;301;1017;2072;MANUT.DAS ATIV DO PROG SAÚDE DA FAMILIA;319113;600;674850.00;11699;3.1.91.13.00.00
02;02016;FUNDO MUNICIPAL DE SAÚDE;10;301;1017;2072;MANUT.DAS ATIV DO PROG SAÚDE DA FAMILIA;339014;500;6600.00;11265;3.3.90.14.00.00
02;02016;FUNDO MUNICIPAL DE SAÚDE;10;301;1017;2072;MANUT.DAS ATIV DO PROG SAÚDE DA FAMILIA;339014;600;6600.00;11698;3.3.90.14.00.00
02;02016;FUNDO MUNICIPAL DE SAÚDE;10;301;1017;2072;MANUT.DAS ATIV DO PROG SAÚDE DA FAMILIA;339030;500;110000.00;11266;3.3.90.30.00.00
02;02016;FUNDO MUNICIPAL DE SAÚDE;10;301;1017;2072;MANUT.DAS ATIV DO PROG SAÚDE DA FAMILIA;339030;600;536800.00;11697;3.3.90.30.00.00
02;02016;FUNDO MUNICIPAL DE SAÚDE;10;301;1017;2072;MANUT.DAS ATIV DO PROG SAÚDE DA FAMILIA;339036;500;44000.00;11267;3.3.90.36.00.00
02;02016;FUNDO MUNICIPAL DE SAÚDE;10;301;1017;2072;MANUT.DAS ATIV DO PROG SAÚDE DA FAMILIA;339036;600;33000.00;11696;3.3.90.36.00.00
02;02016;FUNDO MUNICIPAL DE SAÚDE;10;301;1017;2072;MANUT.DAS ATIV DO PROG SAÚDE DA FAMILIA;339039;500;289300.00;11268;3.3.90.39.00.00
02;02016;FUNDO MUNICIPAL DE SAÚDE;10;301;1017;2072;MANUT.DAS ATIV DO PROG SAÚDE DA FAMILIA;339039;600;2178000.00;11695;3.3.90.39.00.00
02;02016;FUNDO MUNICIPAL DE SAÚDE;10;301;1017;2072;MANUT.DAS ATIV DO PROG SAÚDE DA FAMILIA;339092;500;6600.00;11269;3.3.90.92.00.00
02;02016;FUNDO MUNICIPAL DE SAÚDE;10;301;1017;2072;MANUT.DAS ATIV DO PROG SAÚDE DA FAMILIA;339092;600;6600.00;11694;3.3.90.92.00.00
02;02016;FUNDO MUNICIPAL DE SAÚDE;10;301;1017;2073;MANUTENÇÃO DAS ATIVIDADES DO ACS;319004;604;110000.00;11275;3.1.90.04.01.00
02;02016;FUNDO MUNICIPAL DE SAÚDE;10;301;1017;2073;MANUTENÇÃO DAS ATIVIDADES DO ACS;319011;500;293700.00;11270;3.1.90.11.00.00
02;02016;FUNDO MUNICIPAL DE SAÚDE;10;301;1017;2073;MANUTENÇÃO DAS ATIVIDADES DO ACS;319011;604;2860000.00;11693;3.1.90.11.00.00
02;02016;FUNDO MUNICIPAL DE SAÚDE;10;301;1017;2073;MANUTENÇÃO DAS ATIVIDADES DO ACS;319013;500;6600.00;11271;3.1.90.13.00.00
02;02016;FUNDO MUNICIPAL DE SAÚDE;10;301;1017;2073;MANUTENÇÃO DAS ATIVIDADES DO ACS;319013;600;6600.00;11692;3.1.90.13.00.00
02;02016;FUNDO MUNICIPAL DE SAÚDE;10;301;1017;2073;MANUTENÇÃO DAS ATIVIDADES DO ACS;319016;500;6600.00;11272;3.1.90.16.00.00
02;02016;FUNDO MUNICIPAL DE SAÚDE;10;301;1017;2073;MANUTENÇÃO DAS ATIVIDADES DO ACS;319016;600;6600.00;11691;3.1.90.16.00.00
02;02016;FUNDO MUNICIPAL DE SAÚDE;10;301;1017;2073;MANUTENÇÃO DAS ATIVIDADES DO ACS;319113;500;367400.00;11273;3.1.91.13.00.00
02;02016;FUNDO MUNICIPAL DE SAÚDE;10;301;1017;2073;MANUTENÇÃO DAS ATIVIDADES DO ACS;319113;600;1595000.00;11690;3.1.91.13.00.00
02;02016;FUNDO MUNICIPAL DE SAÚDE;10;301;1017;2073;MANUTENÇÃO DAS ATIVIDADES DO ACS;339030;500;19800.00;11274;3.3.90.30.00.00
02;02016;FUNDO MUNICIPAL DE SAÚDE;10;301;1017;2073;MANUTENÇÃO DAS ATIVIDADES DO ACS;339030;600;8800.00;11689;3.3.90.30.00.00
02;02016;FUNDO MUNICIPAL DE SAÚDE;10;301;1017;2073;MANUTENÇÃO DAS ATIVIDADES DO ACS;339091;500;5500.00;10911;3.3.90.91.00.00
02;02016;FUNDO MUNICIPAL DE SAÚDE;10;301;1017;2073;MANUTENÇÃO DAS ATIVIDADES DO ACS;339091;600;5500.00;11609;3.3.90.91.00.00
02;02016;FUNDO MUNICIPAL DE SAÚDE;10;301;1017;2074;MANUTENÇÃO DO PROGRAMA SAÚDE BUCAL;319004;500;159845.84;11276;3.1.90.04.00.00
02;02016;FUNDO MUNICIPAL DE SAÚDE;10;301;1017;2074;MANUTENÇÃO DO PROGRAMA SAÚDE BUCAL;319004;600;495000.00;11688;3.1.90.04.00.00
02;02016;FUNDO MUNICIPAL DE SAÚDE;10;301;1017;2074;MANUTENÇÃO DO PROGRAMA SAÚDE BUCAL;319011;600;572000.00;11687;3.1.90.11.00.00
02;02016;FUNDO MUNICIPAL DE SAÚDE;10;301;1017;2074;MANUTENÇÃO DO PROGRAMA SAÚDE BUCAL;319013;500;16500.00;11278;3.1.90.13.00.00
02;02016;FUNDO MUNICIPAL DE SAÚDE;10;301;1017;2074;MANUTENÇÃO DO PROGRAMA SAÚDE BUCAL;319013;600;52800.00;11686;3.1.90.13.00.00
02;02016;FUNDO MUNICIPAL DE SAÚDE;10;301;1017;2074;MANUTENÇÃO DO PROGRAMA SAÚDE BUCAL;319113;500;17600.00;11279;3.1.91.13.00.00
02;02016;FUNDO MUNICIPAL DE SAÚDE;10;301;1017;2074;MANUTENÇÃO DO PROGRAMA SAÚDE BUCAL;319113;600;209000.00;11685;3.1.91.13.00.00
02;02016;FUNDO MUNICIPAL DE SAÚDE;10;301;1017;2074;MANUTENÇÃO DO PROGRAMA SAÚDE BUCAL;339039;600;6600.00;11684;3.3.90.39.00.00
02;02016;FUNDO MUNICIPAL DE SAÚDE;10;301;1017;2086;AÇÕES DE COMBATE A SURTOS, EPIDEMIAS E PANDEMIAS;319004;604;27500.00;11897;3.1.90.04.00.00
02;02016;FUNDO MUNICIPAL DE SAÚDE;10;301;1017;2086;AÇÕES DE COMBATE A SURTOS, EPIDEMIAS E PANDEMIAS;319011;604;88000.00;11898;3.1.90.11.00.00
02;02016;FUNDO MUNICIPAL DE SAÚDE;10;301;1017;2086;AÇÕES DE COMBATE A SURTOS, EPIDEMIAS E PANDEMIAS;319013;600;22000.00;11710;3.1.90.13.00.00
02;02016;FUNDO MUNICIPAL DE SAÚDE;10;301;1017;2086;AÇÕES DE COMBATE A SURTOS, EPIDEMIAS E PANDEMIAS;335041;600;2200.00;11711;3.3.50.41.00.00
02;02016;FUNDO MUNICIPAL DE SAÚDE;10;301;1017;2086;AÇÕES DE COMBATE A SURTOS, EPIDEMIAS E PANDEMIAS;339014;600;2750.00;11718;3.3.90.14.00.00
02;02016;FUNDO MUNICIPAL DE SAÚDE;10;301;1017;2086;AÇÕES DE COMBATE A SURTOS, EPIDEMIAS E PANDEMIAS;339030;600;55000.00;11712;3.3.90.30.00.00
02;02016;FUNDO MUNICIPAL DE SAÚDE;10;301;1017;2086;AÇÕES DE COMBATE A SURTOS, EPIDEMIAS E PANDEMIAS;339032;600;11000.00;11713;3.3.90.32.00.00
02;02016;FUNDO MUNICIPAL DE SAÚDE;10;301;1017;2086;AÇÕES DE COMBATE A SURTOS, EPIDEMIAS E PANDEMIAS;339036;600;22000.00;11714;3.3.90.36.00.00
02;02016;FUNDO MUNICIPAL DE SAÚDE;10;301;1017;2086;AÇÕES DE COMBATE A SURTOS, EPIDEMIAS E PANDEMIAS;339039;600;13200.00;11715;3.3.90.39.00.00
02;02016;FUNDO MUNICIPAL DE SAÚDE;10;301;1017;2086;AÇÕES DE COMBATE A SURTOS, EPIDEMIAS E PANDEMIAS;339048;600;22000.00;11716;3.3.90.48.00.00
02;02016;FUNDO MUNICIPAL DE SAÚDE;10;301;1017;2086;AÇÕES DE COMBATE A SURTOS, EPIDEMIAS E PANDEMIAS;449052;600;22000.00;11717;4.4.90.52.00.00
02;02016;FUNDO MUNICIPAL DE SAÚDE;10;301;1017;2117;MANUTENÇÃO DO PROG DE INCENTIVO FINANCEIRO DO SUS;339030;600;11000.00;11900;3.3.90.30.00.00
02;02016;FUNDO MUNICIPAL DE SAÚDE;10;301;1017;2117;MANUTENÇÃO DO PROG DE INCENTIVO FINANCEIRO DO SUS;339031;600;220000.00;11631;3.3.90.31.00.00
02;02016;FUNDO MUNICIPAL DE SAÚDE;10;301;1017;2117;MANUTENÇÃO DO PROG DE INCENTIVO FINANCEIRO DO SUS;339036;600;16500.00;11899;3.3.90.36.00.00
02;02016;FUNDO MUNICIPAL DE SAÚDE;10;301;1017;2117;MANUTENÇÃO DO PROG DE INCENTIVO FINANCEIRO DO SUS;339039;600;11000.00;11901;3.3.90.39.00.00
02;02016;FUNDO MUNICIPAL DE SAÚDE;10;302;1017;2081;MANUTENÇÃO DAS ATIVIDADES DO SAMU;319004;500;172700.00;11281;3.1.90.04.00.00
02;02016;FUNDO MUNICIPAL DE SAÚDE;10;302;1017;2081;MANUTENÇÃO DAS ATIVIDADES DO SAMU;319004;600;440000.00;11683;3.1.90.04.00.00
02;02016;FUNDO MUNICIPAL DE SAÚDE;10;302;1017;2081;MANUTENÇÃO DAS ATIVIDADES DO SAMU;319004;605;103400.00;11719;3.1.90.04.00.00
02;02016;FUNDO MUNICIPAL DE SAÚDE;10;302;1017;2081;MANUTENÇÃO DAS ATIVIDADES DO SAMU;319011;500;165000.00;11282;3.1.90.11.00.00
02;02016;FUNDO MUNICIPAL DE SAÚDE;10;302;1017;2081;MANUTENÇÃO DAS ATIVIDADES DO SAMU;319011;600;553300.00;11682;3.1.90.11.00.00
02;02016;FUNDO MUNICIPAL DE SAÚDE;10;302;1017;2081;MANUTENÇÃO DAS ATIVIDADES DO SAMU;319011;605;66000.00;11720;3.1.90.11.00.00
02;02016;FUNDO MUNICIPAL DE SAÚDE;10;302;1017;2081;MANUTENÇÃO DAS ATIVIDADES DO SAMU;319013;500;33000.00;11283;3.1.90.13.00.00
02;02016;FUNDO MUNICIPAL DE SAÚDE;10;302;1017;2081;MANUTENÇÃO DAS ATIVIDADES DO SAMU;319013;600;69300.00;11681;3.1.90.13.00.00
02;02016;FUNDO MUNICIPAL DE SAÚDE;10;302;1017;2081;MANUTENÇÃO DAS ATIVIDADES DO SAMU;319013;605;9900.00;11721;3.1.90.13.00.00
02;02016;FUNDO MUNICIPAL DE SAÚDE;10;302;1017;2081;MANUTENÇÃO DAS ATIVIDADES DO SAMU;319016;500;6600.00;11284;3.1.90.16.00.00
02;02016;FUNDO MUNICIPAL DE SAÚDE;10;302;1017;2081;MANUTENÇÃO DAS ATIVIDADES DO SAMU;319016;600;6600.00;11680;3.1.90.16.00.00
02;02016;FUNDO MUNICIPAL DE SAÚDE;10;302;1017;2081;MANUTENÇÃO DAS ATIVIDADES DO SAMU;319113;500;132000.00;11285;3.1.91.13.00.00
02;02016;FUNDO MUNICIPAL DE SAÚDE;10;302;1017;2081;MANUTENÇÃO DAS ATIVIDADES DO SAMU;319113;600;264000.00;11679;3.1.91.13.00.00
02;02016;FUNDO MUNICIPAL DE SAÚDE;10;302;1017;2081;MANUTENÇÃO DAS ATIVIDADES DO SAMU;339030;500;55000.00;11286;3.3.90.30.00.00
02;02016;FUNDO MUNICIPAL DE SAÚDE;10;302;1017;2081;MANUTENÇÃO DAS ATIVIDADES DO SAMU;339030;600;38500.00;11678;3.3.90.30.00.00
02;02016;FUNDO MUNICIPAL DE SAÚDE;10;302;1017;2081;MANUTENÇÃO DAS ATIVIDADES DO SAMU;339036;500;48400.00;11287;3.3.90.36.00.00
02;02016;FUNDO MUNICIPAL DE SAÚDE;10;302;1017;2081;MANUTENÇÃO DAS ATIVIDADES DO SAMU;339036;600;5500.00;11677;3.3.90.36.00.00
02;02016;FUNDO MUNICIPAL DE SAÚDE;10;302;1017;2081;MANUTENÇÃO DAS ATIVIDADES DO SAMU;339039;500;218680.00;11288;3.3.90.39.00.00
02;02016;FUNDO MUNICIPAL DE SAÚDE;10;302;1017;2081;MANUTENÇÃO DAS ATIVIDADES DO SAMU;339039;600;588500.00;11676;3.3.90.39.00.00
02;02016;FUNDO MUNICIPAL DE SAÚDE;10;302;1017;2081;MANUTENÇÃO DAS ATIVIDADES DO SAMU;339047;500;9900.00;11292;3.3.90.47.00.00
02;02016;FUNDO MUNICIPAL DE SAÚDE;10;302;1017;2081;MANUTENÇÃO DAS ATIVIDADES DO SAMU;339047;600;6600.00;11674;3.3.90.47.00.00
02;02016;FUNDO MUNICIPAL DE SAÚDE;10;302;1017;2081;MANUTENÇÃO DAS ATIVIDADES DO SAMU;339091;500;5500.00;10912;3.3.90.91.00.00
02;02016;FUNDO MUNICIPAL DE SAÚDE;10;302;1017;2081;MANUTENÇÃO DAS ATIVIDADES DO SAMU;339091;600;5500.00;11608;3.3.90.91.00.00
02;02016;FUNDO MUNICIPAL DE SAÚDE;10;302;1018;1020;AQUISICAO DE EQUIPAMENTOS PARA SAUDE (BLMAC);449052;600;55000.00;11675;4.4.90.52.00.00
02;02016;FUNDO MUNICIPAL DE SAÚDE;10;302;1018;1020;AQUISICAO DE EQUIPAMENTOS PARA SAUDE (BLMAC);449052;601;88000.00;11705;4.4.90.52.00.00
02;02016;FUNDO MUNICIPAL DE SAÚDE;10;302;1018;1020;AQUISICAO DE EQUIPAMENTOS PARA SAUDE (BLMAC);449052;621;77000.00;11747;4.4.90.52.00.00
02;02016;FUNDO MUNICIPAL DE SAÚDE;10;302;1018;1020;AQUISICAO DE EQUIPAMENTOS PARA SAUDE (BLMAC);449052;631;55000.00;11748;4.4.90.52.00.00
02;02016;FUNDO MUNICIPAL DE SAÚDE;10;302;1018;1021;AQUISICAO DE VEICULOS (BLMAC);449052;601;66000.00;11706;4.4.90.52.00.00
02;02016;FUNDO MUNICIPAL DE SAÚDE;10;302;1018;1021;AQUISICAO DE VEICULOS (BLMAC);449052;621;66000.00;11746;4.4.90.52.00.00
02;02016;FUNDO MUNICIPAL DE SAÚDE;10;302;1018;1021;AQUISICAO DE VEICULOS (BLMAC);449052;631;77000.00;11749;4.4.90.52.00.00
02;02016;FUNDO MUNICIPAL DE SAÚDE;10;302;1018;1022;CONST/ REF E AMPL DE UNIDADES DE SAUDE (BLMAC);449051;601;66000.00;11707;4.4.90.51.00.00
02;02016;FUNDO MUNICIPAL DE SAÚDE;10;302;1018;1022;CONST/ REF E AMPL DE UNIDADES DE SAUDE (BLMAC);449051;621;66000.00;11745;4.4.90.51.00.00
02;02016;FUNDO MUNICIPAL DE SAÚDE;10;302;1018;1022;CONST/ REF E AMPL DE UNIDADES DE SAUDE (BLMAC);449051;631;220000.00;11750;4.4.90.51.00.00
02;02016;FUNDO MUNICIPAL DE SAÚDE;10;302;1018;2077;MANUTENÇÃO DA UNIDADE HOSPITALAR E AMBULATORIAL;319004;500;214351.59;11293;3.1.90.04.00.00
02;02016;FUNDO MUNICIPAL DE SAÚDE;10;302;1018;2077;MANUTENÇÃO DA UNIDADE HOSPITALAR E AMBULATORIAL;319004;600;913000.00;11673;3.1.90.04.00.00
02;02016;FUNDO MUNICIPAL DE SAÚDE;10;302;1018;2077;MANUTENÇÃO DA UNIDADE HOSPITALAR E AMBULATORIAL;319004;605;220000.00;11725;3.1.90.04.00.00
02;02016;FUNDO MUNICIPAL DE SAÚDE;10;302;1018;2077;MANUTENÇÃO DA UNIDADE HOSPITALAR E AMBULATORIAL;319011;500;1305350.00;11307;3.1.90.11.00.00
02;02016;FUNDO MUNICIPAL DE SAÚDE;10;302;1018;2077;MANUTENÇÃO DA UNIDADE HOSPITALAR E AMBULATORIAL;319011;600;1764400.00;11671;3.1.90.11.00.00
02;02016;FUNDO MUNICIPAL DE SAÚDE;10;302;1018;2077;MANUTENÇÃO DA UNIDADE HOSPITALAR E AMBULATORIAL;319011;605;352000.00;11727;3.1.90.11.00.00
02;02016;FUNDO MUNICIPAL DE SAÚDE;10;302;1018;2077;MANUTENÇÃO DA UNIDADE HOSPITALAR E AMBULATORIAL;319013;500;227918.46;11294;3.1.90.13.00.00
02;02016;FUNDO MUNICIPAL DE SAÚDE;10;302;1018;2077;MANUTENÇÃO DA UNIDADE HOSPITALAR E AMBULATORIAL;319013;600;55000.00;11672;3.1.90.13.00.00
02;02016;FUNDO MUNICIPAL DE SAÚDE;10;302;1018;2077;MANUTENÇÃO DA UNIDADE HOSPITALAR E AMBULATORIAL;319013;605;55000.00;11726;3.1.90.13.00.00
02;02016;FUNDO MUNICIPAL DE SAÚDE;10;302;1018;2077;MANUTENÇÃO DA UNIDADE HOSPITALAR E AMBULATORIAL;319016;500;11000.00;11308;3.1.90.16.00.00
02;02016;FUNDO MUNICIPAL DE SAÚDE;10;302;1018;2077;MANUTENÇÃO DA UNIDADE HOSPITALAR E AMBULATORIAL;319016;600;11000.00;11670;3.1.90.16.00.00
02;02016;FUNDO MUNICIPAL DE SAÚDE;10;302;1018;2077;MANUTENÇÃO DA UNIDADE HOSPITALAR E AMBULATORIAL;319113;500;534900.00;11309;3.1.91.13.00.00
02;02016;FUNDO MUNICIPAL DE SAÚDE;10;302;1018;2077;MANUTENÇÃO DA UNIDADE HOSPITALAR E AMBULATORIAL;319113;600;1562000.00;11669;3.1.91.13.00.00
02;02016;FUNDO MUNICIPAL DE SAÚDE;10;302;1018;2077;MANUTENÇÃO DA UNIDADE HOSPITALAR E AMBULATORIAL;339014;500;11000.00;11310;3.3.90.14.00.00
02;02016;FUNDO MUNICIPAL DE SAÚDE;10;302;1018;2077;MANUTENÇÃO DA UNIDADE HOSPITALAR E AMBULATORIAL;339014;600;11000.00;11668;3.3.90.14.00.00
02;02016;FUNDO MUNICIPAL DE SAÚDE;10;302;1018;2077;MANUTENÇÃO DA UNIDADE HOSPITALAR E AMBULATORIAL;339030;500;448000.00;11311;3.3.90.30.00.00
02;02016;FUNDO MUNICIPAL DE SAÚDE;10;302;1018;2077;MANUTENÇÃO DA UNIDADE HOSPITALAR E AMBULATORIAL;339030;600;1417900.00;11667;3.3.90.30.00.00
02;02016;FUNDO MUNICIPAL DE SAÚDE;10;302;1018;2077;MANUTENÇÃO DA UNIDADE HOSPITALAR E AMBULATORIAL;339030;621;423060.00;11744;3.3.90.30.00.00
02;02016;FUNDO MUNICIPAL DE SAÚDE;10;302;1018;2077;MANUTENÇÃO DA UNIDADE HOSPITALAR E AMBULATORIAL;339030;632;880000.00;11760;3.3.90.30.00.00
02;02016;FUNDO MUNICIPAL DE SAÚDE;10;302;1018;2077;MANUTENÇÃO DA UNIDADE HOSPITALAR E AMBULATORIAL;339036;500;42900.00;11312;3.3.90.36.00.00
02;02016;FUNDO MUNICIPAL DE SAÚDE;10;302;1018;2077;MANUTENÇÃO DA UNIDADE HOSPITALAR E AMBULATORIAL;339036;600;7700.00;11666;3.3.90.36.00.00
02;02016;FUNDO MUNICIPAL DE SAÚDE;10;302;1018;2077;MANUTENÇÃO DA UNIDADE HOSPITALAR E AMBULATORIAL;339039;500;87600.00;11313;3.3.90.39.00.00
02;02016;FUNDO MUNICIPAL DE SAÚDE;10;302;1018;2077;MANUTENÇÃO DA UNIDADE HOSPITALAR E AMBULATORIAL;339039;600;1753400.00;11665;3.3.90.39.00.00
02;02016;FUNDO MUNICIPAL DE SAÚDE;10;302;1018;2077;MANUTENÇÃO DA UNIDADE HOSPITALAR E AMBULATORIAL;339047;500;11000.00;11314;3.3.90.47.00.00
02;02016;FUNDO MUNICIPAL DE SAÚDE;10;302;1018;2077;MANUTENÇÃO DA UNIDADE HOSPITALAR E AMBULATORIAL;339047;600;3300.00;11664;3.3.90.47.00.00
02;02016;FUNDO MUNICIPAL DE SAÚDE;10;302;1018;2077;MANUTENÇÃO DA UNIDADE HOSPITALAR E AMBULATORIAL;339091;500;8800.00;10913;3.3.90.91.00.00
02;02016;FUNDO MUNICIPAL DE SAÚDE;10;302;1018;2077;MANUTENÇÃO DA UNIDADE HOSPITALAR E AMBULATORIAL;339091;600;11000.00;11607;3.3.90.91.00.00
02;02016;FUNDO MUNICIPAL DE SAÚDE;10;302;1018;2077;MANUTENÇÃO DA UNIDADE HOSPITALAR E AMBULATORIAL;339092;500;11000.00;11315;3.3.90.92.00.00
02;02016;FUNDO MUNICIPAL DE SAÚDE;10;302;1018;2077;MANUTENÇÃO DA UNIDADE HOSPITALAR E AMBULATORIAL;339092;600;89100.00;11663;3.3.90.92.00.00
02;02016;FUNDO MUNICIPAL DE SAÚDE;10;302;1018;2078;MANUTENÇÃO DA POLICLINICA MUNICIPAL;319004;500;661100.00;11316;3.1.90.04.00.00
02;02016;FUNDO MUNICIPAL DE SAÚDE;10;302;1018;2078;MANUTENÇÃO DA POLICLINICA MUNICIPAL;319004;600;605000.00;11662;3.1.90.04.00.00
02;02016;FUNDO MUNICIPAL DE SAÚDE;10;302;1018;2078;MANUTENÇÃO DA POLICLINICA MUNICIPAL;319004;605;55000.00;11728;3.1.90.04.00.00
02;02016;FUNDO MUNICIPAL DE SAÚDE;10;302;1018;2078;MANUTENÇÃO DA POLICLINICA MUNICIPAL;319011;500;822800.00;11317;3.1.90.11.00.00
02;02016;FUNDO MUNICIPAL DE SAÚDE;10;302;1018;2078;MANUTENÇÃO DA POLICLINICA MUNICIPAL;319011;600;1100000.00;11661;3.1.90.11.00.00
02;02016;FUNDO MUNICIPAL DE SAÚDE;10;302;1018;2078;MANUTENÇÃO DA POLICLINICA MUNICIPAL;319011;605;29700.00;11729;3.1.90.11.00.00
02;02016;FUNDO MUNICIPAL DE SAÚDE;10;302;1018;2078;MANUTENÇÃO DA POLICLINICA MUNICIPAL;319013;500;53900.00;11318;3.1.90.13.00.00
02;02016;FUNDO MUNICIPAL DE SAÚDE;10;302;1018;2078;MANUTENÇÃO DA POLICLINICA MUNICIPAL;319013;600;62700.00;11660;3.1.90.13.00.00
02;02016;FUNDO MUNICIPAL DE SAÚDE;10;302;1018;2078;MANUTENÇÃO DA POLICLINICA MUNICIPAL;319013;605;11000.00;11730;3.1.90.13.00.00
02;02016;FUNDO MUNICIPAL DE SAÚDE;10;302;1018;2078;MANUTENÇÃO DA POLICLINICA MUNICIPAL;319113;500;361900.00;11319;3.1.91.13.00.00
02;02016;FUNDO MUNICIPAL DE SAÚDE;10;302;1018;2078;MANUTENÇÃO DA POLICLINICA MUNICIPAL;319113;600;404800.00;11659;3.1.91.13.00.00
02;02016;FUNDO MUNICIPAL DE SAÚDE;10;302;1018;2078;MANUTENÇÃO DA POLICLINICA MUNICIPAL;339030;500;13200.00;11320;3.3.90.30.00.00
02;02016;FUNDO MUNICIPAL DE SAÚDE;10;302;1018;2078;MANUTENÇÃO DA POLICLINICA MUNICIPAL;339030;600;35200.00;11658;3.3.90.30.00.00
02;02016;FUNDO MUNICIPAL DE SAÚDE;10;302;1018;2078;MANUTENÇÃO DA POLICLINICA MUNICIPAL;339036;600;30800.00;11657;3.3.90.36.00.00
02;02016;FUNDO MUNICIPAL DE SAÚDE;10;302;1018;2078;MANUTENÇÃO DA POLICLINICA MUNICIPAL;339039;500;38500.00;11322;3.3.90.39.00.00
02;02016;FUNDO MUNICIPAL DE SAÚDE;10;302;1018;2078;MANUTENÇÃO DA POLICLINICA MUNICIPAL;339039;600;23650.00;11656;3.3.90.39.00.00
02;02016;FUNDO MUNICIPAL DE SAÚDE;10;302;1018;2078;MANUTENÇÃO DA POLICLINICA MUNICIPAL;339091;500;5500.00;10914;3.3.90.91.00.00
02;02016;FUNDO MUNICIPAL DE SAÚDE;10;302;1018;2078;MANUTENÇÃO DA POLICLINICA MUNICIPAL;339091;600;5500.00;11606;3.3.90.91.00.00
02;02016;FUNDO MUNICIPAL DE SAÚDE;10;302;1018;2079;MANTER ATIVIDADES DO CEO;319004;500;187000.00;11323;3.1.90.04.00.00
02;02016;FUNDO MUNICIPAL DE SAÚDE;10;302;1018;2079;MANTER ATIVIDADES DO CEO;319004;600;568700.00;11655;3.1.90.04.00.00
02;02016;FUNDO MUNICIPAL DE SAÚDE;10;302;1018;2079;MANTER ATIVIDADES DO CEO;319004;605;2750.00;11741;3.1.90.04.00.00
02;02016;FUNDO MUNICIPAL DE SAÚDE;10;302;1018;2079;MANTER ATIVIDADES DO CEO;319011;500;88000.00;11324;3.1.90.11.00.00
02;02016;FUNDO MUNICIPAL DE SAÚDE;10;302;1018;2079;MANTER ATIVIDADES DO CEO;319011;600;1210000.00;11654;3.1.90.11.00.00
02;02016;FUNDO MUNICIPAL DE SAÚDE;10;302;1018;2079;MANTER ATIVIDADES DO CEO;319013;500;28600.00;11325;3.1.90.13.00.00
02;02016;FUNDO MUNICIPAL DE SAÚDE;10;302;1018;2079;MANTER ATIVIDADES DO CEO;319013;600;62700.00;11653;3.1.90.13.00.00
02;02016;FUNDO MUNICIPAL DE SAÚDE;10;302;1018;2079;MANTER ATIVIDADES DO CEO;319013;605;93500.00;11731;3.1.90.13.00.00
02;02016;FUNDO MUNICIPAL DE SAÚDE;10;302;1018;2079;MANTER ATIVIDADES DO CEO;319113;500;13200.00;11326;3.1.91.13.00.00
02;02016;FUNDO MUNICIPAL DE SAÚDE;10;302;1018;2079;MANTER ATIVIDADES DO CEO;319113;600;121000.00;11652;3.1.91.13.00.00
02;02016;FUNDO MUNICIPAL DE SAÚDE;10;302;1018;2079;MANTER ATIVIDADES DO CEO;339014;500;5500.00;11327;3.3.90.14.00.00
02;02016;FUNDO MUNICIPAL DE SAÚDE;10;302;1018;2079;MANTER ATIVIDADES DO CEO;339030;500;42350.00;11328;3.3.90.30.00.00
02;02016;FUNDO MUNICIPAL DE SAÚDE;10;302;1018;2079;MANTER ATIVIDADES DO CEO;339030;600;33000.00;11651;3.3.90.30.00.00
02;02016;FUNDO MUNICIPAL DE SAÚDE;10;302;1018;2079;MANTER ATIVIDADES DO CEO;339036;600;13200.00;11650;3.3.90.36.00.00
02;02016;FUNDO MUNICIPAL DE SAÚDE;10;302;1018;2079;MANTER ATIVIDADES DO CEO;339039;500;13200.00;11330;3.3.90.39.00.00
02;02016;FUNDO MUNICIPAL DE SAÚDE;10;302;1018;2079;MANTER ATIVIDADES DO CEO;339039;600;8800.00;11649;3.3.90.39.00.00
02;02016;FUNDO MUNICIPAL DE SAÚDE;10;302;1018;2079;MANTER ATIVIDADES DO CEO;339091;500;5500.00;10915;3.3.90.91.00.00
02;02016;FUNDO MUNICIPAL DE SAÚDE;10;302;1018;2079;MANTER ATIVIDADES DO CEO;339091;600;5500.00;11605;3.3.90.91.00.00
02;02016;FUNDO MUNICIPAL DE SAÚDE;10;303;1007;2032;DESENV AS ATIV DO BLOCO DE FARMACIA BASICA-BLAFB;339032;500;225500.00;11331;3.3.90.32.00.00
02;02016;FUNDO MUNICIPAL DE SAÚDE;10;303;1007;2032;DESENV AS ATIV DO BLOCO DE FARMACIA BASICA-BLAFB;339032;600;1436600.00;11648;3.3.90.32.00.00
02;02016;FUNDO MUNICIPAL DE SAÚDE;10;303;1007;2032;DESENV AS ATIV DO BLOCO DE FARMACIA BASICA-BLAFB;339032;621;18700.00;11743;3.3.90.32.00.00
02;02016;FUNDO MUNICIPAL DE SAÚDE;10;303;1018;2080;MANTER ATIVIDADES DO CAPS;319004;500;72600.00;11332;3.1.90.04.00.00
02;02016;FUNDO MUNICIPAL DE SAÚDE;10;303;1018;2080;MANTER ATIVIDADES DO CAPS;319004;600;124300.00;11647;3.1.90.04.00.00
02;02016;FUNDO MUNICIPAL DE SAÚDE;10;303;1018;2080;MANTER ATIVIDADES DO CAPS;319004;605;24200.00;11735;3.1.90.04.00.00
02;02016;FUNDO MUNICIPAL DE SAÚDE;10;303;1018;2080;MANTER ATIVIDADES DO CAPS;319011;500;58300.00;11333;3.1.90.11.00.00
02;02016;FUNDO MUNICIPAL DE SAÚDE;10;303;1018;2080;MANTER ATIVIDADES DO CAPS;319011;600;174900.00;11646;3.1.90.11.00.00
02;02016;FUNDO MUNICIPAL DE SAÚDE;10;303;1018;2080;MANTER ATIVIDADES DO CAPS;319011;605;6600.00;11736;3.1.90.11.00.00
02;02016;FUNDO MUNICIPAL DE SAÚDE;10;303;1018;2080;MANTER ATIVIDADES DO CAPS;319013;500;16500.00;11339;3.1.90.13.00.00
02;02016;FUNDO MUNICIPAL DE SAÚDE;10;303;1018;2080;MANTER ATIVIDADES DO CAPS;319013;600;12100.00;11645;3.1.90.13.00.00
02;02016;FUNDO MUNICIPAL DE SAÚDE;10;303;1018;2080;MANTER ATIVIDADES DO CAPS;319013;605;17600.00;11737;3.1.90.13.00.00
02;02016;FUNDO MUNICIPAL DE SAÚDE;10;303;1018;2080;MANTER ATIVIDADES DO CAPS;319113;500;39600.00;11340;3.1.91.13.00.00
02;02016;FUNDO MUNICIPAL DE SAÚDE;10;303;1018;2080;MANTER ATIVIDADES DO CAPS;319113;600;53900.00;11644;3.1.91.13.00.00
02;02016;FUNDO MUNICIPAL DE SAÚDE;10;303;1018;2080;MANTER ATIVIDADES DO CAPS;339030;500;26400.00;11341;3.3.90.30.00.00
02;02016;FUNDO MUNICIPAL DE SAÚDE;10;303;1018;2080;MANTER ATIVIDADES DO CAPS;339030;600;107800.00;11643;3.3.90.30.00.00
02;02016;FUNDO MUNICIPAL DE SAÚDE;10;303;1018;2080;MANTER ATIVIDADES DO CAPS;339036;600;23100.00;11642;3.3.90.36.00.00
02;02016;FUNDO MUNICIPAL DE SAÚDE;10;303;1018;2080;MANTER ATIVIDADES DO CAPS;339039;500;152570.00;11343;3.3.90.39.00.00
02;02016;FUNDO MUNICIPAL DE SAÚDE;10;303;1018;2080;MANTER ATIVIDADES DO CAPS;339039;600;314600.00;11641;3.3.90.39.00.00
02;02016;FUNDO MUNICIPAL DE SAÚDE;10;304;1017;1023;AQUIS DE EQUIPAMENTOS PARA SAUDE ( VIGILANCIA EM S;449052;601;19800.00;11709;4.4.90.52.00.00
02;02016;FUNDO MUNICIPAL DE SAÚDE;10;304;1017;1025;AQUISICAO DE VEICULOS (VIG EM SAUDE);449052;500;9900.00;11345;4.4.90.52.00.00
02;02016;FUNDO MUNICIPAL DE SAÚDE;10;304;1017;1025;AQUISICAO DE VEICULOS (VIG EM SAUDE);449052;601;77000.00;11708;4.4.90.52.00.00
02;02016;FUNDO MUNICIPAL DE SAÚDE;10;305;1017;2033;DESENV AS ATIVI DO BLOCO DE VIGIL. EM SAUDE-BLVGS;319004;500;81400.00;11346;3.1.90.04.00.00
02;02016;FUNDO MUNICIPAL DE SAÚDE;10;305;1017;2033;DESENV AS ATIVI DO BLOCO DE VIGIL. EM SAUDE-BLVGS;319004;600;24200.00;11640;3.1.90.04.00.00
02;02016;FUNDO MUNICIPAL DE SAÚDE;10;305;1017;2033;DESENV AS ATIVI DO BLOCO DE VIGIL. EM SAUDE-BLVGS;319004;605;19800.00;11732;3.1.90.04.00.00
02;02016;FUNDO MUNICIPAL DE SAÚDE;10;305;1017;2033;DESENV AS ATIVI DO BLOCO DE VIGIL. EM SAUDE-BLVGS;319011;500;715000.00;11347;3.1.90.11.00.00
02;02016;FUNDO MUNICIPAL DE SAÚDE;10;305;1017;2033;DESENV AS ATIVI DO BLOCO DE VIGIL. EM SAUDE-BLVGS;319011;600;183700.00;11639;3.1.90.11.00.00
02;02016;FUNDO MUNICIPAL DE SAÚDE;10;305;1017;2033;DESENV AS ATIVI DO BLOCO DE VIGIL. EM SAUDE-BLVGS;319013;500;55000.00;11348;3.1.90.13.00.00
02;02016;FUNDO MUNICIPAL DE SAÚDE;10;305;1017;2033;DESENV AS ATIVI DO BLOCO DE VIGIL. EM SAUDE-BLVGS;319013;600;13200.00;11638;3.1.90.13.00.00
02;02016;FUNDO MUNICIPAL DE SAÚDE;10;305;1017;2033;DESENV AS ATIVI DO BLOCO DE VIGIL. EM SAUDE-BLVGS;319013;605;18700.00;11733;3.1.90.13.00.00
02;02016;FUNDO MUNICIPAL DE SAÚDE;10;305;1017;2033;DESENV AS ATIVI DO BLOCO DE VIGIL. EM SAUDE-BLVGS;319113;500;385000.00;11349;3.1.91.13.00.00
02;02016;FUNDO MUNICIPAL DE SAÚDE;10;305;1017;2033;DESENV AS ATIVI DO BLOCO DE VIGIL. EM SAUDE-BLVGS;319113;600;16500.00;11637;3.1.91.13.00.00
02;02016;FUNDO MUNICIPAL DE SAÚDE;10;305;1017;2033;DESENV AS ATIVI DO BLOCO DE VIGIL. EM SAUDE-BLVGS;319113;605;16500.00;11734;3.1.91.13.00.00
02;02016;FUNDO MUNICIPAL DE SAÚDE;10;305;1017;2033;DESENV AS ATIVI DO BLOCO DE VIGIL. EM SAUDE-BLVGS;339014;500;3300.00;11350;3.3.90.14.00.00
02;02016;FUNDO MUNICIPAL DE SAÚDE;10;305;1017;2033;DESENV AS ATIVI DO BLOCO DE VIGIL. EM SAUDE-BLVGS;339014;600;3300.00;11636;3.3.90.14.00.00
02;02016;FUNDO MUNICIPAL DE SAÚDE;10;305;1017;2033;DESENV AS ATIVI DO BLOCO DE VIGIL. EM SAUDE-BLVGS;339030;500;27500.00;11351;3.3.90.30.00.00
02;02016;FUNDO MUNICIPAL DE SAÚDE;10;305;1017;2033;DESENV AS ATIVI DO BLOCO DE VIGIL. EM SAUDE-BLVGS;339030;600;16500.00;11635;3.3.90.30.00.00
02;02016;FUNDO MUNICIPAL DE SAÚDE;10;305;1017;2033;DESENV AS ATIVI DO BLOCO DE VIGIL. EM SAUDE-BLVGS;339035;600;28600.00;11634;3.3.90.35.00.00
02;02016;FUNDO MUNICIPAL DE SAÚDE;10;305;1017;2033;DESENV AS ATIVI DO BLOCO DE VIGIL. EM SAUDE-BLVGS;339036;500;11000.00;11364;3.3.90.36.00.00
02;02016;FUNDO MUNICIPAL DE SAÚDE;10;305;1017;2033;DESENV AS ATIVI DO BLOCO DE VIGIL. EM SAUDE-BLVGS;339036;600;11000.00;11633;3.3.90.36.00.00
02;02016;FUNDO MUNICIPAL DE SAÚDE;10;305;1017;2033;DESENV AS ATIVI DO BLOCO DE VIGIL. EM SAUDE-BLVGS;339039;500;11000.00;11365;3.3.90.39.00.00
02;02016;FUNDO MUNICIPAL DE SAÚDE;10;305;1017;2033;DESENV AS ATIVI DO BLOCO DE VIGIL. EM SAUDE-BLVGS;339039;600;1100.00;11632;3.3.90.39.00.00
02;02017;FUNDO MUNIC DE ASSIST E SERVICO SOCIAL;08;122;2001;2120;GESTÃO ADMINISTRATIVA DO FUNDO DE ASSISTÊNCIA SOCIAL;319004;500;55000.00;11352;3.1.90.04.00.00
02;02017;FUNDO MUNIC DE ASSIST E SERVICO SOCIAL;08;122;2001;2120;GESTÃO ADMINISTRATIVA DO FUNDO DE ASSISTÊNCIA SOCIAL;319011;500;605000.00;11353;3.1.90.11.00.00
02;02017;FUNDO MUNIC DE ASSIST E SERVICO SOCIAL;08;122;2001;2120;GESTÃO ADMINISTRATIVA DO FUNDO DE ASSISTÊNCIA SOCIAL;319013;500;44000.00;11354;3.1.90.13.00.00
02;02017;FUNDO MUNIC DE ASSIST E SERVICO SOCIAL;08;122;2001;2120;GESTÃO ADMINISTRATIVA DO FUNDO DE ASSISTÊNCIA SOCIAL;319016;500;11000.00;11355;3.1.90.16.00.00
02;02017;FUNDO MUNIC DE ASSIST E SERVICO SOCIAL;08;122;2001;2120;GESTÃO ADMINISTRATIVA DO FUNDO DE ASSISTÊNCIA SOCIAL;319113;500;154000.00;11356;3.1.91.13.00.00
02;02017;FUNDO MUNIC DE ASSIST E SERVICO SOCIAL;08;122;2001;2120;GESTÃO ADMINISTRATIVA DO FUNDO DE ASSISTÊNCIA SOCIAL;339014;500;11000.00;11357;3.3.90.14.00.00
02;02017;FUNDO MUNIC DE ASSIST E SERVICO SOCIAL;08;122;2001;2120;GESTÃO ADMINISTRATIVA DO FUNDO DE ASSISTÊNCIA SOCIAL;339030;500;308000.00;11358;3.3.90.30.00.00
02;02017;FUNDO MUNIC DE ASSIST E SERVICO SOCIAL;08;122;2001;2120;GESTÃO ADMINISTRATIVA DO FUNDO DE ASSISTÊNCIA SOCIAL;339030;710;55000.00;11838;3.3.90.30.00.00
02;02017;FUNDO MUNIC DE ASSIST E SERVICO SOCIAL;08;122;2001;2120;GESTÃO ADMINISTRATIVA DO FUNDO DE ASSISTÊNCIA SOCIAL;339031;500;2200.00;11359;3.3.90.31.00.00
02;02017;FUNDO MUNIC DE ASSIST E SERVICO SOCIAL;08;122;2001;2120;GESTÃO ADMINISTRATIVA DO FUNDO DE ASSISTÊNCIA SOCIAL;339032;500;22000.00;11360;3.3.90.32.00.00
02;02017;FUNDO MUNIC DE ASSIST E SERVICO SOCIAL;08;122;2001;2120;GESTÃO ADMINISTRATIVA DO FUNDO DE ASSISTÊNCIA SOCIAL;339033;500;7700.00;11361;3.3.90.33.00.00
02;02017;FUNDO MUNIC DE ASSIST E SERVICO SOCIAL;08;122;2001;2120;GESTÃO ADMINISTRATIVA DO FUNDO DE ASSISTÊNCIA SOCIAL;339036;500;88000.00;11362;3.3.90.36.00.00
02;02017;FUNDO MUNIC DE ASSIST E SERVICO SOCIAL;08;122;2001;2120;GESTÃO ADMINISTRATIVA DO FUNDO DE ASSISTÊNCIA SOCIAL;339036;660;3300.00;11763;3.3.90.36.00.00
02;02017;FUNDO MUNIC DE ASSIST E SERVICO SOCIAL;08;122;2001;2120;GESTÃO ADMINISTRATIVA DO FUNDO DE ASSISTÊNCIA SOCIAL;339036;710;33000.00;11839;3.3.90.36.00.00
02;02017;FUNDO MUNIC DE ASSIST E SERVICO SOCIAL;08;122;2001;2120;GESTÃO ADMINISTRATIVA DO FUNDO DE ASSISTÊNCIA SOCIAL;339039;500;150700.00;11366;3.3.90.39.00.00
02;02017;FUNDO MUNIC DE ASSIST E SERVICO SOCIAL;08;122;2001;2120;GESTÃO ADMINISTRATIVA DO FUNDO DE ASSISTÊNCIA SOCIAL;339039;660;4400.00;11762;3.3.90.39.00.00
02;02017;FUNDO MUNIC DE ASSIST E SERVICO SOCIAL;08;122;2001;2120;GESTÃO ADMINISTRATIVA DO FUNDO DE ASSISTÊNCIA SOCIAL;339039;710;33000.00;11840;3.3.90.39.00.00
02;02017;FUNDO MUNIC DE ASSIST E SERVICO SOCIAL;08;122;2001;2120;GESTÃO ADMINISTRATIVA DO FUNDO DE ASSISTÊNCIA SOCIAL;339047;500;7700.00;11367;3.3.90.47.00.00
02;02017;FUNDO MUNIC DE ASSIST E SERVICO SOCIAL;08;122;2001;2120;GESTÃO ADMINISTRATIVA DO FUNDO DE ASSISTÊNCIA SOCIAL;339047;660;7700.00;11791;3.3.90.47.00.00
02;02017;FUNDO MUNIC DE ASSIST E SERVICO SOCIAL;08;122;2001;2120;GESTÃO ADMINISTRATIVA DO FUNDO DE ASSISTÊNCIA SOCIAL;339048;500;7700.00;11368;3.3.90.48.00.00
02;02017;FUNDO MUNIC DE ASSIST E SERVICO SOCIAL;08;122;2001;2120;GESTÃO ADMINISTRATIVA DO FUNDO DE ASSISTÊNCIA SOCIAL;339048;660;7700.00;11790;3.3.90.48.00.00
02;02017;FUNDO MUNIC DE ASSIST E SERVICO SOCIAL;08;122;2001;2120;GESTÃO ADMINISTRATIVA DO FUNDO DE ASSISTÊNCIA SOCIAL;339091;500;11000.00;10917;3.3.90.91.00.00
02;02017;FUNDO MUNIC DE ASSIST E SERVICO SOCIAL;08;122;2001;2120;GESTÃO ADMINISTRATIVA DO FUNDO DE ASSISTÊNCIA SOCIAL;339092;500;6600.00;11369;3.3.90.92.00.00
02;02017;FUNDO MUNIC DE ASSIST E SERVICO SOCIAL;08;122;2001;2120;GESTÃO ADMINISTRATIVA DO FUNDO DE ASSISTÊNCIA SOCIAL;339092;660;6930.00;11789;3.3.90.92.00.00
02;02017;FUNDO MUNIC DE ASSIST E SERVICO SOCIAL;08;122;2001;2120;GESTÃO ADMINISTRATIVA DO FUNDO DE ASSISTÊNCIA SOCIAL;339093;500;6930.00;11370;3.3.90.93.00.00
02;02017;FUNDO MUNIC DE ASSIST E SERVICO SOCIAL;08;122;2001;2120;GESTÃO ADMINISTRATIVA DO FUNDO DE ASSISTÊNCIA SOCIAL;339093;660;6930.00;11788;3.3.90.93.00.00
02;02017;FUNDO MUNIC DE ASSIST E SERVICO SOCIAL;08;122;2001;2120;GESTÃO ADMINISTRATIVA DO FUNDO DE ASSISTÊNCIA SOCIAL;449052;500;6930.00;11371;4.4.90.52.00.00
02;02017;FUNDO MUNIC DE ASSIST E SERVICO SOCIAL;08;122;2001;2120;GESTÃO ADMINISTRATIVA DO FUNDO DE ASSISTÊNCIA SOCIAL;449052;710;35739.73;11841;4.4.90.52.00.00
02;02017;FUNDO MUNIC DE ASSIST E SERVICO SOCIAL;08;243;5000;2118;PRIMEIRA INFÂNCIA NO SUAS – CRIANÇA FELIZ;319004;500;5500.00;11393;3.1.90.04.00.00
02;02017;FUNDO MUNIC DE ASSIST E SERVICO SOCIAL;08;243;5000;2118;PRIMEIRA INFÂNCIA NO SUAS – CRIANÇA FELIZ;319004;660;165000.00;11778;3.1.90.04.00.00
02;02017;FUNDO MUNIC DE ASSIST E SERVICO SOCIAL;08;243;5000;2118;PRIMEIRA INFÂNCIA NO SUAS – CRIANÇA FELIZ;319011;500;12100.00;11394;3.1.90.11.00.00
02;02017;FUNDO MUNIC DE ASSIST E SERVICO SOCIAL;08;243;5000;2118;PRIMEIRA INFÂNCIA NO SUAS – CRIANÇA FELIZ;319011;660;6600.00;11777;3.1.90.11.00.00
02;02017;FUNDO MUNIC DE ASSIST E SERVICO SOCIAL;08;243;5000;2118;PRIMEIRA INFÂNCIA NO SUAS – CRIANÇA FELIZ;319013;500;44000.00;11395;3.1.90.13.00.00
02;02017;FUNDO MUNIC DE ASSIST E SERVICO SOCIAL;08;243;5000;2118;PRIMEIRA INFÂNCIA NO SUAS – CRIANÇA FELIZ;319013;660;13200.00;11776;3.1.90.13.00.00
02;02017;FUNDO MUNIC DE ASSIST E SERVICO SOCIAL;08;243;5000;2118;PRIMEIRA INFÂNCIA NO SUAS – CRIANÇA FELIZ;339014;500;2200.00;11396;3.3.90.14.00.00
02;02017;FUNDO MUNIC DE ASSIST E SERVICO SOCIAL;08;243;5000;2118;PRIMEIRA INFÂNCIA NO SUAS – CRIANÇA FELIZ;339014;660;3300.00;11775;3.3.90.14.00.00
02;02017;FUNDO MUNIC DE ASSIST E SERVICO SOCIAL;08;243;5000;2118;PRIMEIRA INFÂNCIA NO SUAS – CRIANÇA FELIZ;339030;500;13200.00;11397;3.3.90.30.00.00
02;02017;FUNDO MUNIC DE ASSIST E SERVICO SOCIAL;08;243;5000;2118;PRIMEIRA INFÂNCIA NO SUAS – CRIANÇA FELIZ;339030;660;13200.00;11774;3.3.90.30.00.00
02;02017;FUNDO MUNIC DE ASSIST E SERVICO SOCIAL;08;243;5000;2118;PRIMEIRA INFÂNCIA NO SUAS – CRIANÇA FELIZ;339036;500;13200.00;11398;3.3.90.36.00.00
02;02017;FUNDO MUNIC DE ASSIST E SERVICO SOCIAL;08;243;5000;2118;PRIMEIRA INFÂNCIA NO SUAS – CRIANÇA FELIZ;339036;660;24200.00;11773;3.3.90.36.00.00
02;02017;FUNDO MUNIC DE ASSIST E SERVICO SOCIAL;08;243;5000;2118;PRIMEIRA INFÂNCIA NO SUAS – CRIANÇA FELIZ;339039;500;7700.00;11399;3.3.90.39.00.00
02;02017;FUNDO MUNIC DE ASSIST E SERVICO SOCIAL;08;243;5000;2118;PRIMEIRA INFÂNCIA NO SUAS – CRIANÇA FELIZ;339039;660;39600.00;11772;3.3.90.39.00.00
02;02017;FUNDO MUNIC DE ASSIST E SERVICO SOCIAL;08;244;1005;2123;BLOCO DE PROTEÇÃO SOCIAL ESPECIAL DE MÉDIA E ALTA COMPLEXIDADE(MAC);319004;660;116600.00;11768;3.1.90.04.00.00
02;02017;FUNDO MUNIC DE ASSIST E SERVICO SOCIAL;08;244;1005;2123;BLOCO DE PROTEÇÃO SOCIAL ESPECIAL DE MÉDIA E ALTA COMPLEXIDADE(MAC);319011;660;19800.00;11769;3.1.90.11.00.00
02;02017;FUNDO MUNIC DE ASSIST E SERVICO SOCIAL;08;244;1005;2123;BLOCO DE PROTEÇÃO SOCIAL ESPECIAL DE MÉDIA E ALTA COMPLEXIDADE(MAC);319013;660;38500.00;11770;3.1.90.13.00.00
02;02017;FUNDO MUNIC DE ASSIST E SERVICO SOCIAL;08;244;1005;2123;BLOCO DE PROTEÇÃO SOCIAL ESPECIAL DE MÉDIA E ALTA COMPLEXIDADE(MAC);319113;660;6600.00;11771;3.1.91.13.00.00
02;02017;FUNDO MUNIC DE ASSIST E SERVICO SOCIAL;08;244;1005;2123;BLOCO DE PROTEÇÃO SOCIAL ESPECIAL DE MÉDIA E ALTA COMPLEXIDADE(MAC);339014;500;2200.00;11408;3.3.90.14.00.00
02;02017;FUNDO MUNIC DE ASSIST E SERVICO SOCIAL;08;244;1005;2123;BLOCO DE PROTEÇÃO SOCIAL ESPECIAL DE MÉDIA E ALTA COMPLEXIDADE(MAC);339014;660;3300.00;11767;3.3.90.14.00.00
02;02017;FUNDO MUNIC DE ASSIST E SERVICO SOCIAL;08;244;1005;2123;BLOCO DE PROTEÇÃO SOCIAL ESPECIAL DE MÉDIA E ALTA COMPLEXIDADE(MAC);339030;500;12100.00;11409;3.3.90.30.00.00
02;02017;FUNDO MUNIC DE ASSIST E SERVICO SOCIAL;08;244;1005;2123;BLOCO DE PROTEÇÃO SOCIAL ESPECIAL DE MÉDIA E ALTA COMPLEXIDADE(MAC);339030;660;88000.00;11766;3.3.90.30.00.00
02;02017;FUNDO MUNIC DE ASSIST E SERVICO SOCIAL;08;244;1005;2123;BLOCO DE PROTEÇÃO SOCIAL ESPECIAL DE MÉDIA E ALTA COMPLEXIDADE(MAC);339036;500;24200.00;11410;3.3.90.36.00.00
02;02017;FUNDO MUNIC DE ASSIST E SERVICO SOCIAL;08;244;1005;2123;BLOCO DE PROTEÇÃO SOCIAL ESPECIAL DE MÉDIA E ALTA COMPLEXIDADE(MAC);339036;660;71500.00;11765;3.3.90.36.00.00
02;02017;FUNDO MUNIC DE ASSIST E SERVICO SOCIAL;08;244;1005;2123;BLOCO DE PROTEÇÃO SOCIAL ESPECIAL DE MÉDIA E ALTA COMPLEXIDADE(MAC);339039;500;13200.00;11411;3.3.90.39.00.00
02;02017;FUNDO MUNIC DE ASSIST E SERVICO SOCIAL;08;244;1005;2123;BLOCO DE PROTEÇÃO SOCIAL ESPECIAL DE MÉDIA E ALTA COMPLEXIDADE(MAC);339039;660;45100.00;11764;3.3.90.39.00.00
02;02017;FUNDO MUNIC DE ASSIST E SERVICO SOCIAL;08;244;1005;2123;BLOCO DE PROTEÇÃO SOCIAL ESPECIAL DE MÉDIA E ALTA COMPLEXIDADE(MAC);339047;500;3300.00;11412;3.3.90.47.00.00
02;02017;FUNDO MUNIC DE ASSIST E SERVICO SOCIAL;08;244;1005;2123;BLOCO DE PROTEÇÃO SOCIAL ESPECIAL DE MÉDIA E ALTA COMPLEXIDADE(MAC);339047;660;3300.00;11821;3.3.90.47.00.00
02;02017;FUNDO MUNIC DE ASSIST E SERVICO SOCIAL;08;244;1005;2123;BLOCO DE PROTEÇÃO SOCIAL ESPECIAL DE MÉDIA E ALTA COMPLEXIDADE(MAC);339091;500;6600.00;11413;3.3.90.91.00.00
02;02017;FUNDO MUNIC DE ASSIST E SERVICO SOCIAL;08;244;1005;2123;BLOCO DE PROTEÇÃO SOCIAL ESPECIAL DE MÉDIA E ALTA COMPLEXIDADE(MAC);339091;660;2200.00;11820;3.3.90.91.00.00
02;02017;FUNDO MUNIC DE ASSIST E SERVICO SOCIAL;08;244;1005;2123;BLOCO DE PROTEÇÃO SOCIAL ESPECIAL DE MÉDIA E ALTA COMPLEXIDADE(MAC);449052;660;3300.00;11819;4.4.90.52.00.00
02;02017;FUNDO MUNIC DE ASSIST E SERVICO SOCIAL;08;244;1006;2121;BLOCO DE GESTÃO DO SUAS;319004;660;16500.00;11923;3.1.90.04.00.00
02;02017;FUNDO MUNIC DE ASSIST E SERVICO SOCIAL;08;244;1006;2121;BLOCO DE GESTÃO DO SUAS;319011;660;27500.00;11924;3.1.90.11.00.00
02;02017;FUNDO MUNIC DE ASSIST E SERVICO SOCIAL;08;244;1006;2121;BLOCO DE GESTÃO DO SUAS;319013;660;5500.00;11925;3.1.90.13.00.00
02;02017;FUNDO MUNIC DE ASSIST E SERVICO SOCIAL;08;244;1006;2121;BLOCO DE GESTÃO DO SUAS;319113;660;7700.00;11926;3.1.91.13.00.00
02;02017;FUNDO MUNIC DE ASSIST E SERVICO SOCIAL;08;244;1006;2121;BLOCO DE GESTÃO DO SUAS;339014;660;1650.00;11927;3.3.90.14.00.00
02;02017;FUNDO MUNIC DE ASSIST E SERVICO SOCIAL;08;244;1006;2121;BLOCO DE GESTÃO DO SUAS;339030;660;5500.00;11928;3.3.90.30.00.00
02;02017;FUNDO MUNIC DE ASSIST E SERVICO SOCIAL;08;244;1006;2121;BLOCO DE GESTÃO DO SUAS;339036;660;8800.00;11929;3.3.90.36.00.00
02;02017;FUNDO MUNIC DE ASSIST E SERVICO SOCIAL;08;244;1006;2121;BLOCO DE GESTÃO DO SUAS;339039;660;11000.00;11930;3.3.90.39.00.00
02;02017;FUNDO MUNIC DE ASSIST E SERVICO SOCIAL;08;244;1006;2121;BLOCO DE GESTÃO DO SUAS;449052;660;5500.00;11931;4.4.90.52.00.00
02;02017;FUNDO MUNIC DE ASSIST E SERVICO SOCIAL;08;244;1006;2122;BLOCO DE GESTÃO DO PROGRAMA BOLSA FAMILIA E CADASTRO UNICO;319004;660;121000.00;11814;3.1.90.04.00.00
02;02017;FUNDO MUNIC DE ASSIST E SERVICO SOCIAL;08;244;1006;2122;BLOCO DE GESTÃO DO PROGRAMA BOLSA FAMILIA E CADASTRO UNICO;319011;660;7700.00;11815;3.1.90.11.00.00
02;02017;FUNDO MUNIC DE ASSIST E SERVICO SOCIAL;08;244;1006;2122;BLOCO DE GESTÃO DO PROGRAMA BOLSA FAMILIA E CADASTRO UNICO;319013;660;18700.00;11816;3.1.90.13.00.00
02;02017;FUNDO MUNIC DE ASSIST E SERVICO SOCIAL;08;244;1006;2122;BLOCO DE GESTÃO DO PROGRAMA BOLSA FAMILIA E CADASTRO UNICO;319113;660;6600.00;11817;3.1.91.13.00.00
02;02017;FUNDO MUNIC DE ASSIST E SERVICO SOCIAL;08;244;1006;2122;BLOCO DE GESTÃO DO PROGRAMA BOLSA FAMILIA E CADASTRO UNICO;339014;500;3300.00;11419;3.3.90.14.00.00
02;02017;FUNDO MUNIC DE ASSIST E SERVICO SOCIAL;08;244;1006;2122;BLOCO DE GESTÃO DO PROGRAMA BOLSA FAMILIA E CADASTRO UNICO;339014;660;8800.00;11813;3.3.90.14.00.00
02;02017;FUNDO MUNIC DE ASSIST E SERVICO SOCIAL;08;244;1006;2122;BLOCO DE GESTÃO DO PROGRAMA BOLSA FAMILIA E CADASTRO UNICO;339030;500;15400.00;11420;3.3.90.30.00.00
02;02017;FUNDO MUNIC DE ASSIST E SERVICO SOCIAL;08;244;1006;2122;BLOCO DE GESTÃO DO PROGRAMA BOLSA FAMILIA E CADASTRO UNICO;339030;660;84040.00;11812;3.3.90.30.00.00
02;02017;FUNDO MUNIC DE ASSIST E SERVICO SOCIAL;08;244;1006;2122;BLOCO DE GESTÃO DO PROGRAMA BOLSA FAMILIA E CADASTRO UNICO;339030;701;5500.00;11932;3.3.90.30.00.00
02;02017;FUNDO MUNIC DE ASSIST E SERVICO SOCIAL;08;244;1006;2122;BLOCO DE GESTÃO DO PROGRAMA BOLSA FAMILIA E CADASTRO UNICO;339032;500;2200.00;11421;3.3.90.32.00.00
02;02017;FUNDO MUNIC DE ASSIST E SERVICO SOCIAL;08;244;1006;2122;BLOCO DE GESTÃO DO PROGRAMA BOLSA FAMILIA E CADASTRO UNICO;339036;500;24200.00;11422;3.3.90.36.00.00
02;02017;FUNDO MUNIC DE ASSIST E SERVICO SOCIAL;08;244;1006;2122;BLOCO DE GESTÃO DO PROGRAMA BOLSA FAMILIA E CADASTRO UNICO;339036;660;62700.00;11811;3.3.90.36.00.00
02;02017;FUNDO MUNIC DE ASSIST E SERVICO SOCIAL;08;244;1006;2122;BLOCO DE GESTÃO DO PROGRAMA BOLSA FAMILIA E CADASTRO UNICO;339036;701;1650.00;11933;3.3.90.36.00.00
02;02017;FUNDO MUNIC DE ASSIST E SERVICO SOCIAL;08;244;1006;2122;BLOCO DE GESTÃO DO PROGRAMA BOLSA FAMILIA E CADASTRO UNICO;339039;500;30800.00;11423;3.3.90.39.00.00
02;02017;FUNDO MUNIC DE ASSIST E SERVICO SOCIAL;08;244;1006;2122;BLOCO DE GESTÃO DO PROGRAMA BOLSA FAMILIA E CADASTRO UNICO;339039;660;211860.00;11810;3.3.90.39.00.00
02;02017;FUNDO MUNIC DE ASSIST E SERVICO SOCIAL;08;244;1006;2122;BLOCO DE GESTÃO DO PROGRAMA BOLSA FAMILIA E CADASTRO UNICO;339039;701;2750.00;11934;3.3.90.39.00.00
02;02017;FUNDO MUNIC DE ASSIST E SERVICO SOCIAL;08;244;1006;2122;BLOCO DE GESTÃO DO PROGRAMA BOLSA FAMILIA E CADASTRO UNICO;339047;500;3300.00;11424;3.3.90.47.00.00
02;02017;FUNDO MUNIC DE ASSIST E SERVICO SOCIAL;08;244;1006;2122;BLOCO DE GESTÃO DO PROGRAMA BOLSA FAMILIA E CADASTRO UNICO;339047;660;3300.00;11809;3.3.90.47.00.00
02;02017;FUNDO MUNIC DE ASSIST E SERVICO SOCIAL;08;244;1006;2122;BLOCO DE GESTÃO DO PROGRAMA BOLSA FAMILIA E CADASTRO UNICO;339091;500;5500.00;10918;3.3.90.91.00.00
02;02017;FUNDO MUNIC DE ASSIST E SERVICO SOCIAL;08;244;1006;2122;BLOCO DE GESTÃO DO PROGRAMA BOLSA FAMILIA E CADASTRO UNICO;339091;660;5500.00;11823;3.3.90.91.00.00
02;02017;FUNDO MUNIC DE ASSIST E SERVICO SOCIAL;08;244;1006;2122;BLOCO DE GESTÃO DO PROGRAMA BOLSA FAMILIA E CADASTRO UNICO;339092;500;3300.00;11425;3.3.90.92.00.00
02;02017;FUNDO MUNIC DE ASSIST E SERVICO SOCIAL;08;244;1006;2122;BLOCO DE GESTÃO DO PROGRAMA BOLSA FAMILIA E CADASTRO UNICO;339092;660;3300.00;11808;3.3.90.92.00.00
02;02017;FUNDO MUNIC DE ASSIST E SERVICO SOCIAL;08;244;1006;2122;BLOCO DE GESTÃO DO PROGRAMA BOLSA FAMILIA E CADASTRO UNICO;449052;500;7700.00;11426;4.4.90.52.00.00
02;02017;FUNDO MUNIC DE ASSIST E SERVICO SOCIAL;08;244;1006;2122;BLOCO DE GESTÃO DO PROGRAMA BOLSA FAMILIA E CADASTRO UNICO;449052;660;16610.00;11807;4.4.90.52.00.00
02;02017;FUNDO MUNIC DE ASSIST E SERVICO SOCIAL;08;244;1006;2124;GESTÃO DE BENEFICIOS EVENTUAIS;339032;500;132000.00;11417;3.3.90.32.00.00
02;02017;FUNDO MUNIC DE ASSIST E SERVICO SOCIAL;08;244;1006;2124;GESTÃO DE BENEFICIOS EVENTUAIS;339032;660;16500.00;11910;3.3.90.32.00.00
02;02017;FUNDO MUNIC DE ASSIST E SERVICO SOCIAL;08;244;1006;2124;GESTÃO DE BENEFICIOS EVENTUAIS;339032;701;11000.00;11911;3.3.90.32.00.00
02;02017;FUNDO MUNIC DE ASSIST E SERVICO SOCIAL;08;244;1006;2124;GESTÃO DE BENEFICIOS EVENTUAIS;339041;500;55000.00;11913;3.3.90.41.00.00
02;02017;FUNDO MUNIC DE ASSIST E SERVICO SOCIAL;08;244;1006;2124;GESTÃO DE BENEFICIOS EVENTUAIS;339048;500;129800.00;11418;3.3.90.48.00.00
02;02017;FUNDO MUNIC DE ASSIST E SERVICO SOCIAL;08;244;1006;2124;GESTÃO DE BENEFICIOS EVENTUAIS;339048;660;22000.00;11416;3.3.90.48.00.00
02;02017;FUNDO MUNIC DE ASSIST E SERVICO SOCIAL;08;244;1006;2124;GESTÃO DE BENEFICIOS EVENTUAIS;339048;701;16500.00;11912;3.3.90.48.00.00
02;02017;FUNDO MUNIC DE ASSIST E SERVICO SOCIAL;08;244;1006;2126;FORTALECIMENTO DO CONTROLE SOCIAL NO SUAS;319004;660;16500.00;11914;3.1.90.04.00.00
02;02017;FUNDO MUNIC DE ASSIST E SERVICO SOCIAL;08;244;1006;2126;FORTALECIMENTO DO CONTROLE SOCIAL NO SUAS;319011;660;27500.00;11915;3.1.90.11.00.00
02;02017;FUNDO MUNIC DE ASSIST E SERVICO SOCIAL;08;244;1006;2126;FORTALECIMENTO DO CONTROLE SOCIAL NO SUAS;319013;660;8800.00;11916;3.1.90.13.00.00
02;02017;FUNDO MUNIC DE ASSIST E SERVICO SOCIAL;08;244;1006;2126;FORTALECIMENTO DO CONTROLE SOCIAL NO SUAS;319113;660;7700.00;11917;3.1.91.13.00.00
02;02017;FUNDO MUNIC DE ASSIST E SERVICO SOCIAL;08;244;1006;2126;FORTALECIMENTO DO CONTROLE SOCIAL NO SUAS;339014;660;1650.00;11918;3.3.90.14.00.00
02;02017;FUNDO MUNIC DE ASSIST E SERVICO SOCIAL;08;244;1006;2126;FORTALECIMENTO DO CONTROLE SOCIAL NO SUAS;339030;660;5500.00;11919;3.3.90.30.00.00
02;02017;FUNDO MUNIC DE ASSIST E SERVICO SOCIAL;08;244;1006;2126;FORTALECIMENTO DO CONTROLE SOCIAL NO SUAS;339036;660;8800.00;11920;3.3.90.36.00.00
02;02017;FUNDO MUNIC DE ASSIST E SERVICO SOCIAL;08;244;1006;2126;FORTALECIMENTO DO CONTROLE SOCIAL NO SUAS;339039;660;11000.00;11921;3.3.90.39.00.00
02;02017;FUNDO MUNIC DE ASSIST E SERVICO SOCIAL;08;244;1006;2126;FORTALECIMENTO DO CONTROLE SOCIAL NO SUAS;449052;660;5500.00;11922;4.4.90.52.00.00
02;02017;FUNDO MUNIC DE ASSIST E SERVICO SOCIAL;08;244;1031;2125;PROCADSUAS;319004;500;16500.00;11427;3.1.90.04.00.00
02;02017;FUNDO MUNIC DE ASSIST E SERVICO SOCIAL;08;244;1031;2125;PROCADSUAS;319004;660;50600.00;11806;3.1.90.04.00.00
02;02017;FUNDO MUNIC DE ASSIST E SERVICO SOCIAL;08;244;1031;2125;PROCADSUAS;319011;500;16500.00;11428;3.1.90.11.00.00
02;02017;FUNDO MUNIC DE ASSIST E SERVICO SOCIAL;08;244;1031;2125;PROCADSUAS;319011;660;20900.00;11805;3.1.90.11.00.00
02;02017;FUNDO MUNIC DE ASSIST E SERVICO SOCIAL;08;244;1031;2125;PROCADSUAS;319013;500;13200.00;11429;3.1.90.13.00.00
02;02017;FUNDO MUNIC DE ASSIST E SERVICO SOCIAL;08;244;1031;2125;PROCADSUAS;319013;660;45100.00;11804;3.1.90.13.00.00
02;02017;FUNDO MUNIC DE ASSIST E SERVICO SOCIAL;08;244;1031;2125;PROCADSUAS;319113;500;6600.00;11430;3.1.91.13.00.00
02;02017;FUNDO MUNIC DE ASSIST E SERVICO SOCIAL;08;244;1031;2125;PROCADSUAS;319113;660;6600.00;11803;3.1.91.13.00.00
02;02017;FUNDO MUNIC DE ASSIST E SERVICO SOCIAL;08;244;1031;2125;PROCADSUAS;339030;500;11000.00;11431;3.3.90.30.00.00
02;02017;FUNDO MUNIC DE ASSIST E SERVICO SOCIAL;08;244;1031;2125;PROCADSUAS;339030;660;42900.00;11802;3.3.90.30.00.00
02;02017;FUNDO MUNIC DE ASSIST E SERVICO SOCIAL;08;244;1031;2125;PROCADSUAS;339033;500;6600.00;11432;3.3.90.33.00.00
02;02017;FUNDO MUNIC DE ASSIST E SERVICO SOCIAL;08;244;1031;2125;PROCADSUAS;339036;500;33000.00;11433;3.3.90.36.00.00
02;02017;FUNDO MUNIC DE ASSIST E SERVICO SOCIAL;08;244;1031;2125;PROCADSUAS;339036;660;41800.00;11801;3.3.90.36.00.00
02;02017;FUNDO MUNIC DE ASSIST E SERVICO SOCIAL;08;244;1031;2125;PROCADSUAS;339039;500;17600.00;11434;3.3.90.39.00.00
02;02017;FUNDO MUNIC DE ASSIST E SERVICO SOCIAL;08;244;1031;2125;PROCADSUAS;339039;660;33000.00;11800;3.3.90.39.00.00
02;02017;FUNDO MUNIC DE ASSIST E SERVICO SOCIAL;08;244;1032;2095;MANUTENCAO BLOCO DE PROTECAO SOCIAL BASICA;319004;660;107800.00;11799;3.1.90.04.00.00
02;02017;FUNDO MUNIC DE ASSIST E SERVICO SOCIAL;08;244;1032;2095;MANUTENCAO BLOCO DE PROTECAO SOCIAL BASICA;319011;660;19800.00;11798;3.1.90.11.00.00
02;02017;FUNDO MUNIC DE ASSIST E SERVICO SOCIAL;08;244;1032;2095;MANUTENCAO BLOCO DE PROTECAO SOCIAL BASICA;319013;660;14300.00;11797;3.1.90.13.00.00
02;02017;FUNDO MUNIC DE ASSIST E SERVICO SOCIAL;08;244;1032;2095;MANUTENCAO BLOCO DE PROTECAO SOCIAL BASICA;319113;500;6600.00;11438;3.1.91.13.00.00
02;02017;FUNDO MUNIC DE ASSIST E SERVICO SOCIAL;08;244;1032;2095;MANUTENCAO BLOCO DE PROTECAO SOCIAL BASICA;319113;660;6600.00;11796;3.1.91.13.00.00
02;02017;FUNDO MUNIC DE ASSIST E SERVICO SOCIAL;08;244;1032;2095;MANUTENCAO BLOCO DE PROTECAO SOCIAL BASICA;339030;660;72600.00;11795;3.3.90.30.00.00
02;02017;FUNDO MUNIC DE ASSIST E SERVICO SOCIAL;08;244;1032;2095;MANUTENCAO BLOCO DE PROTECAO SOCIAL BASICA;339030;701;5500.00;11935;3.3.90.30.00.00
02;02017;FUNDO MUNIC DE ASSIST E SERVICO SOCIAL;08;244;1032;2095;MANUTENCAO BLOCO DE PROTECAO SOCIAL BASICA;339036;500;33000.00;11443;3.3.90.36.00.00
02;02017;FUNDO MUNIC DE ASSIST E SERVICO SOCIAL;08;244;1032;2095;MANUTENCAO BLOCO DE PROTECAO SOCIAL BASICA;339036;660;12100.00;11794;3.3.90.36.00.00
02;02017;FUNDO MUNIC DE ASSIST E SERVICO SOCIAL;08;244;1032;2095;MANUTENCAO BLOCO DE PROTECAO SOCIAL BASICA;339036;701;5500.00;11936;3.3.90.36.00.00
02;02017;FUNDO MUNIC DE ASSIST E SERVICO SOCIAL;08;244;1032;2095;MANUTENCAO BLOCO DE PROTECAO SOCIAL BASICA;339039;500;12100.00;11444;3.3.90.39.00.00
02;02017;FUNDO MUNIC DE ASSIST E SERVICO SOCIAL;08;244;1032;2095;MANUTENCAO BLOCO DE PROTECAO SOCIAL BASICA;339039;660;39600.00;11793;3.3.90.39.00.00
02;02017;FUNDO MUNIC DE ASSIST E SERVICO SOCIAL;08;244;1032;2095;MANUTENCAO BLOCO DE PROTECAO SOCIAL BASICA;449052;701;8800.00;11937;4.4.90.52.00.00
02;02017;FUNDO MUNIC DE ASSIST E SERVICO SOCIAL;08;244;2001;2065;CAPACITACAO DE SERVIDORES - FMAS;339030;500;7700.00;11439;3.3.90.30.00.00
02;02017;FUNDO MUNIC DE ASSIST E SERVICO SOCIAL;08;244;2001;2065;CAPACITACAO DE SERVIDORES - FMAS;339036;500;8800.00;11440;3.3.90.36.00.00
02;02017;FUNDO MUNIC DE ASSIST E SERVICO SOCIAL;08;244;2001;2065;CAPACITACAO DE SERVIDORES - FMAS;339039;500;8800.00;11441;3.3.90.39.00.00
02;02018;FUNDO DE PREV. SOCIAL DOS SERVIDORES DE ESPERANCA;09;272;2002;1046;AQUISICAO DE EQUIPAMENTOS P/ O FUNPREVE;449052;802;61600.00;11852;4.4.90.52.00.00
02;02018;FUNDO DE PREV. SOCIAL DOS SERVIDORES DE ESPERANCA;09;272;2002;1047;CONSTRUCAO DE SEDE DO FUNPREVE;449051;802;275000.00;11853;4.4.90.51.00.00
02;02018;FUNDO DE PREV. SOCIAL DOS SERVIDORES DE ESPERANCA;09;272;2002;2057;MANUTENCAO E COORDENACAO DO FUNPREVE;319011;802;200200.00;11854;3.1.90.11.00.00
02;02018;FUNDO DE PREV. SOCIAL DOS SERVIDORES DE ESPERANCA;09;272;2002;2057;MANUTENCAO E COORDENACAO DO FUNPREVE;319013;802;41800.00;11855;3.1.90.13.00.00
02;02018;FUNDO DE PREV. SOCIAL DOS SERVIDORES DE ESPERANCA;09;272;2002;2057;MANUTENCAO E COORDENACAO DO FUNPREVE;319091;802;18700.00;11856;3.1.90.91.00.00
02;02018;FUNDO DE PREV. SOCIAL DOS SERVIDORES DE ESPERANCA;09;272;2002;2057;MANUTENCAO E COORDENACAO DO FUNPREVE;319113;802;18700.00;11857;3.1.91.13.00.00
02;02018;FUNDO DE PREV. SOCIAL DOS SERVIDORES DE ESPERANCA;09;272;2002;2057;MANUTENCAO E COORDENACAO DO FUNPREVE;339014;802;6600.00;11858;3.3.90.14.00.00
02;02018;FUNDO DE PREV. SOCIAL DOS SERVIDORES DE ESPERANCA;09;272;2002;2057;MANUTENCAO E COORDENACAO DO FUNPREVE;339030;802;25300.00;11859;3.3.90.30.00.00
02;02018;FUNDO DE PREV. SOCIAL DOS SERVIDORES DE ESPERANCA;09;272;2002;2057;MANUTENCAO E COORDENACAO DO FUNPREVE;339033;802;6600.00;11860;3.3.90.33.00.00
02;02018;FUNDO DE PREV. SOCIAL DOS SERVIDORES DE ESPERANCA;09;272;2002;2057;MANUTENCAO E COORDENACAO DO FUNPREVE;339035;802;176000.00;11861;3.3.90.35.00.00
02;02018;FUNDO DE PREV. SOCIAL DOS SERVIDORES DE ESPERANCA;09;272;2002;2057;MANUTENCAO E COORDENACAO DO FUNPREVE;339036;802;31900.00;11862;3.3.90.36.00.00
02;02018;FUNDO DE PREV. SOCIAL DOS SERVIDORES DE ESPERANCA;09;272;2002;2057;MANUTENCAO E COORDENACAO DO FUNPREVE;339039;802;221100.00;11863;3.3.90.39.00.00
02;02018;FUNDO DE PREV. SOCIAL DOS SERVIDORES DE ESPERANCA;09;272;2002;2057;MANUTENCAO E COORDENACAO DO FUNPREVE;339047;802;5500.00;11864;3.3.90.47.00.00
02;02018;FUNDO DE PREV. SOCIAL DOS SERVIDORES DE ESPERANCA;09;272;2002;2057;MANUTENCAO E COORDENACAO DO FUNPREVE;339098;802;13200.00;11865;3.3.90.98.00.00
02;02018;FUNDO DE PREV. SOCIAL DOS SERVIDORES DE ESPERANCA;09;272;2002;2058;BENEFICIOS A SEGURADOS;339035;802;132000.00;11866;3.3.90.35.00.00
02;02018;FUNDO DE PREV. SOCIAL DOS SERVIDORES DE ESPERANCA;09;272;2002;2059;ENCARGOS COM INATIVOS E PENSIONISTAS;319001;800;19453500.00;11850;3.1.90.01.00.00
02;02018;FUNDO DE PREV. SOCIAL DOS SERVIDORES DE ESPERANCA;09;272;2002;2059;ENCARGOS COM INATIVOS E PENSIONISTAS;319003;800;3118500.00;11851;3.1.90.03.00.00
02;02018;FUNDO DE PREV. SOCIAL DOS SERVIDORES DE ESPERANCA;09;272;2002;2059;ENCARGOS COM INATIVOS E PENSIONISTAS;339039;800;6600000.00;11849;3.3.90.39.00.00
02;02018;FUNDO DE PREV. SOCIAL DOS SERVIDORES DE ESPERANCA;99;997;9000;9001;RESERVA ADMINISTRATIVA DO RPPS;999999;800;165000.00;11847;9.9.99.99.00.00
02;02018;FUNDO DE PREV. SOCIAL DOS SERVIDORES DE ESPERANCA;99;997;9000;9002;RESERVA PREVIDENCIARIA DO RPPS;999999;800;165000.00;11848;9.9.99.99.00.00
02;02019;RESERVA DE CONTINGENCIA;99;999;9000;9003;RESERVA DE CONTIGENCIA PME;999099;500;2044968.34;11446;9.9.90.99.00.00
